Time,ID,x,y,u,v,x_target,y_target,error_x,error_y,Distance to Target,Time/Total Time,Non-Dimensional Target Proximity,error_x_norm,error_y_norm,Heading-Bearing Correlation
0.0,1,13.2,13.1,,,-19.28,1.22,-32.48,-11.88,34.584,0.0,0.865,-0.939,-0.344,
0.1,1,13.2,13.1,-0.3,-0.7,-19.37,1.12,-32.57,-11.98,34.703,0.001,0.868,-0.939,-0.345,0.6866141732283463
0.2,1,13.1,13.0,-0.4,-0.8,-19.5,1.17,-32.6,-11.83,34.68,0.002,0.867,-0.94,-0.341,0.7257270693512304
0.3,1,13.1,12.9,-0.4,-0.8,-19.63,1.21,-32.73,-11.69,34.755,0.003,0.869,-0.942,-0.336,0.7221476510067114
0.4,1,13.1,12.8,-0.2,-0.9,-19.53,1.31,-32.63,-11.49,34.594,0.004,0.865,-0.943,-0.332,0.5286334056399132
0.5,1,13.0,12.8,-0.2,-0.7,-19.56,1.44,-32.56,-11.36,34.485,0.005,0.862,-0.944,-0.329,0.5756868131868133
0.6,1,13.0,12.7,-0.4,-0.7,-19.49,1.33,-32.49,-11.37,34.422,0.006,0.861,-0.944,-0.33,0.7550868486352357
0.7,1,13.0,12.6,-0.3,-0.9,-19.36,1.38,-32.36,-11.22,34.25,0.007,0.856,-0.945,-0.328,0.6097997892518441
0.8,1,13.0,12.5,-0.2,-0.9,-19.49,1.33,-32.49,-11.17,34.356,0.008,0.859,-0.946,-0.325,0.5224511930585684
0.9,1,12.9,12.4,-0.4,-0.9,-19.57,1.43,-32.47,-10.97,34.273,0.009,0.857,-0.947,-0.32,0.6769543147208122
1.0,1,12.9,12.4,-0.2,-0.7,-19.65,1.32,-32.55,-11.08,34.384,0.01,0.86,-0.947,-0.322,0.5697802197802198
1.1,1,12.9,12.3,-0.3,-0.9,-19.64,1.45,-32.54,-10.85,34.301,0.011,0.858,-0.949,-0.316,0.5996838777660695
1.2,1,12.8,12.2,-0.2,-0.7,-19.66,1.32,-32.46,-10.88,34.235,0.012,0.856,-0.948,-0.318,0.5662087912087912
1.3,1,12.8,12.1,-0.3,-0.9,-19.53,1.33,-32.33,-10.77,34.077,0.013,0.852,-0.949,-0.316,0.5996838777660695
1.4,1,12.8,12.0,-0.3,-0.9,-19.49,1.2,-32.29,-10.8,34.048,0.014,0.851,-0.948,-0.317,0.6003161222339305
1.5,1,12.8,11.9,-0.2,-0.8,-19.42,1.32,-32.22,-10.58,33.913,0.015,0.848,-0.95,-0.312,0.5328484848484849
1.6,1,12.7,11.9,-0.3,-0.8,-19.47,1.2,-32.17,-10.7,33.903,0.016,0.848,-0.949,-0.316,0.6293911007025761
1.7,1,12.7,11.8,-0.5,-0.7,-19.41,1.31,-32.11,-10.49,33.78,0.017,0.844,-0.951,-0.311,0.8060465116279069
1.8,1,12.6,11.7,-0.4,-0.8,-19.52,1.39,-32.12,-10.31,33.734,0.018,0.843,-0.952,-0.306,0.6997762863534676
1.9,1,12.6,11.6,-0.3,-0.9,-19.45,1.5,-32.05,-10.1,33.604,0.019,0.84,-0.954,-0.301,0.5870389884088514
2.0,1,12.6,11.5,-0.2,-0.9,-19.43,1.37,-32.03,-10.13,33.594,0.02,0.84,-0.953,-0.302,0.5015184381778741
2.1,1,12.6,11.6,0.1,0.3,-19.5,1.48,-32.1,-10.12,33.657,0.021,0.841,-0.954,-0.301,-0.5876582278481012
2.2,1,12.6,11.6,0.1,0.4,-19.54,1.61,-32.14,-9.99,33.657,0.022,0.841,-0.955,-0.297,-0.5201456310679612
2.3,1,12.5,11.6,-0.8,0.1,-19.52,1.48,-32.02,-10.12,33.581,0.023,0.84,-0.954,-0.301,0.9095533498759304
2.4,1,12.6,11.6,0.6,-0.3,-19.61,1.57,-32.21,-10.03,33.736,0.024,0.843,-0.955,-0.297,-0.7211624441132637
2.5,1,12.5,11.5,-0.5,-0.5,-19.5,1.65,-32.0,-9.85,33.482,0.025,0.837,-0.956,-0.294,0.8840169731258841
2.6,1,12.5,11.5,-0.6,-0.6,-19.63,1.64,-32.13,-9.86,33.609,0.026,0.84,-0.956,-0.293,0.8826855123674912
2.7,1,12.4,11.4,-0.6,-0.6,-19.73,1.73,-32.13,-9.67,33.554,0.027,0.839,-0.958,-0.288,0.880565371024735
2.8,1,12.4,11.3,-0.5,-0.7,-19.79,1.62,-32.19,-9.68,33.614,0.028,0.84,-0.958,-0.288,0.7913953488372093
2.9,1,12.3,11.3,-0.4,-0.6,-19.81,1.48,-32.11,-9.82,33.578,0.029,0.839,-0.956,-0.292,0.773370319001387
3.0,1,12.3,11.2,-0.6,-0.7,-19.69,1.54,-31.99,-9.66,33.417,0.03,0.835,-0.957,-0.289,0.8421908893709327
3.1,1,12.2,11.1,-0.4,-0.6,-19.58,1.46,-31.78,-9.64,33.21,0.031,0.83,-0.957,-0.29,0.772260748959778
3.2,1,12.2,11.1,-0.5,-0.8,-19.65,1.34,-31.85,-9.76,33.312,0.032,0.833,-0.956,-0.293,0.7554612937433721
3.3,1,12.2,11.0,-0.4,-0.7,-19.55,1.25,-31.75,-9.75,33.213,0.033,0.83,-0.956,-0.294,0.7297766749379653
3.4,1,12.1,10.9,-0.5,-0.8,-19.49,1.37,-31.59,-9.53,32.996,0.034,0.825,-0.957,-0.289,0.7525980911983033
3.5,1,12.1,10.8,-0.4,-0.7,-19.62,1.41,-31.72,-9.39,33.081,0.035,0.827,-0.959,-0.284,0.7225806451612903
3.6,1,12.0,10.8,-0.5,-0.5,-19.66,1.54,-31.66,-9.26,32.986,0.036,0.825,-0.96,-0.281,0.8776520509193778
3.7,1,12.0,10.7,-0.4,-0.7,-19.68,1.4,-31.68,-9.3,33.017,0.037,0.825,-0.96,-0.282,0.7213399503722083
3.8,1,11.9,10.6,-0.4,-0.7,-19.69,1.54,-31.59,-9.06,32.864,0.038,0.822,-0.961,-0.276,0.7166253101736972
3.9,1,11.9,10.6,-0.4,-0.7,-19.58,1.62,-31.48,-8.98,32.736,0.039,0.818,-0.962,-0.274,0.7153846153846154
4.0,1,11.8,10.5,-0.6,-0.7,-19.58,1.49,-31.38,-9.01,32.648,0.04,0.816,-0.961,-0.276,0.8349240780911062
4.1,1,11.8,10.4,-0.4,-0.7,-19.67,1.59,-31.47,-8.81,32.68,0.041,0.817,-0.963,-0.27,0.7124069478908188
4.2,1,11.8,10.4,-0.4,-0.7,-19.75,1.7,-31.55,-8.7,32.728,0.042,0.818,-0.964,-0.266,0.7094292803970222
4.3,1,11.7,10.3,-0.3,-0.7,-19.84,1.8,-31.54,-8.5,32.665,0.043,0.817,-0.966,-0.26,0.6191601049868767
4.4,1,11.7,10.2,-0.3,-0.6,-19.96,1.76,-31.66,-8.44,32.766,0.044,0.819,-0.966,-0.258,0.6625931445603577
4.5,1,11.6,10.2,-0.5,-0.6,-19.83,1.72,-31.43,-8.48,32.554,0.045,0.814,-0.965,-0.26,0.8175416133162611
4.6,1,11.6,10.1,-0.5,-0.7,-19.81,1.59,-31.41,-8.51,32.542,0.046,0.814,-0.965,-0.262,0.7743023255813953
4.7,1,11.5,10.0,-0.5,-0.7,-19.91,1.68,-31.41,-8.32,32.493,0.047,0.812,-0.967,-0.256,0.7705813953488372
4.8,1,11.5,10.0,-0.4,-0.7,-20.03,1.74,-31.53,-8.26,32.594,0.048,0.815,-0.967,-0.253,0.6996277915632755
4.9,1,11.5,9.9,-0.3,-0.7,-19.88,1.69,-31.38,-8.21,32.436,0.049,0.811,-0.967,-0.253,0.6131233595800524
5.0,1,11.4,9.8,-0.7,-0.3,-19.76,1.74,-31.16,-8.06,32.186,0.05,0.805,-0.968,-0.25,0.9876640419947506
5.1,1,11.3,9.8,-0.6,-0.5,-19.74,1.61,-31.04,-8.19,32.102,0.051,0.803,-0.967,-0.255,0.906145966709347
5.2,1,11.3,9.7,-0.6,-0.6,-19.85,1.69,-31.15,-8.01,32.163,0.052,0.804,-0.969,-0.249,0.8607773851590105
5.3,1,11.2,9.7,-0.6,-0.4,-19.97,1.63,-31.17,-8.07,32.198,0.053,0.805,-0.968,-0.251,0.9447988904299585
5.4,1,11.1,9.6,-0.6,-0.6,-20.03,1.75,-31.13,-7.85,32.105,0.054,0.803,-0.97,-0.245,0.8586572438162544
5.5,1,11.1,9.6,-0.5,-0.6,-19.83,1.87,-30.93,-7.73,31.881,0.055,0.797,-0.97,-0.242,0.8069142125480153
5.6,1,11.0,9.5,-0.7,-0.6,-19.74,1.96,-30.74,-7.54,31.651,0.056,0.791,-0.971,-0.238,0.8920824295010845
5.7,1,11.0,9.5,-0.6,-0.5,-19.78,2.09,-30.78,-7.41,31.659,0.057,0.791,-0.972,-0.234,0.8965428937259922
5.8,1,10.9,9.4,-0.7,-0.6,-19.87,2.19,-30.77,-7.21,31.603,0.058,0.79,-0.974,-0.228,0.8878524945770064
5.9,1,10.9,9.4,-0.5,-0.5,-19.9,2.06,-30.8,-7.34,31.663,0.059,0.792,-0.973,-0.232,0.8521923620933523
6.0,1,10.8,9.3,-0.5,-0.6,-20.03,2.05,-30.83,-7.25,31.671,0.06,0.792,-0.973,-0.229,0.7988476312419974
6.1,1,10.8,9.2,-0.5,-0.5,-19.86,1.96,-30.66,-7.24,31.503,0.061,0.788,-0.973,-0.23,0.8507779349363509
6.2,1,10.7,9.2,-0.5,-0.5,-19.99,2.01,-30.69,-7.19,31.521,0.062,0.788,-0.974,-0.228,0.8500707213578501
6.3,1,10.7,9.1,-0.5,-0.5,-20.12,1.99,-30.82,-7.11,31.629,0.063,0.791,-0.974,-0.225,0.8479490806223481
6.4,1,10.6,9.1,-0.6,-0.7,-19.9,1.86,-30.5,-7.24,31.348,0.064,0.784,-0.973,-0.231,0.8085683297180044
6.5,1,10.5,9.0,-0.5,-0.5,-20.0,1.95,-30.5,-7.05,31.304,0.065,0.783,-0.974,-0.225,0.8479490806223481
6.6,1,10.5,9.0,-0.7,-0.6,-20.13,1.93,-30.63,-7.07,31.435,0.066,0.786,-0.974,-0.225,0.8859002169197396
6.7,1,10.4,8.9,-0.5,-0.6,-19.83,1.8,-30.23,-7.1,31.053,0.067,0.776,-0.973,-0.229,0.7988476312419974
6.8,1,10.4,8.8,-0.5,-0.7,-19.88,1.68,-30.28,-7.12,31.106,0.068,0.778,-0.973,-0.229,0.7520930232558141
6.9,1,10.3,8.8,-0.5,-0.5,-19.93,1.56,-30.23,-7.24,31.085,0.069,0.777,-0.972,-0.233,0.8521923620933523
7.0,1,10.3,8.7,-0.6,-0.5,-19.99,1.44,-30.29,-7.26,31.148,0.07,0.779,-0.972,-0.233,0.8959026888604353
7.1,1,10.2,8.7,-0.5,-0.7,-20.13,1.42,-30.33,-7.28,31.191,0.071,0.78,-0.972,-0.233,0.7547674418604652
7.2,1,10.2,8.6,-0.5,-0.6,-19.73,1.45,-29.93,-7.15,30.772,0.072,0.769,-0.973,-0.232,0.8011523687580024
7.3,1,10.1,8.5,-0.6,-0.7,-19.6,1.42,-29.7,-7.08,30.532,0.073,0.763,-0.973,-0.232,0.8093275488069414
7.4,1,10.1,8.5,-0.5,-0.5,-19.71,1.49,-29.81,-7.01,30.623,0.074,0.766,-0.973,-0.229,0.8500707213578501
7.5,1,10.0,8.4,-0.5,-0.7,-19.6,1.56,-29.6,-6.84,30.38,0.075,0.76,-0.974,-0.225,0.7494186046511627
7.6,1,10.0,8.3,-0.5,-0.6,-19.47,1.61,-29.47,-6.69,30.22,0.076,0.756,-0.975,-0.221,0.7939820742637643
7.7,1,9.9,8.3,-0.6,-0.5,-19.54,1.49,-29.44,-6.81,30.217,0.077,0.755,-0.974,-0.225,0.8923175416133162
7.8,1,9.9,8.2,-0.5,-0.5,-19.64,1.4,-29.54,-6.8,30.313,0.078,0.758,-0.974,-0.224,0.8472418670438473
7.9,1,9.8,8.2,-0.5,-0.5,-19.69,1.27,-29.49,-6.93,30.293,0.079,0.757,-0.973,-0.229,0.8500707213578501
8.0,1,9.8,8.1,-0.5,-0.7,-19.8,1.35,-29.6,-6.75,30.36,0.08,0.759,-0.975,-0.222,0.7475581395348838
8.1,1,9.7,8.1,-0.6,-0.5,-19.86,1.47,-29.56,-6.63,30.294,0.081,0.757,-0.976,-0.219,0.8900128040973112
8.2,1,9.6,8.0,-0.5,-0.7,-19.73,1.45,-29.33,-6.55,30.052,0.082,0.751,-0.976,-0.218,0.7448837209302325
8.3,1,9.6,7.9,-0.6,-0.7,-19.6,1.39,-29.2,-6.51,29.917,0.083,0.748,-0.976,-0.218,0.8006507592190889
8.4,1,9.5,7.9,-0.6,-0.6,-19.74,1.41,-29.24,-6.49,29.952,0.084,0.749,-0.976,-0.217,0.8431095406360424
8.5,1,9.5,7.8,-0.6,-0.7,-19.82,1.3,-29.32,-6.5,30.032,0.085,0.751,-0.976,-0.216,0.7991323210412147
8.6,1,9.4,7.7,-0.7,-0.6,-19.89,1.41,-29.29,-6.29,29.958,0.086,0.749,-0.978,-0.21,0.879175704989154
8.7,1,9.3,7.7,-0.6,-0.6,-20.01,1.46,-29.31,-6.24,29.967,0.087,0.749,-0.978,-0.208,0.8381625441696113
8.8,1,9.3,7.6,-0.6,-0.6,-19.88,1.47,-29.18,-6.13,29.817,0.088,0.745,-0.979,-0.206,0.8374558303886924
8.9,1,9.2,7.6,-0.5,-0.7,-20.0,1.52,-29.2,-6.08,29.826,0.089,0.746,-0.979,-0.204,0.7352325581395348
9.0,1,9.2,7.5,-0.6,-0.7,-19.65,1.63,-28.85,-5.87,29.441,0.09,0.736,-0.98,-0.199,0.7888286334056398
9.1,1,9.1,7.4,-0.6,-0.6,-19.63,1.76,-28.73,-5.64,29.278,0.091,0.732,-0.981,-0.193,0.8296819787985866
9.2,1,9.0,7.4,-0.5,-0.5,-19.51,1.7,-28.51,-5.7,29.074,0.092,0.727,-0.981,-0.196,0.8323903818953324
9.3,1,9.0,7.3,-0.6,-0.7,-19.48,1.83,-28.48,-5.47,29.001,0.093,0.725,-0.982,-0.189,0.7825379609544467
9.4,1,8.9,7.2,-0.5,-0.6,-19.48,1.96,-28.38,-5.24,28.86,0.094,0.722,-0.983,-0.182,0.7691421254801536
9.5,1,8.9,7.2,-0.6,-0.7,-19.56,1.86,-28.46,-5.34,28.957,0.095,0.724,-0.983,-0.184,0.7793926247288503
9.6,1,8.8,7.1,-0.7,-0.6,-19.44,1.9,-28.24,-5.2,28.715,0.096,0.718,-0.983,-0.181,0.8640997830802603
9.7,1,8.7,7.0,-0.6,-0.7,-19.33,1.99,-28.03,-5.01,28.474,0.097,0.712,-0.984,-0.176,0.7739696312364424
9.8,1,8.7,7.0,-0.5,-0.7,-19.28,1.87,-27.98,-5.13,28.446,0.098,0.711,-0.984,-0.18,0.7186046511627907
9.9,1,8.7,6.9,-0.5,-0.6,-19.29,1.73,-27.99,-5.17,28.463,0.099,0.712,-0.983,-0.182,0.7691421254801536
10.0,1,8.6,6.9,-0.5,-0.5,-19.22,1.62,-27.82,-5.28,28.317,0.1,0.708,-0.982,-0.186,0.826025459688826
10.1,1,8.5,6.8,-0.8,-0.4,-19.12,1.54,-27.62,-5.26,28.116,0.101,0.703,-0.982,-0.187,0.9624161073825503
10.2,1,8.4,6.8,-0.7,-0.6,-19.07,1.41,-27.47,-5.39,27.994,0.102,0.7,-0.981,-0.193,0.8703904555314533
10.3,1,8.4,6.7,-0.8,-0.5,-19.11,1.29,-27.51,-5.41,28.037,0.103,0.701,-0.981,-0.193,0.9345705196182398
10.4,1,8.3,6.7,-0.6,-0.4,-19.24,1.25,-27.54,-5.45,28.074,0.104,0.702,-0.981,-0.194,0.923994452149792
10.5,1,8.3,6.6,-0.5,-0.5,-19.21,1.38,-27.51,-5.22,28.001,0.105,0.7,-0.982,-0.186,0.826025459688826
10.6,1,8.2,6.6,-0.6,-0.5,-19.15,1.5,-27.35,-5.1,27.821,0.106,0.696,-0.983,-0.183,0.8723431498079385
10.7,1,8.1,6.5,-0.6,-0.5,-19.23,1.39,-27.33,-5.11,27.804,0.107,0.695,-0.983,-0.184,0.8729833546734954
10.8,1,8.1,6.4,-0.6,-0.7,-19.36,1.42,-27.46,-4.98,27.908,0.108,0.698,-0.984,-0.178,0.7754880694143165
10.9,1,8.0,6.4,-0.5,-0.5,-19.47,1.35,-27.47,-5.05,27.93,0.109,0.698,-0.984,-0.181,0.823903818953324
11.0,1,8.0,6.3,-0.5,-0.5,-19.35,1.28,-27.35,-5.02,27.807,0.11,0.695,-0.984,-0.181,0.823903818953324
11.1,1,7.9,6.3,-0.6,-0.7,-19.28,1.4,-27.18,-4.9,27.618,0.111,0.69,-0.984,-0.177,0.7747288503253795
11.2,1,7.9,6.2,-0.5,-0.7,-19.24,1.27,-27.14,-4.93,27.584,0.112,0.69,-0.984,-0.179,0.7177906976744186
11.3,1,7.8,6.1,-0.6,-0.5,-19.34,1.36,-27.14,-4.74,27.551,0.113,0.689,-0.985,-0.172,0.8668373879641484
11.4,1,7.7,6.1,-0.7,-0.6,-19.46,1.42,-27.16,-4.68,27.56,0.114,0.689,-0.985,-0.17,0.8584598698481561
11.5,1,7.7,6.0,-0.5,-0.5,-19.45,1.56,-27.15,-4.44,27.511,0.115,0.688,-0.987,-0.161,0.8118811881188118
11.6,1,7.6,6.0,-0.5,-0.6,-19.37,1.66,-26.97,-4.34,27.317,0.116,0.683,-0.987,-0.159,0.754033290653009
11.7,1,7.6,5.9,-0.6,-0.7,-19.28,1.76,-26.88,-4.14,27.197,0.117,0.68,-0.988,-0.152,0.7583514099783081
11.8,1,7.5,5.8,-0.6,-0.5,-19.2,1.66,-26.7,-4.14,27.019,0.118,0.675,-0.988,-0.153,0.856978233034571
11.9,1,7.5,5.8,-0.5,-0.6,-19.08,1.61,-26.58,-4.19,26.908,0.119,0.673,-0.988,-0.156,0.7523687580025608
12.0,1,7.4,5.7,-0.6,-0.5,-18.98,1.7,-26.38,-4.0,26.682,0.12,0.667,-0.989,-0.15,0.8558258642765684
12.1,1,7.4,5.7,-0.5,-0.7,-18.92,1.58,-26.32,-4.12,26.641,0.121,0.666,-0.988,-0.155,0.7005813953488372
12.2,1,7.3,5.6,-0.5,-0.6,-18.83,1.49,-26.13,-4.11,26.451,0.122,0.661,-0.988,-0.155,0.7516005121638923
12.3,1,7.3,5.5,-0.6,-0.7,-18.96,1.46,-26.26,-4.04,26.569,0.123,0.664,-0.988,-0.152,0.7583514099783081
12.4,1,7.2,5.5,-0.5,-0.5,-19.08,1.52,-26.28,-3.98,26.58,0.124,0.664,-0.989,-0.15,0.8055162659123055
12.5,1,7.2,5.4,-0.5,-0.6,-19.2,1.48,-26.4,-3.92,26.689,0.125,0.667,-0.989,-0.147,0.7460947503201024
12.6,1,7.1,5.3,-0.7,-0.7,-19.22,1.35,-26.32,-3.95,26.615,0.126,0.665,-0.989,-0.148,0.8039393939393938
12.7,1,7.0,5.3,-0.5,-0.7,-19.09,1.38,-26.09,-3.92,26.383,0.127,0.66,-0.989,-0.149,0.6962790697674419
12.8,1,7.0,5.2,-0.6,-0.5,-19.16,1.26,-26.16,-3.94,26.455,0.128,0.661,-0.989,-0.149,0.8551856594110114
12.9,1,6.9,5.2,-0.5,-0.7,-19.04,1.33,-25.94,-3.87,26.227,0.129,0.656,-0.989,-0.148,0.6954651162790697
13.0,1,6.9,5.1,-0.6,-0.7,-19.1,1.45,-26.0,-3.65,26.255,0.13,0.656,-0.99,-0.139,0.7497830802603037
13.1,1,6.8,5.0,-0.5,-0.6,-19.16,1.32,-25.96,-3.68,26.22,0.131,0.656,-0.99,-0.14,0.7413572343149807
13.2,1,6.7,5.0,-0.7,-0.5,-19.25,1.23,-25.95,-3.77,26.222,0.132,0.656,-0.99,-0.144,0.8895348837209301
13.3,1,6.7,4.9,-0.7,-0.6,-19.15,1.32,-25.85,-3.58,26.097,0.133,0.652,-0.991,-0.137,0.8415401301518438
13.4,1,6.6,4.9,-0.5,-0.5,-19.25,1.41,-25.85,-3.49,26.085,0.134,0.652,-0.991,-0.134,0.7956152758132956
13.5,1,6.6,4.8,-0.6,-0.7,-19.19,1.29,-25.79,-3.51,26.028,0.135,0.651,-0.991,-0.135,0.7473969631236442
13.6,1,6.5,4.7,-0.5,-0.7,-19.29,1.21,-25.79,-3.49,26.025,0.136,0.651,-0.991,-0.134,0.6852325581395348
13.7,1,6.5,4.7,-0.5,-0.5,-19.17,1.26,-25.67,-3.44,25.899,0.137,0.647,-0.991,-0.133,0.794908062234795
13.8,1,6.4,4.6,-0.7,-0.5,-19.31,1.26,-25.71,-3.34,25.926,0.138,0.648,-0.992,-0.129,0.8824418604651162
13.9,1,6.4,4.6,-0.5,-0.6,-19.18,1.22,-25.58,-3.38,25.802,0.139,0.645,-0.991,-0.131,0.7350832266325225
14.0,1,6.3,4.5,-0.6,-0.5,-19.16,1.09,-25.46,-3.41,25.687,0.14,0.642,-0.991,-0.133,0.8464788732394366
14.1,1,6.2,4.4,-0.5,-0.7,-19.11,1.21,-25.31,-3.19,25.51,0.141,0.638,-0.992,-0.125,0.6784883720930233
14.2,1,6.2,4.4,-0.6,-0.5,-19.04,1.11,-25.24,-3.29,25.454,0.142,0.636,-0.992,-0.129,0.844686299615877
14.3,1,6.1,4.3,-0.5,-0.7,-19.13,1.01,-25.23,-3.29,25.444,0.143,0.636,-0.992,-0.129,0.6817441860465117
14.4,1,6.1,4.3,-0.5,-0.6,-19.12,0.88,-25.22,-3.42,25.451,0.144,0.636,-0.991,-0.134,0.7373879641485275
14.5,1,6.0,4.2,-0.7,-0.6,-19.11,0.75,-25.11,-3.45,25.346,0.145,0.634,-0.991,-0.136,0.8408893709327548
14.6,1,6.0,4.1,-0.5,-0.7,-18.97,0.76,-24.97,-3.34,25.192,0.146,0.63,-0.991,-0.133,0.6844186046511628
14.7,1,5.9,4.1,-0.5,-0.7,-18.86,0.82,-24.76,-3.28,24.976,0.147,0.624,-0.991,-0.131,0.6827906976744186
14.8,1,5.8,4.0,-0.9,-0.4,-18.83,0.69,-24.63,-3.31,24.851,0.148,0.621,-0.991,-0.133,0.9594923857868021
14.9,1,5.7,4.0,-0.9,-0.3,-18.93,0.79,-24.63,-3.21,24.838,0.149,0.621,-0.992,-0.129,0.9815595363540569
15.0,1,5.7,4.0,-0.8,-0.4,-18.9,0.66,-24.6,-3.34,24.826,0.15,0.621,-0.991,-0.135,0.9472035794183447
15.1,1,5.6,4.0,-0.8,-0.2,-18.82,0.77,-24.42,-3.23,24.633,0.151,0.616,-0.991,-0.131,0.9927272727272729
15.2,1,5.5,3.9,-0.8,-0.2,-18.84,0.9,-24.34,-3.0,24.524,0.152,0.613,-0.992,-0.122,0.9915151515151517
15.3,1,5.4,3.9,-0.9,-0.3,-18.71,0.92,-24.11,-2.98,24.293,0.153,0.607,-0.992,-0.123,0.9796628029504744
15.4,1,5.3,3.9,-0.7,-0.4,-18.62,1.03,-23.92,-2.87,24.092,0.154,0.602,-0.993,-0.119,0.9214640198511165
15.5,1,5.3,3.8,-0.7,-0.3,-18.59,0.9,-23.89,-2.9,24.065,0.155,0.602,-0.993,-0.121,0.9598425196850393
15.6,1,5.2,3.8,-0.7,-0.3,-18.49,0.81,-23.69,-2.99,23.878,0.156,0.597,-0.992,-0.125,0.9604986876640418
15.7,1,5.1,3.8,-0.7,-0.3,-18.52,0.94,-23.62,-2.86,23.793,0.157,0.595,-0.993,-0.12,0.9594488188976378
15.8,1,5.1,3.7,-0.7,-0.3,-18.41,1.02,-23.51,-2.68,23.662,0.158,0.592,-0.994,-0.113,0.9576115485564305
15.9,1,5.0,3.7,-0.8,-0.2,-18.34,1.14,-23.34,-2.56,23.48,0.159,0.587,-0.994,-0.109,0.9903030303030305
16.0,1,4.9,3.7,-0.9,-0.2,-18.3,1.01,-23.2,-2.69,23.355,0.16,0.584,-0.993,-0.115,0.9942516268980478
16.1,1,4.8,3.7,-0.9,-0.2,-18.21,1.12,-23.01,-2.58,23.154,0.161,0.579,-0.994,-0.111,0.9943600867678959
16.2,1,4.7,3.7,-0.7,-0.3,-18.28,1.23,-22.98,-2.47,23.112,0.162,0.578,-0.994,-0.107,0.955249343832021
16.3,1,4.6,3.6,-0.9,-0.2,-18.16,1.29,-22.76,-2.31,22.877,0.163,0.572,-0.995,-0.101,0.993167028199566
16.4,1,4.6,3.6,-0.9,-0.2,-18.05,1.21,-22.65,-2.39,22.776,0.164,0.569,-0.994,-0.105,0.9930585683297181
16.5,1,4.5,3.6,-0.9,-0.3,-17.94,1.14,-22.44,-2.46,22.574,0.165,0.564,-0.994,-0.109,0.9771338250790306
16.6,1,4.4,3.6,-0.9,-0.3,-17.84,1.23,-22.24,-2.37,22.366,0.166,0.559,-0.994,-0.106,0.9761854583772394
16.7,1,4.3,3.5,-0.9,-0.3,-17.72,1.16,-22.02,-2.34,22.144,0.167,0.554,-0.994,-0.106,0.9761854583772394
16.8,1,4.2,3.5,-0.7,-0.3,-17.67,1.04,-21.87,-2.46,22.008,0.168,0.55,-0.994,-0.112,0.9572178477690287
16.9,1,4.1,3.5,-0.7,-0.2,-17.79,0.99,-21.89,-2.51,22.033,0.169,0.551,-0.994,-0.114,0.9870879120879121
17.0,1,4.1,3.5,-0.8,-0.1,-17.66,0.97,-21.76,-2.53,21.907,0.17,0.548,-0.993,-0.115,0.9998759305210917
17.1,1,4.0,3.4,-0.7,-0.2,-17.59,1.09,-21.59,-2.31,21.713,0.171,0.543,-0.994,-0.106,0.9848901098901098
17.2,1,3.9,3.4,-0.7,-0.3,-17.64,0.96,-21.54,-2.44,21.678,0.172,0.542,-0.994,-0.113,0.9576115485564305
17.3,1,3.8,3.4,-0.7,-0.1,-17.72,0.86,-21.52,-2.54,21.669,0.173,0.542,-0.993,-0.117,0.9997171145685998
17.4,1,3.7,3.4,-0.9,-0.3,-17.68,0.99,-21.38,-2.41,21.515,0.174,0.538,-0.994,-0.112,0.978082191780822
17.5,1,3.7,3.4,-0.8,-0.1,-17.55,1.0,-21.25,-2.4,21.385,0.175,0.535,-0.994,-0.112,1.0004962779156328
17.6,1,3.6,3.4,-0.7,-0.1,-17.62,0.89,-21.22,-2.51,21.368,0.176,0.534,-0.993,-0.117,0.9997171145685998
17.7,1,3.5,3.3,-0.9,-0.2,-17.7,1.0,-21.2,-2.3,21.324,0.177,0.533,-0.994,-0.108,0.9937093275488069
17.8,1,3.4,3.3,-0.8,-0.1,-17.57,1.03,-20.97,-2.27,21.093,0.178,0.527,-0.994,-0.108,1.0
17.9,1,3.3,3.3,-0.9,-0.1,-17.68,1.11,-20.98,-2.19,21.094,0.179,0.527,-0.995,-0.104,0.9998896247240617
18.0,1,3.2,3.3,-0.9,-0.2,-17.73,1.23,-20.93,-2.07,21.032,0.18,0.526,-0.995,-0.098,0.9925162689804771
18.1,1,3.2,3.3,-0.9,-0.2,-17.67,1.11,-20.87,-2.19,20.985,0.181,0.525,-0.995,-0.104,0.993817787418655
18.2,1,3.1,3.3,-0.9,-0.2,-17.78,1.18,-20.88,-2.12,20.987,0.182,0.525,-0.995,-0.101,0.993167028199566
18.3,1,3.0,3.2,-0.8,-0.2,-17.88,1.27,-20.88,-1.93,20.969,0.183,0.524,-0.996,-0.092,0.9881212121212122
18.4,1,2.9,3.2,-0.8,-0.2,-17.92,1.4,-20.82,-1.8,20.898,0.184,0.522,-0.996,-0.086,0.9866666666666668
18.5,1,2.8,3.2,-0.9,-0.0,-18.0,1.29,-20.8,-1.91,20.888,0.185,0.522,-0.996,-0.091,0.996
18.6,1,2.7,3.2,-0.8,-0.0,-17.93,1.18,-20.63,-2.02,20.729,0.186,0.518,-0.995,-0.097,0.995
18.7,1,2.7,3.2,-0.9,-0.2,-18.07,1.17,-20.77,-2.03,20.869,0.187,0.522,-0.995,-0.097,0.9922993492407808
18.8,1,2.6,3.2,-0.8,-0.2,-17.97,1.08,-20.57,-2.12,20.679,0.188,0.517,-0.995,-0.103,0.9898181818181818
18.9,1,2.5,3.2,-0.8,-0.2,-18.05,1.18,-20.55,-2.02,20.649,0.189,0.516,-0.995,-0.098,0.9886060606060606
19.0,1,2.4,3.1,-0.8,-0.2,-17.94,1.11,-20.34,-1.99,20.437,0.19,0.511,-0.995,-0.097,0.9883636363636364
19.1,1,2.3,3.1,-0.8,-0.1,-18.02,1.22,-20.32,-1.88,20.407,0.191,0.51,-0.996,-0.092,1.0
19.2,1,2.3,3.2,-0.8,0.2,-18.04,1.08,-20.34,-2.12,20.45,0.192,0.511,-0.995,-0.104,0.9396363636363637
19.3,1,2.2,3.2,-0.7,0.1,-17.94,0.99,-20.14,-2.21,20.261,0.193,0.507,-0.994,-0.109,0.9687411598302688
19.4,1,2.1,3.2,-0.7,0.1,-17.83,1.07,-19.93,-2.13,20.043,0.194,0.501,-0.994,-0.106,0.9691654879773691
19.5,1,2.0,3.2,-0.7,0.1,-17.76,0.95,-19.76,-2.25,19.888,0.195,0.497,-0.994,-0.113,0.9681753889674682
19.6,1,2.0,3.2,-0.8,0.2,-17.63,0.97,-19.63,-2.23,19.756,0.196,0.494,-0.994,-0.113,0.9364848484848486
19.7,1,1.9,3.2,-0.9,0.0,-17.59,0.85,-19.49,-2.35,19.631,0.197,0.491,-0.993,-0.12,0.993
19.8,1,1.8,3.2,-0.8,0.1,-17.72,0.8,-19.52,-2.4,19.667,0.198,0.492,-0.993,-0.122,0.9704714640198511
19.9,1,1.7,3.2,-0.8,0.1,-17.63,0.89,-19.33,-2.31,19.468,0.199,0.487,-0.993,-0.119,0.9708436724565755
20.0,1,1.6,3.2,-0.9,0.1,-17.5,0.84,-19.1,-2.36,19.245,0.2,0.481,-0.992,-0.123,0.9718543046357616
20.1,1,1.5,3.2,-0.8,0.1,-17.64,0.83,-19.14,-2.37,19.286,0.201,0.482,-0.992,-0.123,0.9693548387096775
20.2,1,1.5,3.2,-0.7,0.2,-17.52,0.77,-19.02,-2.43,19.175,0.202,0.479,-0.992,-0.127,0.9189560439560439
20.3,1,1.4,3.3,-0.9,0.3,-17.4,0.82,-18.8,-2.48,18.963,0.203,0.474,-0.991,-0.131,0.8984193888303478
20.4,1,1.3,3.3,-0.7,0.2,-17.49,0.72,-18.79,-2.58,18.966,0.204,0.474,-0.991,-0.136,0.915521978021978
20.5,1,1.2,3.3,-0.9,0.3,-17.61,0.79,-18.81,-2.51,18.977,0.205,0.474,-0.991,-0.132,0.8981032665964174
20.6,1,1.1,3.3,-0.9,0.3,-17.72,0.71,-18.82,-2.59,18.997,0.206,0.475,-0.991,-0.136,0.8968387776606955
20.7,1,1.1,3.4,-0.9,0.1,-17.62,0.8,-18.72,-2.6,18.9,0.207,0.472,-0.99,-0.138,0.9682119205298013
20.8,1,1.0,3.4,-0.9,0.3,-17.53,0.9,-18.53,-2.5,18.698,0.208,0.467,-0.991,-0.134,0.8974710221285565
20.9,1,0.9,3.4,-0.7,0.2,-17.45,1.0,-18.35,-2.4,18.506,0.209,0.463,-0.992,-0.13,0.918131868131868
21.0,1,0.8,3.4,-0.9,0.2,-17.41,0.88,-18.21,-2.52,18.384,0.21,0.46,-0.991,-0.137,0.9376355748373102
21.1,1,0.7,3.4,-0.7,0.3,-17.5,0.78,-18.2,-2.62,18.388,0.211,0.46,-0.99,-0.142,0.8535433070866141
21.2,1,0.6,3.5,-0.8,0.2,-17.55,0.66,-18.15,-2.84,18.371,0.212,0.459,-0.988,-0.155,0.9204848484848485
21.3,1,0.6,3.5,-0.9,0.3,-17.56,0.79,-18.16,-2.71,18.361,0.213,0.459,-0.989,-0.148,0.8911485774499474
21.4,1,0.5,3.5,-0.8,0.2,-17.59,0.66,-18.09,-2.84,18.312,0.214,0.458,-0.988,-0.155,0.9204848484848485
21.5,1,0.4,3.5,-0.9,0.2,-17.48,0.58,-17.88,-2.92,18.117,0.215,0.453,-0.987,-0.161,0.9285249457700651
21.6,1,0.3,3.6,-0.9,0.3,-17.6,0.64,-17.9,-2.96,18.143,0.216,0.454,-0.987,-0.163,0.8845100105374077
21.7,1,0.2,3.6,-0.9,0.4,-17.69,0.74,-17.89,-2.86,18.117,0.217,0.453,-0.987,-0.158,0.8376649746192893
21.8,1,0.1,3.6,-0.8,0.4,-17.68,0.61,-17.78,-2.99,18.03,0.218,0.451,-0.986,-0.166,0.8080536912751678
21.9,1,0.0,3.7,-0.9,0.3,-17.56,0.55,-17.56,-3.15,17.84,0.219,0.446,-0.984,-0.177,0.8772391991570074
22.0,1,-0.0,3.7,-0.9,0.3,-17.69,0.5,-17.69,-3.2,17.977,0.22,0.449,-0.984,-0.178,0.876923076923077
22.1,1,-0.1,3.7,-0.9,0.3,-17.69,0.63,-17.59,-3.07,17.856,0.221,0.446,-0.985,-0.172,0.879768177028451
22.2,1,-0.2,3.8,-0.7,0.4,-17.81,0.7,-17.61,-3.1,17.881,0.222,0.447,-0.985,-0.173,0.7696029776674937
22.3,1,-0.3,3.8,-0.7,0.3,-17.7,0.62,-17.4,-3.18,17.688,0.223,0.442,-0.984,-0.18,0.8330708661417322
22.4,1,-0.3,3.9,-0.8,0.5,-17.57,0.65,-17.27,-3.25,17.573,0.224,0.439,-0.983,-0.185,0.7358430540827148
22.5,1,-0.4,3.9,-0.8,0.3,-17.68,0.58,-17.28,-3.32,17.596,0.225,0.44,-0.982,-0.189,0.853512880562061
22.6,1,-0.5,3.9,-0.8,0.5,-17.55,0.62,-17.05,-3.28,17.363,0.226,0.434,-0.982,-0.189,0.7328738069989397
22.7,1,-0.6,4.0,-0.8,0.4,-17.67,0.55,-17.07,-3.45,17.415,0.227,0.435,-0.98,-0.198,0.7883668903803132
22.8,1,-0.7,4.0,-0.8,0.4,-17.53,0.55,-16.83,-3.45,17.18,0.228,0.43,-0.98,-0.201,0.7870246085011185
22.9,1,-0.8,4.0,-0.8,0.3,-17.42,0.47,-16.62,-3.53,16.991,0.229,0.425,-0.978,-0.208,0.8430913348946135
23.0,1,-0.8,4.1,-0.8,0.3,-17.55,0.44,-16.75,-3.66,17.145,0.23,0.429,-0.977,-0.213,0.8403981264637004
23.1,1,-0.9,4.1,-0.8,0.4,-17.61,0.32,-16.71,-3.78,17.132,0.231,0.428,-0.975,-0.221,0.7736017897091723
23.2,1,-1.0,4.2,-0.7,0.5,-17.5,0.25,-16.5,-3.95,16.966,0.232,0.424,-0.973,-0.233,0.6565116279069766
23.3,1,-1.1,4.2,-0.6,0.4,-17.51,0.12,-16.41,-4.08,16.91,0.233,0.423,-0.97,-0.241,0.673509015256588
23.4,1,-1.1,4.3,-0.7,0.5,-17.63,0.18,-16.53,-4.12,17.036,0.234,0.426,-0.97,-0.242,0.6488372093023255
23.5,1,-1.2,4.3,-0.7,0.3,-17.5,0.18,-16.3,-4.12,16.813,0.235,0.42,-0.969,-0.245,0.7937007874015747
23.6,1,-1.3,4.3,-0.7,0.6,-17.44,0.3,-16.14,-4.0,16.628,0.236,0.416,-0.971,-0.241,0.5803687635574837
23.7,1,-1.3,4.4,-0.8,0.5,-17.37,0.18,-16.07,-4.22,16.615,0.237,0.415,-0.967,-0.254,0.6856839872746554
23.8,1,-1.4,4.4,-0.6,0.4,-17.48,0.25,-16.08,-4.15,16.607,0.238,0.415,-0.968,-0.25,0.6668515950069348
23.9,1,-1.5,4.5,-0.6,0.4,-17.61,0.29,-16.11,-4.21,16.651,0.239,0.416,-0.968,-0.253,0.6651872399445214
24.0,1,-1.5,4.5,-0.8,0.4,-17.68,0.18,-16.18,-4.32,16.747,0.24,0.419,-0.966,-0.258,0.748993288590604
24.1,1,-1.6,4.6,-0.8,0.5,-17.77,0.28,-16.17,-4.32,16.737,0.241,0.418,-0.966,-0.258,0.6827147401908803
24.2,1,-1.7,4.6,-0.6,0.4,-17.76,0.15,-16.06,-4.45,16.665,0.242,0.417,-0.964,-0.267,0.6540915395284326
24.3,1,-1.8,4.6,-0.8,0.5,-17.69,0.26,-15.89,-4.34,16.472,0.243,0.412,-0.965,-0.263,0.6792152704135738
24.4,1,-1.8,4.7,-0.8,0.5,-17.56,0.21,-15.76,-4.49,16.387,0.244,0.41,-0.962,-0.274,0.6708377518557795
24.5,1,-1.9,4.7,-0.7,0.4,-17.57,0.35,-15.67,-4.35,16.263,0.245,0.407,-0.964,-0.267,0.704714640198511
24.6,1,-2.0,4.8,-0.8,0.4,-17.68,0.26,-15.68,-4.54,16.324,0.246,0.408,-0.961,-0.278,0.7355704697986577
24.7,1,-2.1,4.8,-0.8,0.6,-17.8,0.33,-15.7,-4.47,16.324,0.247,0.408,-0.962,-0.274,0.6052000000000001
24.8,1,-2.1,4.9,-0.6,0.5,-17.71,0.22,-15.61,-4.68,16.296,0.248,0.407,-0.958,-0.287,0.5522407170294494
24.9,1,-2.2,4.9,-0.6,0.6,-17.64,0.11,-15.44,-4.79,16.166,0.249,0.404,-0.955,-0.296,0.46572438162544166
25.0,1,-2.2,5.0,-0.6,0.4,-17.77,0.12,-15.57,-4.88,16.317,0.25,0.408,-0.954,-0.299,0.628016643550624
25.1,1,-2.3,5.0,-0.7,0.5,-17.65,0.16,-15.35,-4.84,16.095,0.251,0.402,-0.954,-0.301,0.6015116279069768
25.2,1,-2.4,5.1,-0.6,0.6,-17.73,0.05,-15.33,-5.05,16.14,0.252,0.404,-0.95,-0.313,0.4501766784452297
25.3,1,-2.4,5.2,-0.5,0.6,-17.79,0.17,-15.39,-5.03,16.191,0.253,0.405,-0.951,-0.311,0.369910371318822
25.4,1,-2.5,5.2,-0.6,0.6,-17.92,0.16,-15.42,-5.04,16.223,0.254,0.406,-0.951,-0.311,0.45229681978798586
25.5,1,-2.5,5.3,-0.6,0.6,-17.99,0.28,-15.49,-5.02,16.283,0.255,0.407,-0.951,-0.308,0.4544169611307421
25.6,1,-2.6,5.3,-0.7,0.5,-18.07,0.38,-15.47,-4.92,16.234,0.256,0.406,-0.953,-0.303,0.5995348837209302
25.7,1,-2.7,5.4,-0.6,0.6,-17.94,0.34,-15.24,-5.06,16.058,0.257,0.401,-0.949,-0.315,0.4480565371024734
25.8,1,-2.7,5.5,-0.7,0.6,-18.05,0.42,-15.35,-5.08,16.169,0.258,0.404,-0.949,-0.314,0.5161605206073752
25.9,1,-2.8,5.5,-0.7,0.5,-18.14,0.52,-15.34,-4.98,16.128,0.259,0.403,-0.951,-0.309,0.5944186046511628
26.0,1,-2.9,5.6,-0.7,0.6,-18.24,0.6,-15.34,-5.0,16.134,0.26,0.403,-0.951,-0.31,0.5202819956616052
26.1,1,-3.0,5.6,-0.7,0.5,-18.36,0.55,-15.36,-5.05,16.169,0.261,0.404,-0.95,-0.312,0.591860465116279
26.2,1,-3.0,5.7,-0.7,0.6,-18.49,0.55,-15.49,-5.15,16.324,0.262,0.408,-0.949,-0.315,0.5155097613882862
26.3,1,-3.1,5.7,-0.6,0.5,-18.5,0.41,-15.4,-5.29,16.283,0.263,0.407,-0.946,-0.325,0.5186939820742638
26.4,1,-3.2,5.8,-0.7,0.3,-18.59,0.32,-15.39,-5.48,16.337,0.264,0.408,-0.942,-0.335,0.7334645669291336
26.5,1,-3.2,5.8,-0.6,0.4,-18.49,0.23,-15.29,-5.57,16.273,0.265,0.407,-0.94,-0.342,0.59251040221914
26.6,1,-3.3,5.8,-0.8,0.5,-18.4,0.14,-15.1,-5.66,16.126,0.266,0.403,-0.936,-0.351,0.6079533404029694
26.7,1,-3.4,5.9,-0.7,0.5,-18.32,0.24,-14.92,-5.66,15.958,0.267,0.399,-0.935,-0.355,0.5546511627906977
26.8,1,-3.4,5.9,-0.7,0.5,-18.28,0.37,-14.88,-5.53,15.874,0.268,0.397,-0.937,-0.348,0.5603488372093024
26.9,1,-3.5,6.0,-0.6,0.4,-18.38,0.28,-14.88,-5.72,15.942,0.269,0.399,-0.933,-0.359,0.577253814147018
27.0,1,-3.6,6.0,-0.6,0.5,-18.27,0.22,-14.67,-5.78,15.768,0.27,0.394,-0.93,-0.367,0.47951344430217674
27.1,1,-3.6,6.1,-0.7,0.5,-18.36,0.31,-14.76,-5.79,15.855,0.271,0.396,-0.931,-0.365,0.5455813953488372
27.2,1,-3.7,6.1,-0.7,0.3,-18.45,0.22,-14.75,-5.88,15.879,0.272,0.397,-0.929,-0.37,0.707742782152231
27.3,1,-3.8,6.2,-0.8,0.5,-18.5,0.09,-14.7,-6.11,15.919,0.273,0.398,-0.923,-0.384,0.5794273594909862
27.4,1,-3.8,6.2,-0.8,0.3,-18.63,0.1,-14.83,-6.1,16.036,0.274,0.401,-0.925,-0.38,0.7330210772833725
27.5,1,-3.9,6.2,-0.8,0.3,-18.68,0.22,-14.78,-5.98,15.944,0.275,0.399,-0.927,-0.375,0.7366510538641686
27.6,1,-4.0,6.2,-0.7,0.3,-18.76,0.33,-14.76,-5.87,15.884,0.276,0.397,-0.929,-0.37,0.707742782152231
27.7,1,-4.1,6.3,-0.8,0.2,-18.7,0.21,-14.6,-6.09,15.819,0.277,0.395,-0.923,-0.385,0.8016969696969697
27.8,1,-4.2,6.3,-0.9,0.4,-18.75,0.09,-14.55,-6.21,15.82,0.278,0.396,-0.92,-0.393,0.6810152284263961
27.9,1,-4.2,6.3,-0.9,0.2,-18.62,0.05,-14.42,-6.25,15.716,0.279,0.393,-0.918,-0.398,0.809761388286334
28.0,1,-4.3,6.3,-0.7,0.3,-18.72,-0.05,-14.42,-6.35,15.756,0.28,0.394,-0.915,-0.403,0.6818897637795275
28.1,1,-4.4,6.4,-0.9,0.2,-18.58,-0.05,-14.18,-6.45,15.578,0.281,0.389,-0.91,-0.414,0.7984815618221258
28.2,1,-4.5,6.4,-0.7,0.4,-18.46,0.01,-13.96,-6.39,15.353,0.282,0.384,-0.909,-0.416,0.5830024813895781
28.3,1,-4.5,6.4,-0.7,0.2,-18.34,-0.05,-13.84,-6.45,15.269,0.283,0.382,-0.906,-0.422,0.7552197802197802
28.4,1,-4.6,6.4,-0.9,0.2,-18.26,-0.15,-13.66,-6.55,15.149,0.284,0.379,-0.902,-0.432,0.7867678958785249
28.5,1,-4.7,6.5,-0.7,0.4,-18.16,-0.06,-13.46,-6.56,14.973,0.285,0.374,-0.899,-0.438,0.5633995037220842
28.6,1,-4.8,6.5,-0.7,0.4,-18.22,-0.18,-13.42,-6.68,14.991,0.286,0.375,-0.895,-0.446,0.555955334987593
28.7,1,-4.9,6.6,-0.8,0.4,-18.22,-0.04,-13.32,-6.64,14.883,0.287,0.372,-0.895,-0.446,0.6013422818791947
28.8,1,-4.9,6.6,-0.8,0.4,-18.33,0.03,-13.43,-6.57,14.951,0.288,0.374,-0.898,-0.439,0.6071588366890381
28.9,1,-5.0,6.6,-0.8,0.2,-18.22,0.11,-13.22,-6.49,14.727,0.289,0.368,-0.898,-0.441,0.763878787878788
29.0,1,-5.1,6.6,-0.7,0.2,-18.34,0.17,-13.24,-6.43,14.719,0.29,0.368,-0.9,-0.437,0.7453296703296703
29.1,1,-5.2,6.7,-0.8,0.4,-18.27,0.29,-13.07,-6.41,14.557,0.291,0.364,-0.898,-0.44,0.6067114093959731
29.2,1,-5.3,6.7,-0.9,0.2,-18.15,0.23,-12.85,-6.47,14.387,0.292,0.36,-0.893,-0.45,0.7740780911062908
29.3,1,-5.3,6.7,-0.9,0.4,-18.02,0.21,-12.72,-6.49,14.28,0.293,0.357,-0.891,-0.454,0.6297461928934011
29.4,1,-5.4,6.8,-0.7,0.3,-18.14,0.16,-12.74,-6.64,14.367,0.294,0.359,-0.887,-0.462,0.6329396325459318
29.5,1,-5.5,6.8,-0.9,0.2,-18.04,0.08,-12.54,-6.72,14.227,0.295,0.356,-0.881,-0.472,0.7575921908893709
29.6,1,-5.6,6.8,-0.8,0.4,-17.95,0.18,-12.35,-6.62,14.012,0.296,0.35,-0.881,-0.472,0.5771812080536914
29.7,1,-5.7,6.8,-0.7,0.2,-17.88,0.08,-12.18,-6.72,13.911,0.297,0.348,-0.876,-0.483,0.7096153846153845
29.8,1,-5.7,6.9,-0.8,0.4,-17.84,-0.05,-12.14,-6.95,13.989,0.298,0.35,-0.868,-0.497,0.5543624161073826
29.9,1,-5.8,6.9,-0.9,0.3,-17.93,0.04,-12.13,-6.86,13.935,0.299,0.348,-0.87,-0.492,0.6695468914646998
30.0,1,-5.9,6.9,-0.8,0.2,-17.96,0.17,-12.06,-6.73,13.811,0.3,0.345,-0.873,-0.487,0.7284848484848485
30.1,1,-6.0,7.0,-0.7,0.3,-17.83,0.14,-11.83,-6.86,13.675,0.301,0.342,-0.865,-0.502,0.5969816272965879
30.2,1,-6.1,7.0,-0.9,0.3,-17.7,0.16,-11.6,-6.84,13.466,0.302,0.337,-0.861,-0.508,0.6559536354056903
30.3,1,-6.1,7.0,-0.8,0.2,-17.81,0.23,-11.71,-6.77,13.526,0.303,0.338,-0.866,-0.501,0.7183030303030303
30.4,1,-6.2,7.0,-0.7,0.3,-17.76,0.11,-11.56,-6.89,13.458,0.304,0.336,-0.859,-0.512,0.5875328083989501
30.5,1,-6.3,7.1,-0.9,0.2,-17.67,0.0,-11.37,-7.1,13.405,0.305,0.335,-0.848,-0.53,0.7127982646420824
30.6,1,-6.4,7.1,-0.9,0.4,-17.65,0.13,-11.25,-6.97,13.234,0.306,0.331,-0.85,-0.527,0.5626395939086295
30.7,1,-6.4,7.1,-0.7,0.2,-17.55,0.05,-11.15,-7.05,13.192,0.307,0.33,-0.845,-0.534,0.6657967032967032
30.8,1,-6.5,7.2,-0.7,0.3,-17.41,0.03,-10.91,-7.17,13.055,0.308,0.326,-0.836,-0.549,0.5518372703412072
30.9,1,-6.6,7.2,-0.7,0.3,-17.45,-0.1,-10.85,-7.3,13.077,0.309,0.327,-0.83,-0.558,0.542782152230971
31.0,1,-6.7,7.2,-0.9,0.3,-17.34,-0.02,-10.64,-7.22,12.858,0.31,0.321,-0.828,-0.562,0.6075869336143309
31.1,1,-6.8,7.3,-0.8,0.4,-17.24,0.07,-10.44,-7.23,12.699,0.311,0.317,-0.822,-0.569,0.48098434004474266
31.2,1,-6.8,7.3,-0.7,0.3,-17.15,-0.02,-10.35,-7.32,12.677,0.312,0.317,-0.816,-0.577,0.5224409448818897
31.3,1,-6.9,7.3,-0.8,0.4,-17.27,0.03,-10.37,-7.27,12.665,0.313,0.317,-0.819,-0.574,0.47606263982102903
31.4,1,-7.0,7.4,-0.9,0.3,-17.19,-0.08,-10.19,-7.48,12.641,0.314,0.316,-0.806,-0.592,0.5772391991570075
31.5,1,-7.1,7.4,-0.9,0.2,-17.08,0.0,-9.98,-7.4,12.424,0.315,0.311,-0.803,-0.596,0.6545553145336226
31.6,1,-7.2,7.4,-0.7,0.4,-17.19,0.08,-9.99,-7.32,12.385,0.316,0.31,-0.807,-0.591,0.40756823821339944
31.7,1,-7.2,7.4,-0.9,0.3,-17.28,-0.02,-10.08,-7.42,12.517,0.317,0.313,-0.805,-0.593,0.5759747102212857
31.8,1,-7.3,7.5,-0.9,0.3,-17.35,0.1,-10.05,-7.4,12.48,0.318,0.312,-0.805,-0.593,0.5759747102212857
31.9,1,-7.4,7.5,-0.9,0.2,-17.45,0.19,-10.05,-7.31,12.427,0.319,0.311,-0.809,-0.588,0.6621475054229935
32.0,1,-7.5,7.5,-0.7,0.4,-17.58,0.18,-10.08,-7.32,12.457,0.32,0.311,-0.809,-0.588,0.41079404466501246
32.1,1,-7.6,7.6,-0.7,0.2,-17.46,0.24,-9.86,-7.36,12.304,0.321,0.308,-0.801,-0.598,0.6059065934065934
32.2,1,-7.6,7.6,-0.8,0.2,-17.36,0.32,-9.76,-7.28,12.176,0.322,0.304,-0.802,-0.598,0.6327272727272728
32.3,1,-7.7,7.6,-0.7,0.2,-17.27,0.22,-9.57,-7.38,12.085,0.323,0.302,-0.792,-0.611,0.5936813186813187
32.4,1,-7.8,7.6,-0.7,0.4,-17.33,0.1,-9.53,-7.5,12.127,0.324,0.303,-0.786,-0.618,0.37593052109181146
32.5,1,-7.9,7.7,-0.9,0.2,-17.35,0.23,-9.45,-7.47,12.046,0.325,0.301,-0.784,-0.62,0.6308026030368763
32.6,1,-8.0,7.7,-0.9,0.3,-17.46,0.31,-9.46,-7.39,12.004,0.326,0.3,-0.788,-0.616,0.5525816649104321
32.7,1,-8.1,7.7,-0.9,0.3,-17.59,0.34,-9.49,-7.36,12.01,0.327,0.3,-0.79,-0.613,0.5554267650158062
32.8,1,-8.1,7.7,-0.9,0.2,-17.46,0.33,-9.36,-7.37,11.913,0.328,0.298,-0.786,-0.619,0.6329718004338395
32.9,1,-8.2,7.8,-0.7,0.3,-17.44,0.2,-9.24,-7.6,11.964,0.329,0.299,-0.772,-0.635,0.4591863517060367
33.0,1,-8.3,7.8,-0.9,0.4,-17.39,0.07,-9.09,-7.73,11.932,0.33,0.298,-0.762,-0.648,0.4330964467005077
33.1,1,-8.4,7.8,-0.9,0.3,-17.47,0.18,-9.07,-7.62,11.846,0.331,0.296,-0.766,-0.643,0.5231822971549
33.2,1,-8.5,7.9,-0.8,0.4,-17.34,0.19,-8.84,-7.71,11.73,0.332,0.293,-0.754,-0.657,0.38076062639821034
33.3,1,-8.5,7.9,-0.8,0.2,-17.46,0.14,-8.96,-7.76,11.853,0.333,0.296,-0.756,-0.655,0.5743030303030303
33.4,1,-8.6,7.9,-0.8,0.2,-17.53,0.26,-8.93,-7.64,11.752,0.334,0.294,-0.76,-0.65,0.5793939393939396
33.5,1,-8.7,7.9,-0.8,0.4,-17.66,0.25,-8.96,-7.65,11.782,0.335,0.295,-0.76,-0.649,0.3897091722595079
33.6,1,-8.8,8.0,-0.7,0.3,-17.57,0.35,-8.77,-7.65,11.638,0.336,0.291,-0.754,-0.657,0.4339895013123359
33.7,1,-8.8,8.0,-0.8,0.4,-17.45,0.28,-8.65,-7.72,11.594,0.337,0.29,-0.746,-0.666,0.3695749440715883
33.8,1,-8.9,8.0,-0.7,0.3,-17.38,0.39,-8.48,-7.61,11.394,0.338,0.285,-0.744,-0.668,0.4204724409448818
33.9,1,-9.0,8.0,-0.7,0.2,-17.37,0.53,-8.37,-7.47,11.219,0.339,0.28,-0.746,-0.666,0.5343406593406593
34.0,1,-9.1,8.1,-0.7,0.2,-17.42,0.65,-8.32,-7.45,11.168,0.34,0.279,-0.745,-0.667,0.5331043956043956
34.1,1,-9.1,8.1,-0.8,0.4,-17.31,0.58,-8.21,-7.52,11.133,0.341,0.278,-0.737,-0.675,0.3574944071588367
34.2,1,-9.2,8.1,-0.7,0.3,-17.18,0.61,-7.98,-7.49,10.944,0.342,0.274,-0.729,-0.684,0.4003937007874015
34.3,1,-9.3,8.2,-0.7,0.2,-17.27,0.52,-7.97,-7.68,11.068,0.343,0.277,-0.72,-0.694,0.5016483516483516
34.4,1,-9.4,8.2,-0.8,0.4,-17.41,0.51,-8.01,-7.69,11.104,0.344,0.278,-0.721,-0.693,0.3351230425055928
34.5,1,-9.5,8.2,-0.9,0.2,-17.3,0.44,-7.8,-7.76,11.003,0.345,0.275,-0.709,-0.705,0.5391540130151844
34.6,1,-9.5,8.2,-0.8,0.2,-17.17,0.39,-7.67,-7.81,10.946,0.346,0.274,-0.701,-0.714,0.5066666666666666
34.7,1,-9.6,8.3,-0.8,0.4,-17.08,0.48,-7.48,-7.82,10.821,0.347,0.271,-0.691,-0.723,0.29485458612975385
34.8,1,-9.7,8.3,-0.7,0.2,-17.13,0.36,-7.43,-7.94,10.874,0.348,0.272,-0.683,-0.73,0.4561813186813188
34.9,1,-9.8,8.3,-0.7,0.2,-17.03,0.28,-7.23,-8.02,10.798,0.349,0.27,-0.67,-0.743,0.44010989010989005
35.0,1,-9.8,8.3,-0.7,0.2,-16.9,0.33,-7.1,-7.97,10.674,0.35,0.267,-0.665,-0.747,0.4342032967032966
35.1,1,-9.9,8.4,-0.7,0.3,-16.77,0.3,-6.87,-8.1,10.621,0.351,0.266,-0.647,-0.763,0.2939632545931758
35.2,1,-10.0,8.4,-0.8,0.1,-16.73,0.17,-6.73,-8.23,10.631,0.352,0.266,-0.633,-0.774,0.532258064516129
35.3,1,-10.1,8.4,-0.8,0.2,-16.84,0.25,-6.74,-8.15,10.576,0.353,0.264,-0.637,-0.771,0.4307878787878789
35.4,1,-10.1,8.4,-0.8,0.4,-16.74,0.34,-6.64,-8.06,10.443,0.354,0.261,-0.636,-0.772,0.2237136465324385
35.5,1,-10.2,8.4,-0.8,0.2,-16.85,0.27,-6.65,-8.13,10.503,0.355,0.263,-0.633,-0.774,0.4261818181818182
35.6,1,-10.3,8.5,-0.9,0.2,-16.77,0.37,-6.47,-8.13,10.39,0.356,0.26,-0.623,-0.782,0.4385032537960954
35.7,1,-10.4,8.5,-0.9,0.4,-16.86,0.27,-6.46,-8.23,10.463,0.357,0.262,-0.617,-0.787,0.24416243654822334
35.8,1,-10.5,8.5,-0.8,0.2,-16.94,0.17,-6.44,-8.33,10.529,0.358,0.263,-0.612,-0.791,0.4016969696969698
35.9,1,-10.6,8.6,-0.8,0.4,-16.86,0.06,-6.26,-8.54,10.589,0.359,0.265,-0.591,-0.806,0.16823266219239372
36.0,1,-10.6,8.6,-0.7,0.3,-16.79,-0.05,-6.19,-8.65,10.637,0.36,0.266,-0.582,-0.813,0.2145669291338582
36.1,1,-10.7,8.6,-0.7,0.3,-16.79,-0.18,-6.09,-8.78,10.685,0.361,0.267,-0.57,-0.822,0.19999999999999998
36.2,1,-10.8,8.6,-0.9,0.3,-16.89,-0.27,-6.09,-8.87,10.759,0.362,0.269,-0.566,-0.824,0.276290832455216
36.3,1,-10.9,8.7,-0.9,0.3,-16.82,-0.38,-5.92,-9.08,10.839,0.363,0.271,-0.546,-0.838,0.2528977871443626
36.4,1,-11.0,8.7,-0.8,0.2,-16.75,-0.49,-5.75,-9.19,10.841,0.364,0.271,-0.53,-0.848,0.30836363636363645
36.5,1,-11.1,8.7,-0.9,0.3,-16.62,-0.45,-5.52,-9.15,10.686,0.365,0.267,-0.517,-0.856,0.219704952581665
36.6,1,-11.1,8.8,-0.7,0.3,-16.58,-0.32,-5.48,-9.12,10.64,0.366,0.266,-0.515,-0.857,0.13569553805774276
36.7,1,-11.2,8.8,-0.8,0.2,-16.45,-0.35,-5.25,-9.15,10.549,0.367,0.264,-0.498,-0.867,0.27272727272727276
36.8,1,-11.3,8.8,-0.7,0.4,-16.47,-0.21,-5.17,-9.01,10.388,0.368,0.26,-0.498,-0.867,0.002233250620347355
36.9,1,-11.4,8.8,-0.9,0.2,-16.56,-0.11,-5.16,-8.91,10.296,0.369,0.257,-0.501,-0.865,0.30140997830802607
37.0,1,-11.4,8.9,-0.8,0.4,-16.65,-0.02,-5.25,-8.92,10.35,0.37,0.259,-0.507,-0.862,0.06800894854586131
37.1,1,-11.5,8.9,-0.7,0.2,-16.66,0.11,-5.16,-8.79,10.193,0.371,0.255,-0.506,-0.862,0.24972527472527467
37.2,1,-11.6,8.9,-0.9,0.2,-16.77,0.19,-5.17,-8.71,10.129,0.372,0.253,-0.51,-0.86,0.31127982646420826
37.3,1,-11.7,8.9,-0.8,0.2,-16.83,0.07,-5.13,-8.83,10.212,0.373,0.255,-0.502,-0.865,0.2770909090909091
37.4,1,-11.8,8.9,-0.8,0.0,-16.69,0.09,-4.89,-8.81,10.076,0.374,0.252,-0.485,-0.874,0.485
37.5,1,-11.8,8.9,-0.7,0.1,-16.81,0.16,-5.01,-8.74,10.074,0.375,0.252,-0.497,-0.868,0.3693069306930693
37.6,1,-11.9,8.9,-0.6,0.0,-16.81,0.03,-4.91,-8.87,10.138,0.376,0.253,-0.484,-0.875,0.484
37.7,1,-12.0,8.9,-0.8,-0.0,-16.81,-0.11,-4.81,-9.01,10.214,0.377,0.255,-0.471,-0.882,0.47100000000000003
37.8,1,-12.0,8.9,-0.8,-0.0,-16.71,-0.18,-4.71,-9.08,10.229,0.378,0.256,-0.46,-0.888,0.46
37.9,1,-12.1,8.9,-0.6,0.1,-16.66,-0.31,-4.56,-9.21,10.277,0.379,0.257,-0.444,-0.896,0.2907894736842105
38.0,1,-12.2,9.0,-0.6,0.1,-16.56,-0.22,-4.36,-9.22,10.199,0.38,0.255,-0.427,-0.904,0.2726973684210526
38.1,1,-12.2,8.9,-0.6,-0.1,-16.59,-0.09,-4.39,-8.99,10.005,0.381,0.25,-0.439,-0.899,0.5810855263157894
38.2,1,-12.3,9.0,-0.8,0.0,-16.58,-0.22,-4.28,-9.22,10.165,0.382,0.254,-0.421,-0.907,0.421
38.3,1,-12.4,9.0,-0.6,0.2,-16.49,-0.32,-4.09,-9.32,10.178,0.383,0.254,-0.402,-0.916,0.09177215189873413
38.4,1,-12.4,9.0,-0.7,0.2,-16.38,-0.39,-3.98,-9.39,10.199,0.384,0.255,-0.39,-0.921,0.12197802197802189
38.5,1,-12.5,9.0,-0.7,0.2,-16.27,-0.31,-3.77,-9.31,10.044,0.385,0.251,-0.375,-0.927,0.10590659340659334
38.6,1,-12.6,9.0,-0.6,0.1,-16.36,-0.41,-3.76,-9.41,10.133,0.386,0.253,-0.371,-0.929,0.2133223684210526
38.7,1,-12.6,9.0,-0.6,0.2,-16.27,-0.31,-3.67,-9.31,10.007,0.387,0.25,-0.367,-0.93,0.05411392405063284
38.8,1,-12.7,9.0,-0.8,0.1,-16.21,-0.42,-3.51,-9.42,10.053,0.388,0.251,-0.349,-0.937,0.2301488833746898
38.9,1,-12.8,9.0,-0.7,0.0,-16.11,-0.34,-3.31,-9.34,9.909,0.389,0.248,-0.334,-0.943,0.334
39.0,1,-12.8,9.1,-0.6,0.2,-15.98,-0.38,-3.18,-9.48,9.999,0.39,0.25,-0.318,-0.948,0.0018987341772152004
39.1,1,-12.9,9.1,-0.7,0.1,-15.95,-0.5,-3.05,-9.6,10.073,0.391,0.252,-0.303,-0.953,0.1652050919377652
39.2,1,-12.9,9.1,-0.5,0.2,-16.04,-0.4,-3.14,-9.5,10.005,0.392,0.25,-0.314,-0.95,-0.061224489795918366
39.3,1,-13.0,9.1,-0.7,0.2,-16.17,-0.43,-3.17,-9.53,10.043,0.393,0.251,-0.316,-0.949,0.04313186813186811
39.4,1,-13.1,9.1,-0.7,0.2,-16.04,-0.4,-2.94,-9.5,9.945,0.394,0.249,-0.296,-0.955,0.022252747252747205
39.5,1,-13.1,9.2,-0.5,0.3,-15.94,-0.31,-2.84,-9.51,9.925,0.395,0.248,-0.286,-0.958,-0.24768439108061752
39.6,1,-13.2,9.2,-0.7,0.3,-15.87,-0.19,-2.67,-9.39,9.762,0.396,0.244,-0.274,-0.962,-0.1270341207349081
39.7,1,-13.2,9.2,-0.2,-0.1,-15.73,-0.21,-2.53,-9.41,9.744,0.397,0.244,-0.26,-0.966,0.6633928571428572
39.8,1,-13.2,9.2,-0.0,-0.2,-15.85,-0.28,-2.65,-9.48,9.843,0.398,0.246,-0.269,-0.963,0.963
39.9,1,-13.2,9.1,-0.1,-0.3,-15.79,-0.16,-2.59,-9.26,9.615,0.399,0.24,-0.269,-0.963,0.9993670886075948
40.0,1,-13.2,9.1,-0.1,-0.3,-15.71,-0.26,-2.51,-9.36,9.691,0.4,0.242,-0.259,-0.966,0.9990506329113923
40.1,1,-13.2,9.1,-0.0,-0.2,-15.58,-0.26,-2.38,-9.36,9.658,0.401,0.241,-0.246,-0.969,0.969
40.2,1,-13.3,9.1,-0.0,-0.1,-15.49,-0.16,-2.19,-9.26,9.515,0.402,0.238,-0.23,-0.973,0.973
40.3,1,-13.3,9.1,-0.0,-0.2,-15.37,-0.22,-2.07,-9.32,9.547,0.403,0.239,-0.217,-0.976,0.976
40.4,1,-13.3,9.1,-0.1,-0.1,-15.5,-0.19,-2.2,-9.29,9.547,0.404,0.239,-0.23,-0.973,0.8531914893617022
40.5,1,-13.3,9.1,-0.1,-0.1,-15.59,-0.29,-2.29,-9.39,9.665,0.405,0.242,-0.237,-0.972,0.8574468085106385
40.6,1,-13.3,9.1,-0.3,0.3,-15.46,-0.32,-2.16,-9.42,9.664,0.406,0.242,-0.224,-0.975,-0.531367924528302
40.7,1,-13.3,9.1,0.3,0.2,-15.58,-0.26,-2.28,-9.36,9.634,0.407,0.241,-0.237,-0.972,-0.7354570637119114
40.8,1,-13.3,9.1,-0.6,-0.5,-15.71,-0.23,-2.41,-9.33,9.636,0.408,0.241,-0.25,-0.968,0.8117797695262484
40.9,1,-13.3,9.1,0.5,0.3,-15.82,-0.16,-2.52,-9.26,9.597,0.409,0.24,-0.263,-0.965,-0.7221269296740995
41.0,1,-13.3,9.1,-0.2,0.4,-15.89,-0.27,-2.59,-9.37,9.721,0.41,0.243,-0.266,-0.964,-0.7436241610738255
41.1,1,-13.3,9.1,0.3,-0.6,-16.03,-0.28,-2.73,-9.38,9.769,0.411,0.244,-0.279,-0.96,0.7336810730253353
41.2,1,-13.3,9.1,-0.3,0.3,-16.15,-0.24,-2.85,-9.34,9.765,0.412,0.244,-0.292,-0.956,-0.469811320754717
41.3,1,-13.3,9.1,0.4,-0.0,-16.24,-0.34,-2.94,-9.44,9.887,0.413,0.247,-0.297,-0.955,-0.297
41.4,1,-13.4,9.1,-0.8,-0.1,-16.15,-0.43,-2.75,-9.53,9.919,0.414,0.248,-0.277,-0.961,0.3941687344913152
41.5,1,-13.3,9.1,0.4,0.1,-16.26,-0.36,-2.96,-9.46,9.912,0.415,0.248,-0.299,-0.954,-0.5218446601941747
41.6,1,-13.3,9.1,0.4,0.3,-16.24,-0.23,-2.94,-9.33,9.782,0.416,0.245,-0.301,-0.954,-0.8131999999999999
41.7,1,-13.3,9.1,-0.7,-0.6,-16.37,-0.26,-3.07,-9.36,9.851,0.417,0.246,-0.312,-0.95,0.8550976138828633
41.8,1,-13.3,9.1,0.3,0.4,-16.3,-0.16,-3.0,-9.26,9.734,0.418,0.243,-0.308,-0.951,-0.9456
41.9,1,-13.3,9.1,0.6,0.1,-16.25,-0.03,-2.95,-9.13,9.595,0.419,0.24,-0.307,-0.952,-0.4595394736842105
42.0,1,-13.3,9.1,-0.8,-0.3,-16.38,-0.06,-3.08,-9.16,9.664,0.42,0.242,-0.319,-0.948,0.6318501170960188
42.1,1,-13.3,9.1,0.3,0.1,-16.25,-0.09,-2.95,-9.19,9.652,0.421,0.241,-0.306,-0.952,-0.5917721518987342
42.2,1,-13.3,9.1,0.2,0.5,-16.32,-0.2,-3.02,-9.3,9.778,0.422,0.244,-0.309,-0.951,-0.9968460111317253
42.3,1,-13.3,9.0,-0.3,-0.9,-16.42,-0.12,-3.12,-9.12,9.639,0.423,0.241,-0.324,-0.946,0.9995785036880926
42.4,1,-13.3,9.1,0.2,0.4,-16.36,-0.0,-3.06,-9.1,9.601,0.424,0.24,-0.319,-0.948,-0.9910514541387024
42.5,1,-13.3,9.1,-0.3,0.5,-16.4,-0.13,-3.1,-9.23,9.737,0.425,0.243,-0.318,-0.948,-0.6493996569468268
42.6,1,-13.3,9.1,0.1,-0.8,-16.27,-0.14,-2.97,-9.24,9.706,0.426,0.243,-0.306,-0.952,0.9069478908188586
42.7,1,-13.3,9.1,-0.0,0.4,-16.34,-0.03,-3.04,-9.13,9.623,0.427,0.241,-0.316,-0.949,-0.949
42.8,1,-13.3,9.1,0.5,-0.5,-16.47,-0.08,-3.17,-9.18,9.712,0.428,0.243,-0.326,-0.945,0.4377652050919378
42.9,1,-13.3,9.1,-0.5,0.4,-16.59,-0.04,-3.29,-9.14,9.714,0.429,0.243,-0.339,-0.941,-0.32328125
43.0,1,-13.3,9.1,0.5,0.0,-16.46,-0.01,-3.16,-9.11,9.642,0.43,0.241,-0.328,-0.945,-0.328
43.1,1,-13.4,9.1,-0.8,-0.2,-16.5,0.12,-3.1,-8.98,9.5,0.431,0.238,-0.326,-0.945,0.5452121212121213
43.2,1,-13.4,9.1,-0.0,-0.3,-16.46,-0.01,-3.06,-9.11,9.61,0.432,0.24,-0.318,-0.948,0.948
43.3,1,-13.4,9.0,-0.0,-0.2,-16.57,0.06,-3.17,-8.94,9.485,0.433,0.237,-0.334,-0.943,0.943
43.4,1,-13.4,9.0,-0.0,-0.1,-16.48,-0.03,-3.08,-9.03,9.541,0.434,0.239,-0.323,-0.946,0.946
43.5,1,-13.4,9.0,-0.2,-0.1,-16.42,0.09,-3.02,-8.91,9.408,0.435,0.235,-0.321,-0.947,0.7093750000000001
43.6,1,-13.4,9.0,-0.2,-0.1,-16.49,0.2,-3.09,-8.8,9.327,0.436,0.233,-0.331,-0.943,0.7165178571428571
43.7,1,-13.4,9.0,-0.1,-0.3,-16.37,0.15,-2.97,-8.85,9.335,0.437,0.233,-0.318,-0.948,1.000632911392405
43.8,1,-13.4,9.0,-0.1,-0.1,-16.37,0.29,-2.97,-8.71,9.202,0.438,0.23,-0.323,-0.947,0.9007092198581561
43.9,1,-13.4,9.0,-0.2,-0.1,-16.49,0.23,-3.09,-8.77,9.298,0.439,0.232,-0.332,-0.943,0.7174107142857143
44.0,1,-13.4,9.0,0.4,0.4,-16.57,0.34,-3.17,-8.66,9.222,0.44,0.231,-0.344,-0.939,-0.906713780918728
44.1,1,-13.4,9.0,0.1,0.5,-16.59,0.47,-3.19,-8.53,9.107,0.441,0.228,-0.35,-0.937,-0.9872549019607844
44.2,1,-13.4,9.0,-0.1,-0.3,-16.5,0.37,-3.1,-8.63,9.17,0.442,0.229,-0.338,-0.941,1.0003164556962025
44.3,1,-13.4,9.0,-0.0,-0.1,-16.52,0.24,-3.12,-8.76,9.299,0.443,0.232,-0.336,-0.942,0.9420000000000001
44.4,1,-13.4,9.0,-0.1,-0.3,-16.41,0.32,-3.01,-8.68,9.187,0.444,0.23,-0.328,-0.945,1.0009493670886076
44.5,1,-13.4,9.0,-0.0,-0.1,-16.48,0.2,-3.08,-8.8,9.323,0.445,0.233,-0.33,-0.944,0.944
44.6,1,-13.4,8.9,-0.1,-0.3,-16.61,0.2,-3.21,-8.7,9.273,0.446,0.232,-0.346,-0.938,1.0
44.7,1,-13.4,8.9,-0.0,-0.1,-16.48,0.2,-3.08,-8.7,9.229,0.447,0.231,-0.334,-0.943,0.943
44.8,1,-13.4,8.9,-0.1,-0.1,-16.35,0.19,-2.95,-8.71,9.196,0.448,0.23,-0.321,-0.947,0.8992907801418443
44.9,1,-13.5,8.9,-0.2,-0.1,-16.43,0.29,-2.93,-8.61,9.095,0.449,0.227,-0.322,-0.947,0.7102678571428572
45.0,1,-13.5,8.9,-0.1,-0.1,-16.57,0.29,-3.07,-8.61,9.141,0.45,0.229,-0.336,-0.942,0.9063829787234046
45.1,1,-13.5,8.9,-0.2,-0.1,-16.65,0.19,-3.15,-8.71,9.262,0.451,0.232,-0.34,-0.94,0.7232142857142857
45.2,1,-13.5,8.9,-0.0,-0.2,-16.55,0.11,-3.05,-8.79,9.304,0.452,0.233,-0.328,-0.945,0.945
45.3,1,-13.5,8.8,-0.2,-0.2,-16.45,0.2,-2.95,-8.6,9.092,0.453,0.227,-0.324,-0.946,0.8975265017667845
45.4,1,-13.5,8.8,-0.0,-0.2,-16.46,0.33,-2.96,-8.47,8.972,0.454,0.224,-0.33,-0.944,0.944
45.5,1,-13.5,8.8,-0.2,-0.1,-16.38,0.22,-2.88,-8.58,9.05,0.455,0.226,-0.318,-0.948,0.7071428571428571
45.6,1,-13.5,8.8,0.5,-0.1,-16.25,0.2,-2.75,-8.6,9.029,0.456,0.226,-0.305,-0.952,-0.11235294117647057
45.7,1,-13.5,8.8,-0.6,0.0,-16.33,0.1,-2.83,-8.7,9.149,0.457,0.229,-0.309,-0.951,0.309
45.8,1,-13.5,8.8,0.5,0.0,-16.25,-0.01,-2.75,-8.81,9.229,0.458,0.231,-0.298,-0.955,-0.298
45.9,1,-13.5,8.8,-0.6,0.0,-16.12,0.04,-2.62,-8.76,9.143,0.459,0.229,-0.287,-0.958,0.287
46.0,1,-13.5,8.8,0.5,-0.3,-15.99,0.07,-2.49,-8.73,9.078,0.46,0.227,-0.274,-0.962,0.26003430531732413
46.1,1,-13.5,8.8,-0.2,0.4,-16.09,0.17,-2.59,-8.63,9.01,0.461,0.225,-0.287,-0.958,-0.7288590604026846
46.2,1,-13.5,8.8,0.4,-0.5,-16.18,0.26,-2.68,-8.54,8.951,0.462,0.224,-0.299,-0.954,0.5584375
46.3,1,-13.5,8.7,-0.2,-0.2,-16.12,0.14,-2.62,-8.56,8.952,0.463,0.224,-0.293,-0.956,0.8826855123674914
46.4,1,-13.5,8.7,-0.2,-0.2,-16.07,0.26,-2.57,-8.44,8.823,0.464,0.221,-0.291,-0.957,0.8819787985865726
46.5,1,-13.5,8.7,-0.1,-0.1,-16.11,0.14,-2.61,-8.56,8.949,0.465,0.224,-0.292,-0.957,0.8858156028368795
46.6,1,-13.5,8.7,0.4,-0.5,-16.17,0.25,-2.67,-8.45,8.862,0.466,0.222,-0.301,-0.954,0.5571875
46.7,1,-13.5,8.7,-0.1,-0.1,-16.28,0.33,-2.78,-8.37,8.82,0.467,0.22,-0.315,-0.949,0.89645390070922
46.8,1,-13.5,8.6,-0.1,-0.1,-16.38,0.24,-2.88,-8.36,8.842,0.468,0.221,-0.326,-0.945,0.9014184397163121
46.9,1,-13.5,8.6,-0.1,-0.3,-16.49,0.32,-2.99,-8.28,8.803,0.469,0.22,-0.34,-0.941,1.0009493670886076
47.0,1,-13.5,8.6,-0.2,-0.2,-16.48,0.45,-2.98,-8.15,8.678,0.47,0.217,-0.343,-0.939,0.9060070671378093
47.1,1,-13.5,8.6,-0.2,-0.1,-16.39,0.56,-2.89,-8.04,8.544,0.471,0.214,-0.338,-0.941,0.721875
47.2,1,-13.6,8.6,-0.2,-0.2,-16.51,0.62,-2.91,-7.98,8.494,0.472,0.212,-0.343,-0.939,0.9060070671378093
47.3,1,-13.6,8.6,-0.1,-0.1,-16.65,0.62,-3.05,-7.98,8.543,0.473,0.214,-0.357,-0.934,0.9156028368794329
47.4,1,-13.6,8.5,-0.2,-0.3,-16.78,0.64,-3.18,-7.86,8.479,0.474,0.212,-0.375,-0.927,0.9781163434903049
47.5,1,-13.6,8.5,-0.2,-0.1,-16.91,0.67,-3.31,-7.83,8.501,0.475,0.213,-0.389,-0.921,0.758482142857143
47.6,1,-13.6,8.5,-0.2,-0.2,-16.96,0.79,-3.36,-7.71,8.41,0.476,0.21,-0.4,-0.917,0.9307420494699649
47.7,1,-13.6,8.5,-0.0,-0.1,-17.06,0.88,-3.46,-7.62,8.369,0.477,0.209,-0.413,-0.911,0.9110000000000001
47.8,1,-13.7,8.5,-0.2,-0.2,-17.19,0.86,-3.49,-7.64,8.399,0.478,0.21,-0.416,-0.91,0.9371024734982333
47.9,1,-13.6,8.5,0.4,0.3,-17.12,0.74,-3.52,-7.76,8.521,0.479,0.213,-0.413,-0.911,-0.877
48.0,1,-13.6,8.5,0.5,0.0,-17.25,0.72,-3.65,-7.78,8.594,0.48,0.215,-0.425,-0.905,-0.425
48.1,1,-13.7,8.5,-0.8,0.1,-17.17,0.61,-3.47,-7.89,8.619,0.481,0.215,-0.403,-0.915,0.2864764267990074
48.2,1,-13.6,8.5,0.4,-0.2,-17.28,0.53,-3.68,-7.97,8.779,0.482,0.219,-0.419,-0.908,0.031319910514541416
48.3,1,-13.6,8.5,0.5,0.2,-17.38,0.44,-3.78,-8.06,8.902,0.483,0.223,-0.425,-0.905,-0.7300556586270872
48.4,1,-13.6,8.5,-0.7,-0.3,-17.27,0.52,-3.67,-7.98,8.783,0.484,0.22,-0.418,-0.909,0.7418635170603674
48.5,1,-13.6,8.5,0.5,0.1,-17.38,0.45,-3.78,-8.05,8.893,0.485,0.222,-0.425,-0.905,-0.5941176470588235
48.6,1,-13.6,8.5,-0.3,0.4,-17.34,0.32,-3.74,-8.18,8.994,0.486,0.225,-0.416,-0.909,-0.4776000000000001
48.7,1,-13.6,8.5,0.4,-0.6,-17.44,0.42,-3.84,-8.08,8.946,0.487,0.224,-0.429,-0.903,0.5134535367545076
48.8,1,-13.6,8.5,-0.5,0.4,-17.52,0.31,-3.92,-8.19,9.08,0.488,0.227,-0.432,-0.902,-0.22625
48.9,1,-13.6,8.5,0.5,-0.2,-17.41,0.24,-3.81,-8.26,9.096,0.489,0.227,-0.419,-0.908,-0.05176252319109458
49.0,1,-13.6,8.5,-0.5,0.2,-17.36,0.36,-3.76,-8.14,8.966,0.49,0.224,-0.419,-0.908,0.05176252319109458
49.1,1,-13.6,8.5,0.5,-0.4,-17.47,0.28,-3.87,-8.22,9.085,0.491,0.227,-0.426,-0.905,0.23281250000000006
49.2,1,-13.6,8.5,-0.4,0.3,-17.33,0.3,-3.73,-8.2,9.008,0.492,0.225,-0.414,-0.91,-0.21480000000000005
49.3,1,-13.6,8.5,0.4,-0.2,-17.43,0.39,-3.83,-8.11,8.969,0.493,0.224,-0.427,-0.904,0.022371364653243866
49.4,1,-13.6,8.5,-0.6,0.3,-17.3,0.4,-3.7,-8.1,8.905,0.494,0.223,-0.415,-0.91,-0.03576751117734731
49.5,1,-13.6,8.5,0.5,-0.4,-17.35,0.27,-3.75,-8.23,9.044,0.495,0.226,-0.415,-0.91,0.2445312500000001
49.6,1,-13.6,8.5,-0.1,0.4,-17.29,0.39,-3.69,-8.11,8.91,0.496,0.223,-0.414,-0.91,-0.7830097087378642
49.7,1,-13.6,8.5,0.4,-0.5,-17.41,0.46,-3.81,-8.04,8.897,0.497,0.222,-0.428,-0.904,0.43875
49.8,1,-13.6,8.5,-0.5,0.3,-17.35,0.58,-3.75,-7.92,8.763,0.498,0.219,-0.428,-0.904,-0.09811320754716982
49.9,1,-13.6,8.5,0.4,0.1,-17.39,0.45,-3.79,-8.05,8.898,0.499,0.222,-0.426,-0.905,-0.6332524271844661
50.0,1,-13.6,8.5,-0.6,-0.3,-17.51,0.51,-3.91,-7.99,8.895,0.5,0.222,-0.44,-0.898,0.7949329359165423
50.1,1,-13.7,8.5,-0.1,-0.1,-17.51,0.64,-3.81,-7.86,8.735,0.501,0.218,-0.436,-0.9,0.9475177304964539
50.2,1,-13.7,8.5,-0.2,-0.1,-17.6,0.54,-3.9,-7.96,8.864,0.502,0.222,-0.44,-0.898,0.7937500000000001
50.3,1,-13.7,8.4,-0.1,-0.2,-17.5,0.63,-3.8,-7.77,8.649,0.503,0.216,-0.439,-0.898,0.9977678571428571
50.4,1,-13.7,8.4,-0.1,-0.2,-17.37,0.6,-3.67,-7.8,8.62,0.504,0.215,-0.426,-0.905,0.9982142857142858
50.5,1,-13.7,8.4,-0.1,-0.1,-17.24,0.62,-3.54,-7.78,8.548,0.505,0.214,-0.414,-0.91,0.9390070921985818
50.6,1,-13.7,8.4,-0.2,-0.1,-17.18,0.74,-3.48,-7.66,8.413,0.506,0.21,-0.414,-0.91,0.7758928571428572
50.7,1,-13.7,8.4,-0.2,-0.2,-17.06,0.7,-3.36,-7.7,8.401,0.507,0.21,-0.4,-0.917,0.9307420494699649
50.8,1,-13.7,8.4,-0.1,-0.1,-17.18,0.75,-3.48,-7.65,8.404,0.508,0.21,-0.414,-0.91,0.9390070921985818
50.9,1,-13.8,8.3,-0.2,-0.1,-17.05,0.76,-3.25,-7.54,8.211,0.509,0.205,-0.396,-0.918,0.7633928571428572
51.0,1,-13.8,8.3,-0.1,-0.1,-17.13,0.66,-3.33,-7.64,8.334,0.51,0.208,-0.4,-0.917,0.9340425531914895
51.1,1,-13.8,8.3,-0.4,-0.8,-17.25,0.73,-3.45,-7.57,8.319,0.511,0.208,-0.415,-0.91,1.0000000000000002
51.2,1,-13.8,8.3,0.2,0.4,-17.36,0.8,-3.56,-7.5,8.302,0.512,0.208,-0.429,-0.903,-1.0
51.3,1,-13.9,8.2,-0.7,-0.5,-17.23,0.85,-3.33,-7.35,8.069,0.513,0.202,-0.413,-0.911,0.865813953488372
51.4,1,-13.9,8.2,-0.2,-0.1,-17.28,0.73,-3.38,-7.47,8.199,0.514,0.205,-0.412,-0.911,0.7745535714285715
51.5,1,-13.9,8.2,-0.0,-0.1,-17.2,0.62,-3.3,-7.58,8.267,0.515,0.207,-0.399,-0.917,0.917
51.6,1,-13.9,8.2,-0.1,-0.2,-17.3,0.71,-3.4,-7.49,8.226,0.516,0.206,-0.413,-0.911,0.9977678571428573
51.7,1,-13.9,8.2,-0.2,-0.3,-17.4,0.8,-3.5,-7.4,8.186,0.517,0.205,-0.428,-0.904,0.9883656509695291
51.8,1,-13.9,8.2,-0.2,-0.2,-17.27,0.86,-3.37,-7.34,8.077,0.518,0.202,-0.417,-0.909,0.9371024734982333
51.9,1,-14.0,8.1,-0.2,-0.1,-17.33,0.98,-3.33,-7.12,7.86,0.519,0.196,-0.424,-0.906,0.7830357142857143
52.0,1,-14.0,8.1,-0.2,-0.3,-17.27,1.1,-3.27,-7.0,7.726,0.52,0.193,-0.423,-0.906,0.9872576177285318
52.1,1,-14.0,8.1,-0.2,-0.1,-17.18,1.0,-3.18,-7.1,7.78,0.521,0.194,-0.409,-0.913,0.7727678571428571
52.2,1,-14.0,8.1,-0.2,-0.2,-17.14,0.88,-3.14,-7.22,7.873,0.522,0.197,-0.399,-0.917,0.930035335689046
52.3,1,-14.0,8.1,-0.0,-0.2,-17.24,0.79,-3.24,-7.31,7.996,0.523,0.2,-0.405,-0.914,0.914
52.4,1,-14.1,8.1,-0.2,-0.1,-17.37,0.79,-3.27,-7.31,8.008,0.524,0.2,-0.408,-0.913,0.771875
52.5,1,-14.1,8.0,-0.1,-0.1,-17.29,0.69,-3.19,-7.31,7.976,0.525,0.199,-0.4,-0.916,0.9333333333333336
52.6,1,-14.1,8.0,-0.2,-0.2,-17.19,0.77,-3.09,-7.23,7.863,0.526,0.197,-0.393,-0.919,0.9272084805653712
52.7,1,-14.1,8.0,-0.1,-0.1,-17.1,0.87,-3.0,-7.13,7.735,0.527,0.193,-0.388,-0.922,0.9290780141843973
52.8,1,-14.1,8.0,-0.0,-0.1,-17.23,0.84,-3.13,-7.16,7.814,0.528,0.195,-0.401,-0.916,0.9160000000000001
52.9,1,-14.1,8.0,-0.1,-0.1,-17.11,0.79,-3.01,-7.21,7.813,0.529,0.195,-0.385,-0.923,0.9276595744680853
53.0,1,-14.1,8.0,-0.1,-0.3,-17.23,0.84,-3.13,-7.16,7.814,0.53,0.195,-0.401,-0.916,0.9965189873417721
53.1,1,-14.1,8.0,0.3,0.2,-17.36,0.82,-3.26,-7.18,7.885,0.531,0.197,-0.413,-0.911,-0.8479224376731304
53.2,1,-14.1,8.0,0.4,0.4,-17.33,0.95,-3.23,-7.05,7.755,0.532,0.194,-0.417,-0.909,-0.9371024734982333
53.3,1,-14.0,8.1,0.3,0.3,-17.2,0.98,-3.2,-7.12,7.806,0.533,0.195,-0.41,-0.912,-0.9353773584905661
53.4,1,-14.0,8.1,0.2,0.5,-17.07,0.98,-3.07,-7.12,7.754,0.534,0.194,-0.396,-0.918,-0.9985157699443413
53.5,1,-14.0,8.0,-0.5,-0.8,-17.13,1.1,-3.13,-6.9,7.577,0.535,0.189,-0.413,-0.911,0.9918345705196184
53.6,1,-14.1,8.0,-0.2,-0.1,-17.21,1.21,-3.11,-6.79,7.468,0.536,0.187,-0.416,-0.909,0.7772321428571428
53.7,1,-14.1,8.0,-0.1,-0.3,-17.2,1.34,-3.1,-6.66,7.346,0.537,0.184,-0.422,-0.907,0.994620253164557
53.8,1,-14.1,8.0,-0.0,-0.2,-17.33,1.33,-3.23,-6.67,7.411,0.538,0.185,-0.436,-0.9,0.9
53.9,1,-14.1,8.0,-0.1,-0.3,-17.38,1.21,-3.28,-6.79,7.541,0.539,0.189,-0.435,-0.9,0.9920886075949367
54.0,1,-14.1,7.9,-0.2,-0.2,-17.47,1.32,-3.37,-6.58,7.393,0.54,0.185,-0.456,-0.89,0.9512367491166078
54.1,1,-14.1,8.0,-0.1,0.4,-17.57,1.22,-3.47,-6.78,7.616,0.541,0.19,-0.456,-0.89,-0.7533980582524272
54.2,1,-14.1,8.0,0.1,0.3,-17.61,1.1,-3.51,-6.9,7.741,0.542,0.194,-0.453,-0.891,-0.9892405063291139
54.3,1,-14.1,7.9,0.4,-0.6,-17.58,1.23,-3.48,-6.67,7.523,0.543,0.188,-0.463,-0.887,0.4812760055478502
54.4,1,-14.1,8.0,-0.5,0.3,-17.52,1.35,-3.42,-6.65,7.478,0.544,0.187,-0.457,-0.889,-0.0655231560891938
54.5,1,-14.1,8.0,0.2,0.5,-17.41,1.41,-3.31,-6.59,7.375,0.545,0.184,-0.449,-0.894,-0.9959183673469388
54.6,1,-14.1,8.0,-0.5,-0.6,-17.31,1.51,-3.21,-6.49,7.24,0.546,0.181,-0.443,-0.896,0.9719590268886044
54.7,1,-14.2,7.9,-0.1,-0.3,-17.44,1.53,-3.24,-6.37,7.147,0.547,0.179,-0.453,-0.891,0.9892405063291139
54.8,1,-14.2,7.9,-0.1,-0.1,-17.34,1.45,-3.14,-6.45,7.174,0.548,0.179,-0.438,-0.899,0.9482269503546101
54.9,1,-14.2,7.9,-0.2,-0.2,-17.32,1.58,-3.12,-6.32,7.048,0.549,0.176,-0.443,-0.897,0.9469964664310956
55.0,1,-14.2,7.9,-0.1,-0.3,-17.38,1.71,-3.18,-6.19,6.959,0.55,0.174,-0.457,-0.889,0.9886075949367089
55.1,1,-14.2,7.9,-0.2,-0.2,-17.26,1.77,-3.06,-6.13,6.851,0.551,0.171,-0.447,-0.895,0.9484098939929331
55.2,1,-14.2,7.8,-0.2,-0.1,-17.38,1.84,-3.18,-5.96,6.755,0.552,0.169,-0.471,-0.882,0.8142857142857143
55.3,1,-14.3,7.8,-0.1,-0.3,-17.28,1.92,-2.98,-5.88,6.592,0.553,0.165,-0.452,-0.892,0.989873417721519
55.4,1,-14.3,7.8,-0.0,-0.2,-17.17,1.85,-2.87,-5.95,6.606,0.554,0.165,-0.434,-0.901,0.9010000000000001
55.5,1,-14.3,7.8,-0.1,-0.2,-17.13,1.98,-2.83,-5.82,6.472,0.555,0.162,-0.437,-0.899,0.9977678571428573
55.6,1,-14.3,7.8,-0.2,-0.2,-17.19,2.1,-2.89,-5.7,6.391,0.556,0.16,-0.452,-0.892,0.9498233215547706
55.7,1,-14.3,7.7,-0.2,-0.1,-17.33,2.09,-3.03,-5.61,6.376,0.557,0.159,-0.475,-0.88,0.8169642857142857
55.8,1,-14.3,7.7,-0.0,-0.2,-17.25,1.98,-2.95,-5.72,6.436,0.558,0.161,-0.458,-0.889,0.889
55.9,1,-14.3,7.7,-0.2,-0.1,-17.12,1.99,-2.82,-5.71,6.368,0.559,0.159,-0.443,-0.897,0.7959821428571429
56.0,1,-14.3,7.7,-0.1,-0.1,-17.03,2.09,-2.73,-5.61,6.239,0.56,0.156,-0.438,-0.899,0.9482269503546101
56.1,1,-14.4,7.7,-0.2,-0.2,-17.12,2.18,-2.72,-5.52,6.154,0.561,0.154,-0.442,-0.897,0.9462897526501769
56.2,1,-14.4,7.7,-0.2,-0.2,-17.21,2.28,-2.81,-5.42,6.105,0.562,0.153,-0.46,-0.888,0.9526501766784453
56.3,1,-14.4,7.6,-0.0,-0.2,-17.35,2.3,-2.95,-5.3,6.066,0.563,0.152,-0.486,-0.874,0.874
56.4,1,-14.4,7.7,-0.2,0.6,-17.39,2.42,-2.99,-5.28,6.068,0.564,0.152,-0.493,-0.87,-0.6699367088607595
56.5,1,-14.4,7.7,-0.2,-0.3,-17.51,2.36,-3.11,-5.34,6.18,0.565,0.154,-0.503,-0.864,0.9966759002770084
56.6,1,-14.4,7.7,-0.1,-0.1,-17.38,2.33,-2.98,-5.37,6.141,0.566,0.154,-0.485,-0.874,0.9638297872340428
56.7,1,-14.5,7.7,-0.2,-0.1,-17.28,2.24,-2.78,-5.46,6.127,0.567,0.153,-0.454,-0.891,0.803125
56.8,1,-14.5,7.6,-0.2,-0.3,-17.17,2.31,-2.67,-5.29,5.926,0.568,0.148,-0.451,-0.893,0.9919667590027701
56.9,1,-14.5,7.6,-0.2,-0.1,-17.05,2.38,-2.55,-5.22,5.81,0.569,0.145,-0.439,-0.898,0.7928571428571429
57.0,1,-14.5,7.6,-0.0,-0.1,-16.94,2.31,-2.44,-5.29,5.826,0.57,0.146,-0.419,-0.908,0.908
57.1,1,-14.5,7.6,-0.1,-0.2,-17.07,2.34,-2.57,-5.26,5.854,0.571,0.146,-0.439,-0.899,0.9986607142857143
57.2,1,-14.5,7.6,-0.1,-0.1,-17.19,2.39,-2.69,-5.21,5.863,0.572,0.147,-0.459,-0.889,0.9560283687943264
57.3,1,-14.5,7.6,-0.2,-0.3,-17.13,2.5,-2.63,-5.1,5.738,0.573,0.143,-0.458,-0.889,0.9925207756232688
57.4,1,-14.6,7.5,-0.2,-0.3,-17.26,2.52,-2.66,-4.98,5.646,0.574,0.141,-0.471,-0.882,0.9939058171745153
57.5,1,-14.5,7.6,0.3,0.3,-17.13,2.56,-2.63,-5.04,5.685,0.575,0.142,-0.463,-0.887,-0.9551886792452831
57.6,1,-14.5,7.5,-0.2,-0.1,-17.25,2.5,-2.75,-5.0,5.706,0.576,0.143,-0.482,-0.876,0.8214285714285714
57.7,1,-14.6,7.5,-0.1,-0.3,-17.35,2.41,-2.75,-5.09,5.785,0.577,0.145,-0.475,-0.88,0.9857594936708861
57.8,1,-14.6,7.5,-0.2,-0.2,-17.45,2.5,-2.85,-5.0,5.755,0.578,0.144,-0.495,-0.869,0.9639575971731451
57.9,1,-14.6,7.5,-0.0,-0.1,-17.48,2.63,-2.88,-4.87,5.658,0.579,0.141,-0.509,-0.861,0.8610000000000001
58.0,1,-14.6,7.5,-0.2,-0.1,-17.35,2.6,-2.75,-4.9,5.619,0.58,0.14,-0.489,-0.872,0.8258928571428571
58.1,1,-14.6,7.5,-0.2,-0.1,-17.29,2.72,-2.69,-4.78,5.485,0.581,0.137,-0.49,-0.871,0.8263392857142857
58.2,1,-14.6,7.4,-0.1,-0.2,-17.38,2.82,-2.78,-4.58,5.358,0.582,0.134,-0.519,-0.855,0.9950892857142858
58.3,1,-14.6,7.4,-0.1,-0.2,-17.27,2.9,-2.67,-4.5,5.232,0.583,0.131,-0.51,-0.86,0.9955357142857144
58.4,1,-14.6,7.4,-0.1,-0.3,-17.26,3.03,-2.66,-4.37,5.116,0.584,0.128,-0.52,-0.854,0.9753164556962024
58.5,1,-14.7,7.4,-0.2,-0.3,-17.24,2.9,-2.54,-4.5,5.167,0.585,0.129,-0.492,-0.871,0.9963988919667589
58.6,1,-14.7,7.3,-0.1,-0.3,-17.14,2.99,-2.44,-4.31,4.953,0.586,0.124,-0.493,-0.87,0.9819620253164557
58.7,1,-14.7,7.3,-0.2,-0.2,-17.22,2.88,-2.52,-4.42,5.088,0.587,0.127,-0.495,-0.869,0.9639575971731451
58.8,1,-14.7,7.3,-0.3,-0.2,-17.15,2.77,-2.45,-4.53,5.15,0.588,0.129,-0.476,-0.88,0.8831024930747922
58.9,1,-14.7,7.3,-0.2,-0.2,-17.04,2.85,-2.34,-4.45,5.028,0.589,0.126,-0.465,-0.885,0.9540636042402828
59.0,1,-14.8,7.3,-0.1,-0.1,-17.08,2.72,-2.28,-4.58,5.116,0.59,0.128,-0.446,-0.895,0.9510638297872341
59.1,1,-14.7,7.3,0.4,0.1,-16.99,2.82,-2.29,-4.48,5.031,0.591,0.126,-0.455,-0.89,-0.6577669902912622
59.2,1,-14.7,7.3,0.1,0.5,-17.03,2.69,-2.33,-4.61,5.165,0.592,0.129,-0.451,-0.893,-0.963921568627451
59.3,1,-14.7,7.3,-0.2,-0.8,-16.94,2.59,-2.24,-4.71,5.216,0.593,0.13,-0.429,-0.903,0.9796363636363637
59.4,1,-14.7,7.3,0.2,0.5,-16.85,2.49,-2.15,-4.81,5.269,0.594,0.132,-0.408,-0.913,-0.998330241187384
59.5,1,-14.6,7.3,0.6,-0.4,-16.93,2.6,-2.33,-4.7,5.246,0.595,0.131,-0.444,-0.896,0.12760055478502091
59.6,1,-14.7,7.3,-0.7,0.2,-17.01,2.71,-2.31,-4.59,5.139,0.596,0.128,-0.45,-0.893,0.18736263736263736
59.7,1,-14.7,7.3,0.4,0.2,-17.09,2.81,-2.39,-4.49,5.086,0.597,0.127,-0.47,-0.883,-0.8156599552572708
59.8,1,-14.7,7.3,-0.7,-0.2,-17.21,2.88,-2.51,-4.42,5.083,0.598,0.127,-0.494,-0.87,0.7140109890109891
59.9,1,-14.7,7.3,0.4,0.0,-17.32,2.8,-2.62,-4.5,5.207,0.599,0.13,-0.503,-0.864,-0.503
60.0,1,-14.7,7.3,0.3,0.4,-17.41,2.71,-2.71,-4.59,5.33,0.6,0.133,-0.508,-0.861,-0.9936
60.1,1,-14.7,7.3,-0.2,-0.3,-17.52,2.79,-2.82,-4.51,5.319,0.601,0.133,-0.53,-0.848,0.998337950138504
60.2,1,-14.7,7.3,-0.0,-0.2,-17.57,2.67,-2.87,-4.63,5.447,0.602,0.136,-0.527,-0.85,0.85
60.3,1,-14.7,7.3,-0.2,-0.2,-17.44,2.67,-2.74,-4.63,5.38,0.603,0.134,-0.509,-0.861,0.9681978798586575
60.4,1,-14.7,7.2,-0.2,-0.1,-17.51,2.56,-2.81,-4.64,5.425,0.604,0.136,-0.518,-0.855,0.8441964285714286
60.5,1,-14.8,7.2,-0.0,-0.1,-17.61,2.65,-2.81,-4.55,5.348,0.605,0.134,-0.525,-0.851,0.8510000000000001
60.6,1,-14.8,7.2,-0.2,-0.1,-17.52,2.55,-2.72,-4.65,5.387,0.606,0.135,-0.505,-0.863,0.8361607142857144
60.7,1,-14.8,7.2,-0.0,-0.2,-17.52,2.69,-2.72,-4.51,5.267,0.607,0.132,-0.516,-0.856,0.8560000000000001
60.8,1,-14.8,7.2,-0.1,-0.3,-17.52,2.82,-2.72,-4.38,5.156,0.608,0.129,-0.528,-0.849,0.9731012658227848
60.9,1,-14.8,7.2,-0.1,-0.2,-17.63,2.74,-2.83,-4.46,5.282,0.609,0.132,-0.536,-0.844,0.9928571428571429
61.0,1,-14.8,7.2,-0.2,0.4,-17.7,2.63,-2.9,-4.57,5.412,0.61,0.135,-0.536,-0.844,-0.5154362416107382
61.1,1,-14.8,7.2,0.5,-0.1,-17.69,2.5,-2.89,-4.7,5.517,0.611,0.138,-0.524,-0.852,-0.3466666666666667
61.2,1,-14.8,7.2,-0.7,0.0,-17.78,2.4,-2.98,-4.8,5.65,0.612,0.141,-0.527,-0.85,0.527
61.3,1,-14.8,7.2,0.4,0.1,-17.69,2.3,-2.89,-4.9,5.689,0.613,0.142,-0.508,-0.861,-0.7021844660194175
61.4,1,-14.9,7.2,-0.8,-0.3,-17.82,2.27,-2.92,-4.93,5.73,0.614,0.143,-0.51,-0.86,0.7798594847775177
61.5,1,-14.8,7.2,0.5,0.2,-17.91,2.17,-3.11,-5.03,5.914,0.615,0.148,-0.526,-0.851,-0.8037105751391466
61.6,1,-14.8,7.2,0.1,0.3,-17.93,2.04,-3.13,-5.16,6.035,0.616,0.151,-0.519,-0.855,-0.9759493670886076
61.7,1,-14.8,7.1,-0.1,-0.7,-17.96,2.17,-3.16,-4.93,5.856,0.617,0.146,-0.54,-0.842,0.9100424328147101
61.8,1,-14.8,7.2,0.0,0.5,-18.07,2.09,-3.27,-5.11,6.067,0.618,0.152,-0.539,-0.842,-0.842
61.9,1,-14.8,7.2,0.2,0.2,-17.97,2.18,-3.17,-5.02,5.937,0.619,0.148,-0.534,-0.846,-0.9752650176678447
62.0,1,-14.8,7.2,-0.6,-0.7,-18.07,2.1,-3.27,-5.1,6.058,0.62,0.151,-0.54,-0.842,0.9906724511930585
62.1,1,-14.8,7.2,0.4,0.4,-18.11,2.22,-3.31,-4.98,5.98,0.621,0.15,-0.554,-0.833,-0.9802120141342756
62.2,1,-14.8,7.2,0.3,0.3,-18.15,2.09,-3.35,-5.11,6.11,0.622,0.153,-0.548,-0.836,-0.9792452830188679
62.3,1,-14.8,7.1,-0.5,-0.7,-18.28,2.08,-3.48,-5.02,6.108,0.623,0.153,-0.57,-0.822,1.0004651162790696
62.4,1,-14.8,7.2,0.3,0.3,-18.16,2.13,-3.36,-5.07,6.082,0.624,0.152,-0.552,-0.834,-0.9806603773584904
62.5,1,-14.8,7.2,-0.0,0.6,-18.09,2.25,-3.29,-4.95,5.944,0.625,0.149,-0.553,-0.833,-0.833
62.6,1,-14.8,7.2,0.1,-0.8,-18.09,2.12,-3.29,-5.08,6.052,0.626,0.151,-0.544,-0.839,0.7652605459057071
62.7,1,-14.8,7.2,-0.0,0.4,-18.03,2.0,-3.23,-5.2,6.122,0.627,0.153,-0.528,-0.849,-0.849
62.8,1,-14.8,7.1,0.1,-0.6,-18.0,2.13,-3.2,-4.97,5.911,0.628,0.148,-0.541,-0.841,0.7409539473684209
62.9,1,-14.8,7.2,-0.2,0.4,-17.94,2.25,-3.14,-4.95,5.862,0.629,0.147,-0.536,-0.844,-0.5154362416107382
63.0,1,-14.8,7.2,0.1,0.5,-18.02,2.36,-3.22,-4.84,5.813,0.63,0.145,-0.554,-0.833,-0.9252941176470588
63.1,1,-14.8,7.2,-0.2,-0.7,-18.01,2.49,-3.21,-4.71,5.7,0.631,0.143,-0.563,-0.826,0.9489010989010989
63.2,1,-14.8,7.2,0.1,0.5,-17.9,2.42,-3.1,-4.78,5.697,0.632,0.142,-0.544,-0.839,-0.9292156862745098
63.3,1,-14.8,7.1,-0.3,-0.7,-18.02,2.35,-3.22,-4.75,5.739,0.633,0.143,-0.561,-0.828,0.9814960629921259
63.4,1,-14.8,7.2,0.2,0.4,-18.13,2.28,-3.33,-4.92,5.941,0.634,0.149,-0.561,-0.828,-0.9919463087248322
63.5,1,-14.8,7.2,0.1,0.5,-18.16,2.41,-3.36,-4.79,5.851,0.635,0.146,-0.574,-0.819,-0.9154901960784313
63.6,1,-14.8,7.2,-0.3,-0.7,-18.29,2.37,-3.49,-4.83,5.959,0.636,0.149,-0.586,-0.811,0.9757217847769027
63.7,1,-14.8,7.2,0.1,0.3,-18.16,2.33,-3.36,-4.87,5.917,0.637,0.148,-0.568,-0.823,-0.9610759493670885
63.8,1,-14.8,7.2,0.3,0.3,-18.3,2.32,-3.5,-4.88,6.005,0.638,0.15,-0.583,-0.813,-0.9877358490566037
63.9,1,-14.8,7.2,-0.6,-0.6,-18.2,2.23,-3.4,-4.97,6.022,0.639,0.151,-0.565,-0.825,0.9823321554770317
64.0,1,-14.8,7.2,0.4,0.3,-18.3,2.32,-3.5,-4.88,6.005,0.64,0.15,-0.583,-0.813,-0.9541999999999999
64.1,1,-14.9,7.2,-0.8,0.1,-18.39,2.23,-3.49,-4.97,6.073,0.641,0.152,-0.575,-0.818,0.4692307692307692
64.2,1,-14.8,7.2,0.5,-0.1,-18.46,2.11,-3.66,-5.09,6.269,0.642,0.157,-0.584,-0.812,-0.4133333333333333
64.3,1,-14.8,7.2,0.4,-0.0,-18.34,2.16,-3.54,-5.04,6.159,0.643,0.154,-0.575,-0.818,-0.575
64.4,1,-14.8,7.2,-0.6,0.2,-18.21,2.13,-3.41,-5.07,6.11,0.644,0.153,-0.558,-0.83,0.26708860759493674
64.5,1,-14.8,7.2,0.5,-0.3,-18.16,2.0,-3.36,-5.2,6.191,0.645,0.155,-0.543,-0.84,-0.03344768439108065
64.6,1,-14.8,7.2,-0.3,0.5,-18.09,1.89,-3.29,-5.31,6.247,0.646,0.156,-0.527,-0.85,-0.4578044596912522
64.7,1,-14.8,7.2,0.3,-0.6,-18.08,2.02,-3.28,-5.18,6.131,0.647,0.153,-0.535,-0.845,0.5163934426229508
64.8,1,-14.8,7.2,-0.2,0.6,-18.2,1.96,-3.4,-5.24,6.246,0.648,0.156,-0.544,-0.839,-0.6243670886075948
64.9,1,-14.8,7.2,0.2,-0.8,-18.29,2.06,-3.49,-5.14,6.213,0.649,0.155,-0.562,-0.827,0.6656969696969697
65.0,1,-14.8,7.2,-0.1,0.5,-18.38,2.16,-3.58,-5.04,6.182,0.65,0.155,-0.579,-0.815,-0.6854901960784313
65.1,1,-14.8,7.2,-0.1,-0.2,-18.51,2.13,-3.71,-5.07,6.282,0.651,0.157,-0.591,-0.807,0.9843750000000001
65.2,1,-14.8,7.2,0.4,0.2,-18.38,2.15,-3.58,-5.05,6.19,0.652,0.155,-0.578,-0.816,-0.8823266219239373
65.3,1,-14.9,7.2,-0.7,-0.6,-18.4,2.29,-3.5,-4.91,6.03,0.653,0.151,-0.58,-0.814,0.9700650759219087
65.4,1,-14.9,7.1,-0.2,-0.1,-18.45,2.41,-3.55,-4.69,5.882,0.654,0.147,-0.604,-0.797,0.8950892857142857
65.5,1,-14.9,7.1,-0.2,-0.1,-18.54,2.5,-3.64,-4.6,5.866,0.655,0.147,-0.621,-0.784,0.9044642857142857
65.6,1,-14.9,7.1,-0.1,-0.1,-18.42,2.46,-3.52,-4.64,5.824,0.656,0.146,-0.604,-0.797,0.9936170212765959
65.7,1,-14.9,7.1,-0.1,-0.1,-18.46,2.59,-3.56,-4.51,5.746,0.657,0.144,-0.62,-0.785,0.99645390070922
65.8,1,-14.9,7.1,-0.0,-0.2,-18.38,2.69,-3.48,-4.41,5.618,0.658,0.14,-0.619,-0.785,0.7850000000000001
65.9,1,-14.9,7.1,-0.1,-0.3,-18.28,2.61,-3.38,-4.49,5.62,0.659,0.14,-0.601,-0.799,0.9487341772151899
66.0,1,-14.9,7.1,-0.1,-0.1,-18.16,2.68,-3.26,-4.42,5.492,0.66,0.137,-0.594,-0.805,0.992198581560284
66.1,1,-14.9,7.1,-0.0,-0.1,-18.26,2.77,-3.36,-4.33,5.481,0.661,0.137,-0.613,-0.79,0.7900000000000001
66.2,1,-15.0,7.0,-0.2,-0.1,-18.34,2.67,-3.34,-4.33,5.469,0.662,0.137,-0.611,-0.792,0.899107142857143
66.3,1,-15.0,7.0,-0.2,-0.1,-18.32,2.54,-3.32,-4.46,5.56,0.663,0.139,-0.597,-0.802,0.8910714285714285
66.4,1,-15.0,7.0,0.1,-0.2,-18.4,2.42,-3.4,-4.58,5.704,0.664,0.143,-0.596,-0.803,0.4508928571428572
66.5,1,-15.0,7.0,0.1,-0.2,-18.43,2.55,-3.43,-4.45,5.618,0.665,0.14,-0.611,-0.792,0.43437500000000007
66.6,1,-15.0,7.0,-0.1,-0.1,-18.44,2.42,-3.44,-4.58,5.728,0.666,0.143,-0.601,-0.8,0.9936170212765959
66.7,1,-15.0,7.0,-0.0,-0.2,-18.33,2.49,-3.33,-4.51,5.606,0.667,0.14,-0.594,-0.804,0.804
66.8,1,-15.0,7.0,-0.2,-0.1,-18.22,2.56,-3.22,-4.44,5.485,0.668,0.137,-0.587,-0.809,0.8852678571428573
66.9,1,-15.0,6.9,0.0,-0.1,-18.32,2.64,-3.32,-4.26,5.401,0.669,0.135,-0.615,-0.789,0.789
67.0,1,-15.0,6.9,0.1,-0.2,-18.22,2.73,-3.22,-4.17,5.269,0.67,0.132,-0.611,-0.791,0.43348214285714287
67.1,1,-15.0,6.9,0.1,-0.3,-18.31,2.83,-3.31,-4.07,5.246,0.671,0.131,-0.631,-0.776,0.5370253164556963
67.2,1,-15.0,6.9,-0.1,-0.2,-18.25,2.71,-3.25,-4.19,5.303,0.672,0.133,-0.613,-0.79,0.9790178571428573
67.3,1,-15.0,6.8,0.1,-0.2,-18.12,2.67,-3.12,-4.13,5.176,0.673,0.129,-0.603,-0.798,0.4433035714285715
67.4,1,-15.0,6.8,0.1,-0.3,-18.25,2.63,-3.25,-4.17,5.287,0.674,0.132,-0.615,-0.789,0.5544303797468354
67.5,1,-15.0,6.8,-0.1,-0.2,-18.34,2.53,-3.34,-4.27,5.421,0.675,0.136,-0.616,-0.788,0.9785714285714285
67.6,1,-15.0,6.8,0.1,-0.3,-18.23,2.47,-3.23,-4.33,5.402,0.676,0.135,-0.598,-0.802,0.5721518987341773
67.7,1,-15.0,6.7,0.1,-0.3,-18.17,2.35,-3.17,-4.35,5.383,0.677,0.135,-0.589,-0.808,0.5806962025316456
67.8,1,-14.9,6.7,0.1,-0.3,-18.04,2.37,-3.14,-4.33,5.349,0.678,0.134,-0.587,-0.809,0.5822784810126582
67.9,1,-15.0,6.7,-0.1,-0.2,-18.1,2.49,-3.1,-4.21,5.228,0.679,0.131,-0.593,-0.805,0.983482142857143
68.0,1,-14.9,6.7,0.1,-0.3,-18.11,2.62,-3.21,-4.08,5.191,0.68,0.13,-0.618,-0.786,0.5506329113924051
68.1,1,-14.9,6.7,0.1,-0.1,-17.99,2.57,-3.09,-4.13,5.158,0.681,0.129,-0.599,-0.801,0.14326241134751777
68.2,1,-14.9,6.7,-0.0,-0.1,-18.04,2.45,-3.14,-4.25,5.284,0.682,0.132,-0.594,-0.804,0.804
68.3,1,-14.9,6.6,-0.0,-0.1,-18.14,2.54,-3.24,-4.06,5.194,0.683,0.13,-0.624,-0.782,0.782
68.4,1,-15.0,6.6,-0.1,-0.3,-18.24,2.62,-3.24,-3.98,5.132,0.684,0.128,-0.631,-0.776,0.9363924050632911
68.5,1,-15.0,6.6,0.0,-0.1,-18.35,2.54,-3.35,-4.06,5.264,0.685,0.132,-0.636,-0.771,0.771
68.6,1,-14.9,6.6,0.1,-0.3,-18.37,2.67,-3.47,-3.93,5.243,0.686,0.131,-0.662,-0.75,0.5025316455696202
68.7,1,-14.9,6.6,-0.1,-0.2,-18.34,2.8,-3.44,-3.8,5.126,0.687,0.128,-0.671,-0.741,0.9611607142857143
68.8,1,-15.0,6.5,-0.1,-0.3,-18.44,2.72,-3.44,-3.78,5.111,0.688,0.128,-0.673,-0.74,0.915506329113924
68.9,1,-14.9,6.5,0.1,-0.3,-18.56,2.78,-3.66,-3.72,5.219,0.689,0.13,-0.701,-0.713,0.45506329113924043
69.0,1,-14.9,6.5,0.1,-0.1,-18.64,2.89,-3.74,-3.61,5.198,0.69,0.13,-0.72,-0.694,-0.018439716312056677
69.1,1,-14.9,6.5,0.3,0.4,-18.51,2.85,-3.61,-3.65,5.134,0.691,0.128,-0.703,-0.711,-0.9905999999999999
69.2,1,-14.9,6.6,0.1,0.3,-18.49,2.72,-3.59,-3.88,5.286,0.692,0.132,-0.679,-0.734,-0.9117088607594935
69.3,1,-14.9,6.6,0.1,0.3,-18.42,2.6,-3.52,-4.0,5.328,0.693,0.133,-0.661,-0.751,-0.9221518987341771
69.4,1,-14.9,6.6,-0.4,0.4,-18.35,2.71,-3.45,-3.89,5.199,0.694,0.13,-0.664,-0.748,-0.05936395759717318
69.5,1,-14.9,6.6,0.5,-0.5,-18.3,2.59,-3.4,-4.01,5.257,0.695,0.131,-0.647,-0.763,0.08203677510608204
69.6,1,-14.9,6.6,-0.3,0.2,-18.32,2.72,-3.42,-3.88,5.172,0.696,0.129,-0.661,-0.75,0.13379501385041548
69.7,1,-14.8,6.6,0.7,-0.2,-18.45,2.7,-3.65,-3.9,5.342,0.697,0.134,-0.683,-0.73,-0.4561813186813188
69.8,1,-14.9,6.6,-0.6,0.1,-18.57,2.76,-3.67,-3.84,5.312,0.698,0.133,-0.691,-0.723,0.5629934210526315
69.9,1,-14.9,6.6,0.4,0.1,-18.68,2.68,-3.78,-3.92,5.446,0.699,0.136,-0.694,-0.72,-0.8485436893203885
70.0,1,-14.9,6.6,-0.5,-0.2,-18.58,2.77,-3.68,-3.83,5.311,0.7,0.133,-0.693,-0.721,0.9103896103896103
70.1,1,-14.9,6.6,-0.1,-0.1,-18.49,2.68,-3.59,-3.92,5.315,0.701,0.133,-0.675,-0.738,1.0021276595744681
70.2,1,-14.9,6.6,0.1,-0.1,-18.49,2.81,-3.59,-3.79,5.22,0.702,0.13,-0.688,-0.726,0.026950354609929065
70.3,1,-14.9,6.5,0.1,-0.3,-18.6,2.73,-3.7,-3.77,5.282,0.703,0.132,-0.7,-0.714,0.4563291139240506
70.4,1,-14.9,6.6,0.2,0.4,-18.53,2.62,-3.63,-3.98,5.387,0.704,0.135,-0.674,-0.739,-0.9628635346756153
70.5,1,-14.9,6.6,-0.3,0.3,-18.42,2.54,-3.52,-4.06,5.373,0.705,0.134,-0.655,-0.756,-0.07146226415094338
70.6,1,-14.8,6.6,0.7,-0.4,-18.54,2.61,-3.74,-3.99,5.469,0.706,0.137,-0.684,-0.73,-0.2317617866004963
70.7,1,-14.9,6.6,-0.5,0.3,-18.43,2.68,-3.53,-3.92,5.275,0.707,0.132,-0.669,-0.743,0.19142367066895374
70.8,1,-14.9,6.6,0.0,0.3,-18.35,2.57,-3.45,-4.03,5.305,0.708,0.133,-0.65,-0.76,-0.76
70.9,1,-14.9,6.5,-0.1,-0.7,-18.27,2.68,-3.37,-3.82,5.094,0.709,0.127,-0.662,-0.75,0.8362093352192361
71.0,1,-14.9,6.5,-0.1,-0.3,-18.19,2.57,-3.29,-3.93,5.125,0.71,0.128,-0.642,-0.767,0.9313291139240506
71.1,1,-14.9,6.5,-0.1,-0.3,-18.06,2.53,-3.16,-3.97,5.074,0.711,0.127,-0.623,-0.782,0.9395569620253165
71.2,1,-14.9,6.5,0.1,-0.3,-18.07,2.39,-3.17,-4.11,5.19,0.712,0.13,-0.611,-0.792,0.5585443037974683
71.3,1,-14.9,6.4,-0.0,-0.3,-17.96,2.47,-3.06,-3.93,4.981,0.713,0.125,-0.614,-0.789,0.789
71.4,1,-14.9,6.4,0.1,-0.3,-17.83,2.49,-2.93,-3.91,4.886,0.714,0.122,-0.6,-0.8,0.5696202531645569
71.5,1,-14.9,6.4,-0.0,-0.3,-17.74,2.38,-2.84,-4.02,4.922,0.715,0.123,-0.577,-0.817,0.817
71.6,1,-14.9,6.4,-0.1,-0.1,-17.66,2.48,-2.76,-3.92,4.794,0.716,0.12,-0.576,-0.818,0.9886524822695036
71.7,1,-14.9,6.4,0.0,-0.1,-17.78,2.54,-2.88,-3.86,4.816,0.717,0.12,-0.598,-0.801,0.801
71.8,1,-14.9,6.4,0.0,0.4,-17.91,2.55,-3.01,-3.85,4.887,0.718,0.122,-0.616,-0.788,-0.788
71.9,1,-14.9,6.4,0.5,0.4,-17.79,2.51,-2.89,-3.89,4.846,0.719,0.121,-0.596,-0.803,-0.9674999999999999
72.0,1,-14.9,6.4,-0.5,-0.7,-17.73,2.39,-2.83,-4.01,4.908,0.72,0.123,-0.577,-0.817,1.0004651162790696
72.1,1,-14.9,6.4,0.3,0.3,-17.83,2.48,-2.93,-3.92,4.894,0.721,0.122,-0.599,-0.801,-0.9905660377358492
72.2,1,-14.9,6.4,-0.6,-0.1,-17.91,2.37,-3.01,-4.03,5.03,0.722,0.126,-0.598,-0.801,0.7218749999999999
72.3,1,-14.9,6.4,0.5,-0.0,-17.91,2.5,-3.01,-3.9,4.926,0.723,0.123,-0.611,-0.792,-0.611
72.4,1,-14.9,6.4,-0.4,0.4,-17.86,2.38,-2.96,-4.02,4.992,0.724,0.125,-0.593,-0.805,-0.14982332155477046
72.5,1,-14.9,6.4,0.5,-0.5,-17.95,2.47,-3.05,-3.93,4.975,0.725,0.124,-0.613,-0.79,0.12517680339462522
72.6,1,-14.9,6.4,-0.5,0.3,-17.84,2.41,-2.94,-3.99,4.956,0.726,0.124,-0.593,-0.805,0.09433962264150943
72.7,1,-14.8,6.4,0.7,-0.3,-17.95,2.34,-3.15,-4.06,5.139,0.727,0.128,-0.613,-0.79,-0.2520997375328084
72.8,1,-14.9,6.4,-0.5,0.2,-18.02,2.45,-3.12,-3.95,5.034,0.728,0.126,-0.62,-0.785,0.2838589981447124
72.9,1,-14.9,6.4,-0.3,0.3,-18.1,2.35,-3.2,-4.05,5.162,0.729,0.129,-0.62,-0.785,-0.1167452830188679
73.0,1,-14.9,6.4,0.5,-0.5,-18.15,2.47,-3.25,-3.93,5.1,0.73,0.128,-0.637,-0.771,0.09476661951909478
73.1,1,-14.9,6.4,-0.4,0.3,-18.28,2.49,-3.38,-3.91,5.168,0.731,0.129,-0.654,-0.757,0.069
73.2,1,-14.9,6.3,0.6,-0.6,-18.4,2.54,-3.5,-3.76,5.137,0.732,0.128,-0.681,-0.732,0.03604240282685508
73.3,1,-14.9,6.4,-0.4,0.4,-18.46,2.66,-3.56,-3.74,5.163,0.733,0.129,-0.69,-0.724,-0.02402826855123685
73.4,1,-14.9,6.4,0.2,0.3,-18.42,2.53,-3.52,-3.87,5.231,0.734,0.131,-0.673,-0.74,-0.9878116343490306
73.5,1,-14.9,6.3,-0.5,-0.8,-18.55,2.5,-3.65,-3.8,5.269,0.735,0.132,-0.693,-0.721,0.9791092258748675
73.6,1,-14.9,6.4,0.3,0.2,-18.49,2.37,-3.59,-4.03,5.397,0.736,0.135,-0.665,-0.747,-0.9664819944598338
73.7,1,-14.9,6.4,-0.0,0.5,-18.38,2.3,-3.48,-4.1,5.378,0.737,0.134,-0.647,-0.762,-0.762
73.8,1,-14.9,6.3,0.2,-0.8,-18.51,2.26,-3.61,-4.04,5.418,0.738,0.135,-0.666,-0.746,0.561939393939394
73.9,1,-14.9,6.4,0.0,0.4,-18.63,2.32,-3.73,-4.08,5.528,0.739,0.138,-0.675,-0.738,-0.738
74.0,1,-14.9,6.4,-0.3,0.3,-18.73,2.4,-3.83,-4.0,5.538,0.74,0.138,-0.692,-0.722,-0.021226415094339642
74.1,1,-14.8,6.4,0.7,-0.1,-18.7,2.27,-3.9,-4.13,5.68,0.741,0.142,-0.687,-0.727,-0.5773691654879775
74.2,1,-14.9,6.4,-0.7,-0.1,-18.62,2.17,-3.72,-4.23,5.633,0.742,0.141,-0.66,-0.751,0.7596888260254596
74.3,1,-14.9,6.4,0.4,0.2,-18.5,2.11,-3.6,-4.29,5.6,0.743,0.14,-0.643,-0.766,-0.9181208053691275
74.4,1,-14.9,6.4,-0.5,-0.2,-18.61,2.18,-3.71,-4.22,5.619,0.744,0.14,-0.66,-0.751,0.8909090909090909
74.5,1,-14.9,6.4,0.6,-0.0,-18.72,2.26,-3.82,-4.14,5.633,0.745,0.141,-0.678,-0.735,-0.678
74.6,1,-14.9,6.4,-0.6,0.2,-18.81,2.17,-3.91,-4.23,5.76,0.746,0.144,-0.679,-0.734,0.4123417721518988
74.7,1,-14.9,6.4,0.7,-0.2,-18.94,2.12,-4.04,-4.28,5.886,0.747,0.147,-0.686,-0.727,-0.45989010989010987
74.8,1,-14.9,6.4,-0.6,0.1,-19.04,2.2,-4.14,-4.2,5.897,0.748,0.147,-0.702,-0.712,0.575657894736842
74.9,1,-14.9,6.4,0.6,-0.1,-18.99,2.32,-4.09,-4.08,5.777,0.749,0.144,-0.708,-0.706,-0.5825657894736842
75.0,1,-14.9,6.4,-0.6,-0.1,-18.91,2.43,-4.01,-3.97,5.643,0.75,0.141,-0.711,-0.704,0.8174342105263158
75.1,1,-14.9,6.4,0.1,-0.1,-19.04,2.4,-4.14,-4.0,5.757,0.751,0.144,-0.719,-0.695,-0.017021276595744775
75.2,1,-14.9,6.3,-0.1,-0.2,-19.11,2.51,-4.21,-3.79,5.665,0.752,0.142,-0.743,-0.669,0.9290178571428571
75.3,1,-14.9,6.3,-0.1,-0.2,-19.21,2.42,-4.31,-3.88,5.799,0.753,0.145,-0.743,-0.669,0.9290178571428571
75.4,1,-14.9,6.3,-0.0,-0.1,-19.14,2.31,-4.24,-3.99,5.822,0.754,0.146,-0.728,-0.685,0.685
75.5,1,-14.9,6.3,0.1,-0.3,-19.06,2.2,-4.16,-4.1,5.841,0.755,0.146,-0.712,-0.702,0.441139240506329
75.6,1,-14.9,6.3,0.1,-0.1,-19.15,2.1,-4.25,-4.2,5.975,0.756,0.149,-0.711,-0.703,-0.0056737588652481935
75.7,1,-14.9,6.2,0.1,-0.3,-19.28,2.09,-4.38,-4.11,6.006,0.757,0.15,-0.729,-0.684,0.41867088607594943
75.8,1,-14.9,6.2,-0.1,-0.1,-19.42,2.08,-4.52,-4.12,6.116,0.758,0.153,-0.739,-0.674,1.0021276595744681
75.9,1,-14.9,6.2,0.1,-0.2,-19.3,2.01,-4.4,-4.19,6.076,0.759,0.152,-0.724,-0.69,0.29285714285714276
76.0,1,-14.9,6.2,0.1,-0.2,-19.32,2.14,-4.42,-4.06,6.002,0.76,0.15,-0.736,-0.676,0.2750000000000001
76.1,1,-14.9,6.2,-0.0,0.5,-19.29,2.01,-4.39,-4.19,6.069,0.761,0.152,-0.723,-0.69,-0.69
76.2,1,-14.9,6.3,0.0,0.5,-19.38,2.11,-4.48,-4.19,6.134,0.762,0.153,-0.73,-0.683,-0.683
76.3,1,-14.9,6.3,0.1,0.5,-19.37,2.24,-4.47,-4.06,6.039,0.763,0.151,-0.74,-0.672,-0.803921568627451
76.4,1,-14.9,6.4,-0.1,0.5,-19.47,2.15,-4.57,-4.25,6.241,0.764,0.156,-0.732,-0.681,-0.5241176470588236
76.5,1,-14.9,6.4,0.2,0.4,-19.6,2.1,-4.7,-4.3,6.37,0.765,0.159,-0.738,-0.675,-0.9342281879194632
76.6,1,-14.9,6.4,-0.4,-0.8,-19.61,1.97,-4.71,-4.43,6.466,0.766,0.162,-0.728,-0.685,0.9387024608501119
76.7,1,-14.9,6.4,0.4,0.4,-19.73,1.91,-4.83,-4.49,6.595,0.767,0.165,-0.732,-0.681,-0.9985865724381627
76.8,1,-14.9,6.4,-0.5,-0.0,-19.83,1.99,-4.93,-4.41,6.615,0.768,0.165,-0.745,-0.667,0.745
76.9,1,-14.9,6.4,0.6,-0.2,-19.72,2.08,-4.82,-4.32,6.473,0.769,0.162,-0.745,-0.667,-0.4962025316455696
77.0,1,-14.9,6.4,-0.6,0.2,-19.62,2.16,-4.72,-4.24,6.345,0.77,0.159,-0.744,-0.668,0.4949367088607594
77.1,1,-14.9,6.4,0.7,-0.3,-19.55,2.05,-4.65,-4.35,6.367,0.771,0.159,-0.73,-0.683,-0.4017060367454069
77.2,1,-14.9,6.4,-0.5,0.0,-19.68,2.03,-4.78,-4.37,6.477,0.772,0.162,-0.738,-0.675,0.738
77.3,1,-14.9,6.4,0.2,0.5,-19.66,1.9,-4.76,-4.5,6.55,0.773,0.164,-0.727,-0.687,-0.9070500927643784
77.4,1,-14.9,6.4,-0.1,-0.7,-19.74,2.01,-4.84,-4.39,6.534,0.774,0.163,-0.741,-0.672,0.7701555869872702
77.5,1,-14.9,6.4,0.1,0.5,-19.87,1.97,-4.97,-4.43,6.658,0.775,0.166,-0.746,-0.665,-0.798235294117647
77.6,1,-14.9,6.4,-0.5,-0.2,-20.0,1.95,-5.1,-4.45,6.768,0.776,0.169,-0.754,-0.658,0.9435992578849722
77.7,1,-14.9,6.4,0.6,0.2,-19.93,1.83,-5.03,-4.57,6.796,0.777,0.17,-0.74,-0.672,-0.9151898734177215
77.8,1,-14.9,6.4,-0.6,-0.2,-20.04,1.76,-5.14,-4.64,6.925,0.778,0.173,-0.742,-0.67,0.9164556962025315
77.9,1,-14.9,6.4,0.5,0.1,-19.87,1.67,-4.97,-4.73,6.861,0.779,0.172,-0.724,-0.689,-0.8449019607843137
78.0,1,-14.9,6.4,-0.5,0.1,-19.74,1.71,-4.84,-4.69,6.74,0.78,0.168,-0.718,-0.696,0.5674509803921568
78.1,1,-14.9,6.4,0.7,-0.3,-19.79,1.59,-4.89,-4.81,6.859,0.781,0.171,-0.713,-0.701,-0.3790026246719159
78.2,1,-14.9,6.4,-0.5,0.2,-19.7,1.69,-4.8,-4.71,6.725,0.782,0.168,-0.714,-0.7,0.40259740259740256
78.3,1,-14.8,6.4,0.7,-0.3,-19.81,1.77,-5.01,-4.63,6.822,0.783,0.171,-0.734,-0.679,-0.40695538057742775
78.4,1,-14.9,6.4,-0.4,0.0,-19.68,1.8,-4.78,-4.6,6.634,0.784,0.166,-0.721,-0.693,0.721
78.5,1,-14.9,6.4,-0.1,0.5,-19.8,1.86,-4.9,-4.54,6.68,0.785,0.167,-0.734,-0.68,-0.5227450980392156
78.6,1,-14.9,6.3,-0.1,-0.8,-19.77,1.99,-4.87,-4.31,6.503,0.786,0.163,-0.749,-0.663,0.7509925558312656
78.7,1,-14.9,6.4,0.0,0.5,-19.72,2.12,-4.82,-4.28,6.446,0.787,0.161,-0.748,-0.664,-0.664
78.8,1,-14.9,6.4,0.5,0.4,-19.65,2.23,-4.75,-4.17,6.321,0.788,0.158,-0.751,-0.66,-0.9992187499999999
78.9,1,-14.9,6.4,-0.4,-0.5,-19.76,2.15,-4.86,-4.25,6.456,0.789,0.161,-0.753,-0.658,0.9846875000000002
79.0,1,-14.9,6.4,0.1,0.3,-19.86,2.23,-4.96,-4.17,6.48,0.79,0.162,-0.765,-0.644,-0.853481012658228
79.1,1,-14.9,6.4,-0.6,-0.5,-19.93,2.12,-5.03,-4.28,6.604,0.791,0.165,-0.762,-0.648,1.0002560819462227
79.2,1,-14.9,6.4,0.4,0.1,-20.05,2.07,-5.15,-4.33,6.728,0.792,0.168,-0.765,-0.644,-0.8990291262135924
79.3,1,-14.9,6.4,0.1,0.3,-19.85,1.95,-4.95,-4.45,6.656,0.793,0.166,-0.744,-0.669,-0.8705696202531645
79.4,1,-14.9,6.3,-0.3,-0.7,-19.83,1.82,-4.93,-4.48,6.661,0.794,0.167,-0.74,-0.673,0.9095800524934383
79.5,1,-14.9,6.4,0.3,0.4,-19.71,1.87,-4.81,-4.53,6.607,0.795,0.165,-0.728,-0.686,-0.9856
79.6,1,-14.9,6.4,-0.1,0.5,-19.82,1.79,-4.92,-4.61,6.742,0.796,0.169,-0.73,-0.684,-0.5274509803921569
79.7,1,-14.9,6.3,0.3,-0.8,-19.71,1.71,-4.81,-4.59,6.649,0.797,0.166,-0.723,-0.69,0.39238875878220136
79.8,1,-14.9,6.4,-0.1,0.3,-19.66,1.59,-4.76,-4.81,6.767,0.798,0.169,-0.703,-0.711,-0.4525316455696202
79.9,1,-14.9,6.4,-0.2,0.5,-19.7,1.71,-4.8,-4.69,6.711,0.799,0.168,-0.715,-0.699,-0.3831168831168831
80.0,1,-14.9,6.3,0.3,-0.9,-19.7,1.85,-4.8,-4.45,6.545,0.8,0.164,-0.733,-0.68,0.41317175974710235
80.1,1,-14.9,6.3,-0.1,-0.2,-19.83,1.87,-4.93,-4.43,6.628,0.801,0.166,-0.744,-0.668,0.9285714285714286
80.2,1,-14.9,6.3,-0.1,-0.2,-19.71,1.81,-4.81,-4.49,6.58,0.802,0.164,-0.731,-0.682,0.9352678571428572
80.3,1,-14.9,6.3,-0.0,-0.1,-19.62,1.71,-4.72,-4.59,6.584,0.803,0.165,-0.717,-0.697,0.697
80.4,1,-14.9,6.3,-0.1,-0.3,-19.73,1.79,-4.83,-4.51,6.608,0.804,0.165,-0.731,-0.683,0.879746835443038
80.5,1,-14.9,6.2,-0.1,-0.2,-19.76,1.66,-4.86,-4.54,6.651,0.805,0.166,-0.731,-0.683,0.9361607142857143
80.6,1,-14.9,6.2,-0.1,-0.1,-19.77,1.52,-4.87,-4.68,6.754,0.806,0.169,-0.721,-0.693,1.0028368794326241
80.7,1,-14.9,6.2,-0.1,-0.3,-19.76,1.66,-4.86,-4.54,6.651,0.807,0.166,-0.731,-0.683,0.879746835443038
80.8,1,-14.9,6.2,0.0,-0.1,-19.7,1.54,-4.8,-4.66,6.69,0.808,0.167,-0.717,-0.697,0.697
80.9,1,-14.9,6.2,0.0,-0.1,-19.82,1.58,-4.92,-4.62,6.749,0.809,0.169,-0.729,-0.685,0.685
81.0,1,-14.9,6.2,-0.1,-0.1,-19.78,1.46,-4.88,-4.74,6.803,0.81,0.17,-0.717,-0.697,1.0028368794326241
81.1,1,-14.9,6.2,0.1,0.4,-19.72,1.34,-4.82,-4.86,6.845,0.811,0.171,-0.704,-0.71,-0.8601941747572815
81.2,1,-14.9,6.2,0.1,0.3,-19.66,1.22,-4.76,-4.98,6.889,0.812,0.172,-0.691,-0.723,-0.9050632911392404
81.3,1,-14.9,6.3,0.2,0.5,-19.64,1.35,-4.74,-4.95,6.853,0.813,0.171,-0.692,-0.722,-0.9265306122448979
81.4,1,-15.0,6.3,-0.6,0.2,-19.76,1.42,-4.76,-4.88,6.817,0.814,0.17,-0.698,-0.716,0.43607594936708854
81.5,1,-14.9,6.3,0.7,-0.4,-19.64,1.35,-4.74,-4.95,6.853,0.815,0.171,-0.692,-0.722,-0.24267990074441678
81.6,1,-14.9,6.3,-0.4,0.4,-19.66,1.22,-4.76,-5.08,6.962,0.816,0.174,-0.684,-0.73,-0.032508833922261435
81.7,1,-14.9,6.3,0.5,-0.4,-19.79,1.21,-4.89,-5.09,7.058,0.817,0.176,-0.693,-0.721,-0.09078124999999998
81.8,1,-14.9,6.3,-0.3,0.2,-19.68,1.29,-4.78,-5.01,6.924,0.818,0.173,-0.69,-0.724,0.1722991689750692
81.9,1,-14.9,6.3,0.2,0.5,-19.55,1.29,-4.65,-5.01,6.835,0.819,0.171,-0.68,-0.733,-0.932282003710575
82.0,1,-14.9,6.3,-0.3,-0.7,-19.68,1.27,-4.78,-5.03,6.939,0.82,0.173,-0.689,-0.725,0.937270341207349
82.1,1,-14.9,6.3,0.3,0.4,-19.8,1.22,-4.9,-5.08,7.058,0.821,0.176,-0.694,-0.72,-0.9924
82.2,1,-14.9,6.3,-0.6,-0.4,-19.73,1.34,-4.83,-4.96,6.923,0.822,0.173,-0.698,-0.716,0.9780859916782246
82.3,1,-14.9,6.3,0.6,0.2,-19.71,1.2,-4.81,-5.1,7.01,0.823,0.175,-0.686,-0.728,-0.8816455696202532
82.4,1,-14.9,6.3,-0.6,0.2,-19.63,1.1,-4.73,-5.2,7.029,0.824,0.176,-0.673,-0.74,0.404746835443038
82.5,1,-14.9,6.3,0.7,-0.4,-19.76,1.07,-4.86,-5.23,7.14,0.825,0.178,-0.681,-0.732,-0.2281637717121588
82.6,1,-14.9,6.3,-0.4,0.2,-19.68,0.96,-4.78,-5.34,7.167,0.826,0.179,-0.667,-0.745,0.2635346756152126
82.7,1,-14.9,6.3,0.3,0.4,-19.81,1.01,-4.91,-5.29,7.217,0.827,0.18,-0.68,-0.733,-0.9944000000000001
82.8,1,-14.9,6.3,-0.5,-0.7,-19.93,0.96,-5.03,-5.34,7.336,0.828,0.183,-0.686,-0.728,0.9913953488372094
82.9,1,-14.9,6.3,0.3,0.4,-19.81,0.9,-4.91,-5.4,7.298,0.829,0.182,-0.673,-0.74,-0.9958
83.0,1,-14.9,6.3,-0.5,-0.0,-19.93,0.96,-5.03,-5.34,7.336,0.83,0.183,-0.686,-0.728,0.686
83.1,1,-14.9,6.3,0.7,-0.1,-19.86,1.07,-4.96,-5.23,7.208,0.831,0.18,-0.688,-0.726,-0.5785007072135784
83.2,1,-14.9,6.3,-0.5,0.1,-19.87,0.94,-4.97,-5.36,7.31,0.832,0.183,-0.68,-0.733,0.5229411764705884
83.3,1,-14.9,6.3,0.4,0.1,-19.77,1.02,-4.87,-5.28,7.183,0.833,0.18,-0.678,-0.735,-0.8366504854368934
83.4,1,-14.9,6.3,-0.6,-0.4,-19.73,0.89,-4.83,-5.41,7.252,0.834,0.181,-0.666,-0.746,0.9680998613037448
83.5,1,-14.9,6.3,0.4,0.1,-19.83,0.98,-4.93,-5.32,7.253,0.835,0.181,-0.68,-0.733,-0.8381067961165051
83.6,1,-14.9,6.3,-0.3,0.3,-19.73,1.07,-4.83,-5.23,7.119,0.836,0.178,-0.678,-0.735,-0.040330188679245295
83.7,1,-14.9,6.3,0.7,-0.4,-19.72,0.93,-4.82,-5.37,7.216,0.837,0.18,-0.668,-0.744,-0.21091811414392056
83.8,1,-14.9,6.3,-0.6,0.2,-19.74,0.8,-4.84,-5.5,7.326,0.838,0.183,-0.661,-0.751,0.389873417721519
83.9,1,-14.9,6.3,0.4,0.2,-19.72,0.93,-4.82,-5.37,7.216,0.839,0.18,-0.668,-0.744,-0.9306487695749441
84.0,1,-14.9,6.3,-0.6,-0.3,-19.61,0.85,-4.71,-5.45,7.203,0.84,0.18,-0.654,-0.757,0.9232488822652757
84.1,1,-14.9,6.3,0.6,0.2,-19.75,0.83,-4.85,-5.47,7.31,0.841,0.183,-0.663,-0.748,-0.8661392405063291
84.2,1,-14.9,6.3,-0.6,0.1,-19.83,0.93,-4.93,-5.37,7.29,0.842,0.182,-0.676,-0.737,0.5458881578947369
84.3,1,-14.9,6.3,0.5,-0.3,-19.85,1.06,-4.95,-5.24,7.208,0.843,0.18,-0.687,-0.727,-0.2150943396226416
84.4,1,-14.9,6.3,-0.2,0.3,-19.89,0.94,-4.99,-5.36,7.323,0.844,0.183,-0.681,-0.732,-0.23102493074792238
84.5,1,-14.9,6.3,0.6,-0.5,-19.89,1.07,-4.99,-5.23,7.229,0.845,0.181,-0.69,-0.723,-0.0672215108834827
84.6,1,-14.9,6.3,-0.4,0.1,-19.81,1.18,-4.91,-5.12,7.094,0.846,0.177,-0.692,-0.722,0.49660194174757283
84.7,1,-14.9,6.3,-0.3,0.3,-19.69,1.11,-4.79,-5.19,7.063,0.847,0.177,-0.678,-0.735,-0.040330188679245295
84.8,1,-14.8,6.3,0.7,-0.2,-19.83,1.13,-5.03,-5.17,7.213,0.848,0.18,-0.697,-0.717,-0.4732142857142856
84.9,1,-14.9,6.3,-0.7,-0.1,-19.85,1.0,-4.95,-5.3,7.252,0.849,0.181,-0.683,-0.731,0.7796322489391797
85.0,1,-14.9,6.3,0.3,0.4,-19.72,1.04,-4.82,-5.26,7.134,0.85,0.178,-0.676,-0.737,-0.9952000000000001
85.1,1,-14.9,6.3,-0.1,-0.3,-19.82,0.94,-4.92,-5.36,7.276,0.851,0.182,-0.676,-0.737,0.9136075949367088
85.2,1,-14.9,6.3,0.1,-0.2,-19.75,0.83,-4.85,-5.47,7.31,0.852,0.183,-0.663,-0.748,0.371875
85.3,1,-14.9,6.3,0.1,-0.2,-19.65,0.74,-4.75,-5.56,7.313,0.853,0.183,-0.65,-0.76,0.3883928571428572
85.4,1,-14.9,6.2,-0.1,-0.2,-19.74,0.65,-4.84,-5.55,7.364,0.854,0.184,-0.657,-0.754,0.9665178571428572
85.5,1,-14.9,6.2,0.1,-0.3,-19.67,0.54,-4.77,-5.66,7.402,0.855,0.185,-0.644,-0.765,0.5224683544303796
85.6,1,-14.9,6.2,-0.1,-0.1,-19.55,0.6,-4.65,-5.6,7.279,0.856,0.182,-0.639,-0.769,0.998581560283688
85.7,1,-14.9,6.2,0.1,-0.1,-19.42,0.62,-4.52,-5.58,7.181,0.857,0.18,-0.629,-0.777,0.10496453900709227
85.8,1,-14.9,6.2,0.1,-0.2,-19.34,0.73,-4.44,-5.47,7.045,0.858,0.176,-0.63,-0.776,0.4116071428571429
85.9,1,-14.8,6.2,0.1,-0.2,-19.42,0.62,-4.62,-5.58,7.244,0.859,0.181,-0.638,-0.77,0.4026785714285715
86.0,1,-14.9,6.1,-0.1,-0.3,-19.28,0.64,-4.38,-5.46,7.0,0.86,0.175,-0.626,-0.78,0.9386075949367088
86.1,1,-14.8,6.1,0.0,-0.1,-19.27,0.51,-4.47,-5.59,7.157,0.861,0.179,-0.625,-0.781,0.781
86.2,1,-14.9,6.1,-0.1,-0.2,-19.35,0.62,-4.45,-5.48,7.059,0.862,0.176,-0.63,-0.776,0.9741071428571428
86.3,1,-14.8,6.1,0.1,-0.2,-19.45,0.54,-4.65,-5.56,7.248,0.863,0.181,-0.642,-0.767,0.3982142857142857
86.4,1,-14.8,6.1,0.1,-0.1,-19.35,0.46,-4.55,-5.64,7.247,0.864,0.181,-0.628,-0.778,0.10638297872340426
86.5,1,-14.8,6.0,-0.1,-0.3,-19.22,0.5,-4.42,-5.5,7.056,0.865,0.176,-0.626,-0.779,0.9376582278481013
86.6,1,-14.8,6.0,0.0,-0.3,-19.15,0.61,-4.35,-5.39,6.926,0.866,0.173,-0.628,-0.778,0.778
86.7,1,-14.9,6.0,-0.1,-0.3,-19.26,0.67,-4.36,-5.33,6.886,0.867,0.172,-0.633,-0.774,0.935126582278481
86.8,1,-14.9,5.9,-0.1,-0.2,-19.17,0.76,-4.27,-5.14,6.682,0.868,0.167,-0.639,-0.769,0.971875
86.9,1,-14.9,5.9,0.0,-0.3,-19.03,0.75,-4.13,-5.15,6.601,0.869,0.165,-0.626,-0.78,0.78
87.0,1,-14.9,5.9,0.1,-0.2,-19.07,0.88,-4.17,-5.02,6.526,0.87,0.163,-0.639,-0.769,0.4013392857142858
87.1,1,-14.8,5.9,0.1,-0.2,-19.2,0.86,-4.4,-5.04,6.69,0.871,0.167,-0.658,-0.753,0.37857142857142856
87.2,1,-14.9,5.9,-0.6,0.1,-19.28,0.97,-4.38,-4.93,6.595,0.872,0.165,-0.664,-0.748,0.5322368421052631
87.3,1,-14.9,5.9,0.2,0.4,-19.36,1.07,-4.46,-4.83,6.574,0.873,0.164,-0.678,-0.735,-0.9610738255033556
87.4,1,-14.9,5.9,-0.3,-0.8,-19.36,0.94,-4.46,-4.96,6.67,0.874,0.167,-0.669,-0.744,0.9319672131147542
87.5,1,-14.9,5.9,0.1,0.3,-19.43,1.06,-4.53,-4.84,6.629,0.875,0.166,-0.683,-0.73,-0.9091772151898734
87.6,1,-14.9,5.9,-0.2,0.4,-19.55,1.0,-4.65,-4.9,6.755,0.876,0.169,-0.688,-0.725,-0.3409395973154362
87.7,1,-14.9,5.9,0.2,-0.7,-19.46,1.1,-4.56,-4.8,6.621,0.877,0.166,-0.689,-0.725,0.5078296703296702
87.8,1,-14.9,5.9,-0.2,0.3,-19.54,1.21,-4.64,-4.69,6.597,0.878,0.165,-0.703,-0.711,-0.2013850415512465
87.9,1,-14.9,5.9,0.6,0.1,-19.4,1.2,-4.5,-4.7,6.507,0.879,0.163,-0.692,-0.722,-0.8016447368421052
88.0,1,-14.8,5.9,0.1,-0.2,-19.49,1.1,-4.69,-4.8,6.711,0.88,0.168,-0.699,-0.715,0.32633928571428567
88.1,1,-14.9,5.9,-0.5,-0.0,-19.55,0.98,-4.65,-4.92,6.77,0.881,0.169,-0.687,-0.727,0.687
88.2,1,-14.9,5.9,-0.3,0.3,-19.5,0.86,-4.6,-5.04,6.824,0.882,0.171,-0.674,-0.739,-0.04599056603773576
88.3,1,-14.9,5.9,0.6,-0.3,-19.4,0.95,-4.5,-4.95,6.69,0.883,0.167,-0.673,-0.74,-0.27093889716840536
88.4,1,-14.9,5.9,-0.6,-0.0,-19.27,0.99,-4.37,-4.91,6.573,0.884,0.164,-0.665,-0.747,0.665
88.5,1,-14.9,5.9,0.5,0.2,-19.23,0.87,-4.33,-5.03,6.637,0.885,0.166,-0.652,-0.758,-0.8860853432282003
88.6,1,-14.9,5.9,-0.7,-0.1,-19.31,0.98,-4.41,-4.92,6.607,0.886,0.165,-0.667,-0.745,0.7657708628005658
88.7,1,-14.9,5.9,0.6,0.1,-19.41,1.07,-4.51,-4.83,6.608,0.887,0.165,-0.683,-0.731,-0.7942434210526316
88.8,1,-14.9,5.9,-0.5,-0.0,-19.5,1.16,-4.6,-4.74,6.605,0.888,0.165,-0.696,-0.718,0.696
88.9,1,-14.9,5.9,0.5,-0.1,-19.6,1.08,-4.7,-4.82,6.732,0.889,0.168,-0.698,-0.716,-0.5439215686274509
89.0,1,-14.9,5.9,-0.5,0.2,-19.65,0.95,-4.75,-4.95,6.86,0.89,0.172,-0.692,-0.722,0.37402597402597393
89.1,1,-14.9,5.9,0.5,-0.1,-19.57,0.84,-4.67,-5.06,6.886,0.891,0.172,-0.678,-0.735,-0.5205882352941177
89.2,1,-14.9,5.9,-0.7,-0.0,-19.68,0.92,-4.78,-4.98,6.903,0.892,0.173,-0.692,-0.721,0.692
89.3,1,-14.9,5.9,0.5,-0.1,-19.65,0.79,-4.75,-5.11,6.977,0.893,0.174,-0.681,-0.732,-0.5241176470588236
89.4,1,-14.9,5.9,-0.3,0.3,-19.72,0.91,-4.82,-4.99,6.938,0.894,0.173,-0.695,-0.719,-0.01698113207547166
89.5,1,-14.9,5.9,0.6,-0.2,-19.64,1.01,-4.74,-4.89,6.81,0.895,0.17,-0.696,-0.718,-0.4335443037974683
89.6,1,-14.9,5.9,-0.6,-0.1,-19.51,0.99,-4.61,-4.91,6.735,0.896,0.168,-0.684,-0.729,0.7949013157894738
89.7,1,-14.9,5.9,0.3,0.3,-19.38,0.95,-4.48,-4.95,6.676,0.897,0.167,-0.671,-0.741,-0.9990566037735849
89.8,1,-14.9,5.8,-0.6,-0.6,-19.25,0.94,-4.35,-4.86,6.522,0.898,0.163,-0.667,-0.745,0.9978798586572438
89.9,1,-15.0,5.8,-0.1,-0.1,-19.16,0.84,-4.16,-4.96,6.474,0.899,0.162,-0.643,-0.766,0.9992907801418442
90.0,1,-15.0,5.8,0.0,-0.3,-19.09,0.72,-4.09,-5.08,6.522,0.9,0.163,-0.627,-0.779,0.779
90.1,1,-15.0,5.8,-0.1,-0.1,-19.05,0.85,-4.05,-4.95,6.396,0.901,0.16,-0.633,-0.774,0.9978723404255322
90.2,1,-15.0,5.8,-0.1,-0.1,-19.05,0.72,-4.05,-5.08,6.497,0.902,0.162,-0.623,-0.782,0.99645390070922
90.3,1,-15.0,5.8,0.1,-0.2,-18.98,0.61,-3.98,-5.19,6.54,0.903,0.164,-0.609,-0.794,0.4370535714285715
90.4,1,-15.0,5.7,0.1,-0.2,-19.07,0.71,-4.07,-4.99,6.439,0.904,0.161,-0.632,-0.775,0.40982142857142867
90.5,1,-15.0,5.7,-0.1,-0.3,-19.2,0.7,-4.2,-5.0,6.53,0.905,0.163,-0.643,-0.766,0.9306962025316456
90.6,1,-15.0,5.7,0.1,-0.3,-19.11,0.8,-4.11,-4.9,6.395,0.906,0.16,-0.643,-0.766,0.5237341772151898
90.7,1,-15.0,5.7,0.0,-0.1,-19.2,0.7,-4.2,-5.0,6.53,0.907,0.163,-0.643,-0.766,0.766
90.8,1,-15.0,5.7,-0.5,0.1,-19.28,0.59,-4.28,-5.11,6.666,0.908,0.167,-0.642,-0.767,0.4790196078431373
90.9,1,-15.0,5.7,0.1,0.5,-19.37,0.68,-4.37,-5.02,6.656,0.909,0.166,-0.657,-0.754,-0.8680392156862745
91.0,1,-15.0,5.6,-0.1,-0.7,-19.28,0.59,-4.28,-5.01,6.589,0.91,0.165,-0.65,-0.76,0.8444130127298444
91.1,1,-15.0,5.7,-0.0,0.5,-19.4,0.53,-4.4,-5.17,6.789,0.911,0.17,-0.648,-0.762,-0.762
91.2,1,-15.0,5.7,0.6,-0.2,-19.51,0.47,-4.51,-5.23,6.906,0.912,0.173,-0.653,-0.757,-0.380379746835443
91.3,1,-15.0,5.7,-0.5,-0.0,-19.42,0.56,-4.42,-5.14,6.779,0.913,0.169,-0.652,-0.758,0.652
91.4,1,-15.0,5.7,0.1,0.5,-19.51,0.66,-4.51,-5.04,6.763,0.914,0.169,-0.667,-0.745,-0.8611764705882353
91.5,1,-15.0,5.7,-0.2,-0.7,-19.61,0.75,-4.61,-4.95,6.764,0.915,0.169,-0.682,-0.732,0.8912087912087913
91.6,1,-15.0,5.7,0.2,0.4,-19.74,0.71,-4.74,-4.99,6.882,0.916,0.172,-0.689,-0.725,-0.9570469798657717
91.7,1,-15.1,5.7,-0.7,-0.2,-19.67,0.6,-4.57,-5.1,6.848,0.917,0.171,-0.667,-0.745,0.8460164835164835
91.8,1,-15.0,5.7,0.6,-0.1,-19.77,0.69,-4.77,-5.01,6.918,0.918,0.173,-0.69,-0.724,-0.5618421052631578
91.9,1,-15.0,5.7,-0.1,0.5,-19.9,0.68,-4.9,-5.02,7.015,0.919,0.175,-0.699,-0.716,-0.5649019607843137
92.0,1,-15.0,5.6,0.4,-0.8,-19.8,0.59,-4.8,-5.01,6.938,0.92,0.173,-0.692,-0.722,0.3364653243847875
92.1,1,-15.0,5.7,-0.2,0.5,-19.73,0.71,-4.73,-4.99,6.876,0.921,0.172,-0.688,-0.726,-0.41818181818181815
92.2,1,-15.0,5.7,-0.1,0.5,-19.77,0.58,-4.77,-5.12,6.998,0.922,0.175,-0.682,-0.732,-0.5839215686274509
92.3,1,-15.0,5.6,0.1,-0.9,-19.66,0.65,-4.66,-4.95,6.798,0.923,0.17,-0.685,-0.728,0.6475717439293598
92.4,1,-15.0,5.7,-0.1,0.4,-19.79,0.65,-4.79,-5.05,6.96,0.924,0.174,-0.688,-0.726,-0.537864077669903
92.5,1,-15.0,5.7,0.3,0.4,-19.89,0.74,-4.89,-4.96,6.965,0.925,0.174,-0.702,-0.712,-0.9907999999999999
92.6,1,-15.0,5.6,-0.3,-0.8,-19.78,0.82,-4.78,-4.78,6.76,0.926,0.169,-0.707,-0.707,0.910655737704918
92.7,1,-15.0,5.7,0.2,0.3,-19.75,0.95,-4.75,-4.75,6.718,0.927,0.168,-0.707,-0.707,-0.9792243767313019
92.8,1,-15.0,5.7,-0.1,0.5,-19.79,1.08,-4.79,-4.62,6.655,0.928,0.166,-0.72,-0.694,-0.5392156862745098
92.9,1,-15.0,5.6,0.2,-0.9,-19.69,1.17,-4.69,-4.43,6.451,0.929,0.161,-0.727,-0.687,0.5129067245119306
93.0,1,-15.0,5.7,-0.1,0.5,-19.78,1.06,-4.78,-4.64,6.662,0.93,0.167,-0.718,-0.696,-0.5415686274509803
93.1,1,-15.0,5.7,0.2,0.4,-19.7,1.17,-4.7,-4.53,6.528,0.931,0.163,-0.72,-0.694,-0.9431767337807605
93.2,1,-15.0,5.7,-0.4,-0.6,-19.62,1.06,-4.62,-4.64,6.548,0.932,0.164,-0.706,-0.709,0.9816920943134535
93.3,1,-15.0,5.7,0.2,0.4,-19.74,1.13,-4.74,-4.57,6.584,0.933,0.165,-0.72,-0.694,-0.9431767337807605
93.4,1,-15.0,5.6,-0.1,-0.8,-19.64,1.04,-4.64,-4.56,6.506,0.934,0.163,-0.713,-0.701,0.78424317617866
93.5,1,-15.0,5.7,0.2,0.5,-19.64,0.9,-4.64,-4.8,6.676,0.935,0.167,-0.695,-0.719,-0.9248608534322819
93.6,1,-15.0,5.7,-0.1,0.5,-19.78,0.9,-4.78,-4.8,6.774,0.936,0.169,-0.706,-0.709,-0.5566666666666666
93.7,1,-15.0,5.6,-0.0,-0.9,-19.71,0.78,-4.71,-4.82,6.739,0.937,0.168,-0.699,-0.715,0.715
93.8,1,-15.0,5.7,-0.0,0.3,-19.74,0.65,-4.74,-5.05,6.926,0.938,0.173,-0.684,-0.729,-0.729
93.9,1,-15.0,5.7,0.0,0.3,-19.63,0.57,-4.63,-5.13,6.91,0.939,0.173,-0.67,-0.742,-0.742
94.0,1,-15.0,5.7,0.5,-0.0,-19.73,0.67,-4.73,-5.03,6.905,0.94,0.173,-0.685,-0.728,-0.685
94.1,1,-15.0,5.7,-0.5,-0.1,-19.86,0.65,-4.86,-5.05,7.009,0.941,0.175,-0.693,-0.721,0.8207843137254901
94.2,1,-15.0,5.7,0.3,0.5,-19.87,0.78,-4.87,-4.92,6.923,0.942,0.173,-0.703,-0.711,-0.9715265866209263
94.3,1,-15.0,5.6,-0.4,-0.8,-20.0,0.74,-5.0,-4.86,6.973,0.943,0.174,-0.717,-0.697,0.9445190156599553
94.4,1,-15.0,5.7,0.3,0.3,-20.13,0.71,-5.13,-4.99,7.157,0.944,0.179,-0.717,-0.697,-1.0004716981132076
94.5,1,-15.0,5.7,0.0,0.3,-19.76,0.62,-4.76,-5.08,6.962,0.945,0.174,-0.684,-0.73,-0.73
94.6,1,-15.0,5.6,-0.3,-0.6,-19.86,0.71,-4.86,-4.89,6.894,0.946,0.172,-0.705,-0.709,0.9491803278688523
94.7,1,-15.0,5.7,0.4,0.4,-19.82,0.84,-4.82,-4.86,6.845,0.947,0.171,-0.704,-0.71,-0.9992932862190813
94.8,1,-15.0,5.7,-0.3,0.3,-19.77,0.72,-4.77,-4.98,6.896,0.948,0.172,-0.692,-0.722,-0.021226415094339642
94.9,1,-15.0,5.7,0.6,-0.6,-19.78,0.59,-4.78,-5.11,6.997,0.949,0.175,-0.683,-0.73,0.033215547703180213
95.0,1,-15.0,5.7,-0.5,0.3,-19.83,0.71,-4.83,-4.99,6.945,0.95,0.174,-0.695,-0.719,0.2260720411663808
95.1,1,-15.0,5.7,-0.1,-0.1,-19.95,0.67,-4.95,-5.03,7.057,0.951,0.176,-0.701,-0.713,1.0028368794326241
95.2,1,-15.0,5.7,0.3,0.3,-20.06,0.58,-5.06,-5.12,7.198,0.952,0.18,-0.703,-0.711,-1.0004716981132076
95.3,1,-15.0,5.7,-0.6,0.2,-19.66,0.58,-4.66,-5.12,6.923,0.953,0.173,-0.673,-0.74,0.404746835443038
95.4,1,-15.1,5.7,-0.1,-0.3,-19.61,0.45,-4.51,-5.25,6.921,0.954,0.173,-0.652,-0.759,0.9268987341772151
95.5,1,-15.0,5.7,0.6,0.0,-19.65,0.58,-4.65,-5.12,6.916,0.955,0.173,-0.672,-0.74,-0.672
95.6,1,-15.0,5.7,-0.2,0.3,-19.52,0.55,-4.52,-5.15,6.852,0.956,0.171,-0.66,-0.752,-0.25927977839335176
95.7,1,-15.0,5.7,-0.1,-0.3,-19.41,0.47,-4.41,-5.23,6.841,0.957,0.171,-0.645,-0.765,0.930379746835443
95.8,1,-15.0,5.7,0.1,-0.3,-19.48,0.36,-4.48,-5.34,6.97,0.958,0.174,-0.643,-0.766,0.5237341772151898
95.9,1,-15.0,5.7,0.2,0.5,-19.6,0.41,-4.6,-5.29,7.01,0.959,0.175,-0.656,-0.755,-0.9437847866419296
96.0,1,-15.0,5.6,-0.2,-0.7,-19.57,0.28,-4.57,-5.32,7.013,0.96,0.175,-0.652,-0.759,0.9089285714285714
96.1,1,-15.0,5.7,0.1,0.5,-19.57,0.41,-4.57,-5.29,6.991,0.961,0.175,-0.654,-0.757,-0.8703921568627451
96.2,1,-15.0,5.7,0.3,0.4,-19.66,0.51,-4.66,-5.19,6.975,0.962,0.174,-0.668,-0.744,-0.996
96.3,1,-15.0,5.6,-0.3,-0.8,-19.74,0.41,-4.74,-5.19,7.029,0.963,0.176,-0.674,-0.738,0.9281030444964873
96.4,1,-15.0,5.7,0.2,0.5,-19.88,0.41,-4.88,-5.29,7.197,0.964,0.18,-0.678,-0.735,-0.933395176252319
96.5,1,-15.0,5.7,-0.4,0.4,-20.01,0.39,-5.01,-5.31,7.3,0.965,0.182,-0.686,-0.727,-0.028975265017667794
96.6,1,-15.0,5.7,0.4,-0.6,-19.64,0.47,-4.64,-5.23,6.992,0.966,0.175,-0.664,-0.748,0.2540915395284327
96.7,1,-15.0,5.7,0.0,0.3,-19.63,0.61,-4.63,-5.09,6.881,0.967,0.172,-0.673,-0.74,-0.74
96.8,1,-15.1,5.7,-0.5,0.1,-19.5,0.66,-4.4,-5.04,6.69,0.968,0.167,-0.658,-0.753,0.4974509803921569
96.9,1,-15.1,5.7,-0.1,-0.1,-19.56,0.54,-4.46,-5.16,6.82,0.969,0.17,-0.654,-0.757,1.0007092198581562
97.0,1,-15.1,5.7,0.0,-0.1,-19.47,0.64,-4.37,-5.06,6.686,0.97,0.167,-0.654,-0.757,0.757
97.1,1,-15.1,5.7,-0.1,-0.3,-19.35,0.7,-4.25,-5.0,6.562,0.971,0.164,-0.648,-0.762,0.9284810126582278
97.2,1,-15.1,5.6,-0.1,-0.1,-19.28,0.59,-4.18,-5.01,6.525,0.972,0.163,-0.641,-0.768,0.9992907801418442
97.3,1,-15.1,5.7,-0.3,0.4,-19.25,0.72,-4.15,-4.98,6.483,0.973,0.162,-0.64,-0.768,-0.23040000000000005
97.4,1,-15.1,5.7,0.1,-0.2,-19.38,0.74,-4.28,-4.96,6.551,0.974,0.164,-0.653,-0.757,0.38437499999999997
97.5,1,-15.1,5.7,-0.1,0.3,-19.48,0.83,-4.38,-4.87,6.55,0.975,0.164,-0.669,-0.744,-0.49462025316455693
97.6,1,-15.0,5.7,0.6,-0.3,-19.58,0.92,-4.58,-4.78,6.62,0.976,0.166,-0.692,-0.722,-0.29597615499254837
97.7,1,-15.1,5.7,-0.7,0.1,-19.59,1.06,-4.49,-4.64,6.457,0.977,0.161,-0.695,-0.719,0.5864214992927863
97.8,1,-15.1,5.7,-0.0,-0.1,-19.5,0.96,-4.4,-4.74,6.467,0.978,0.162,-0.68,-0.733,0.733
97.9,1,-15.1,5.6,-0.1,-0.3,-19.43,1.07,-4.33,-4.53,6.267,0.979,0.157,-0.691,-0.723,0.9050632911392404
98.0,1,-15.1,5.6,0.0,-0.1,-19.34,0.97,-4.24,-4.63,6.278,0.98,0.157,-0.675,-0.737,0.737
98.1,1,-15.1,5.6,0.3,-0.7,-19.3,0.85,-4.2,-4.75,6.341,0.981,0.159,-0.662,-0.749,0.4274278215223097
98.2,1,-15.1,5.6,-0.2,0.3,-19.4,0.76,-4.3,-4.84,6.474,0.982,0.162,-0.664,-0.748,-0.2537396121883656
98.3,1,-15.1,5.6,0.3,0.2,-19.52,0.82,-4.42,-4.78,6.51,0.983,0.163,-0.679,-0.734,-0.9709141274238229
98.4,1,-15.1,5.6,-0.6,-0.4,-19.41,0.89,-4.31,-4.71,6.384,0.984,0.16,-0.675,-0.738,0.9711511789181693
98.5,1,-15.1,5.6,0.5,0.3,-19.33,0.99,-4.23,-4.61,6.257,0.985,0.156,-0.676,-0.737,-0.9590051457975988
98.6,1,-15.1,5.6,0.1,-0.3,-19.25,1.1,-4.15,-4.5,6.121,0.986,0.153,-0.678,-0.735,0.48322784810126584
98.7,1,-15.1,5.5,0.1,-0.3,-19.14,1.17,-4.04,-4.33,5.922,0.987,0.148,-0.682,-0.731,0.47816455696202526
98.8,1,-15.1,5.5,-0.0,-0.3,-19.02,1.11,-3.92,-4.39,5.885,0.988,0.147,-0.666,-0.746,0.746
98.9,1,-15.1,5.5,-0.1,-0.2,-18.94,1.22,-3.84,-4.28,5.75,0.989,0.144,-0.668,-0.744,0.9625
99.0,1,-15.1,5.5,0.1,-0.1,-18.85,1.11,-3.75,-4.39,5.774,0.99,0.144,-0.649,-0.76,0.07872340425531925
99.1,1,-15.1,5.5,-0.6,0.3,-18.77,1.01,-3.67,-4.49,5.799,0.991,0.145,-0.633,-0.774,0.2199701937406855
99.2,1,-15.1,5.5,0.7,-0.2,-18.79,0.87,-3.69,-4.63,5.921,0.992,0.148,-0.623,-0.782,-0.38420329670329667
99.3,1,-15.1,5.5,-0.7,0.1,-18.92,0.86,-3.82,-4.64,6.01,0.993,0.15,-0.636,-0.772,0.5205091937765205
99.4,1,-15.1,5.5,0.6,-0.2,-18.88,0.73,-3.78,-4.77,6.086,0.994,0.152,-0.621,-0.784,-0.3414556962025316
99.5,1,-15.1,5.5,-0.5,0.2,-18.81,0.62,-3.71,-4.88,6.13,0.995,0.153,-0.605,-0.796,0.2658627087198515
99.6,1,-15.1,5.5,0.6,-0.2,-18.92,0.68,-3.82,-4.82,6.15,0.996,0.154,-0.621,-0.784,-0.3414556962025316
99.7,1,-15.1,5.5,-0.5,0.1,-18.97,0.8,-3.87,-4.7,6.088,0.997,0.152,-0.636,-0.772,0.47215686274509805
99.8,1,-15.1,5.5,0.3,0.2,-18.84,0.8,-3.74,-4.7,6.006,0.998,0.15,-0.623,-0.783,-0.9515235457063713
99.9,1,-15.1,5.5,-0.7,-0.5,-18.79,0.92,-3.69,-4.58,5.882,0.999,0.147,-0.627,-0.779,0.9632558139534885
