Time,ID,z,Measurement,x,y,Ni,Linear Coverage,Abs(zi/z_goal),Ln(Abs(zi/z_goal))
0.0,16,,0.0,-14.0,2.4,,,0.0,-inf
0.0,17,,0.07,3.0,8.8,,,0.14,-0.854
0.0,18,,0.0,6.8,-15.2,,,0.0,-inf
0.0,19,,0.0,3.5,-14.8,,,0.0,-inf
0.0,20,,0.929,-8.9,-10.0,,,1.858,0.269
0.0,21,,0.267,-11.2,-5.3,,,0.534,-0.272
0.0,22,,0.0,17.9,-5.1,,,0.0,-inf
0.0,23,,0.255,-12.6,-14.2,,,0.51,-0.292
0.0,24,,0.0,18.9,18.3,,,0.0,-inf
0.0,25,,0.015,-18.6,-9.4,,,0.03,-1.523
0.1,16,,0.0,-14.0,2.3,0.0,12.0,0.0,-inf
0.1,17,,0.069,3.0,8.8,0.0,12.0,0.138,-0.86
0.1,18,,0.0,6.9,-15.2,1.0,6.0,0.0,-inf
0.1,19,,0.0,3.4,-14.8,1.0,6.0,0.0,-inf
0.1,20,,0.933,-8.9,-10.0,2.0,4.0,1.866,0.271
0.1,21,,0.276,-11.2,-5.3,1.0,6.0,0.552,-0.258
0.1,22,,0.0,18.0,-5.1,0.0,12.0,0.0,-inf
0.1,23,,0.257,-12.6,-14.2,1.0,6.0,0.514,-0.289
0.1,24,,0.0,18.9,18.4,0.0,12.0,0.0,-inf
0.1,25,,0.015,-18.7,-9.4,0.0,12.0,0.03,-1.523
0.2,16,,0.0,-14.0,2.3,0.0,12.0,0.0,-inf
0.2,17,,0.07,3.0,8.8,0.0,12.0,0.14,-0.854
0.2,18,,0.0,6.9,-15.2,1.0,6.0,0.0,-inf
0.2,19,,0.0,3.4,-14.8,1.0,6.0,0.0,-inf
0.2,20,,0.941,-9.0,-10.0,2.0,4.0,1.882,0.275
0.2,21,,0.287,-11.2,-5.4,1.0,6.0,0.574,-0.241
0.2,22,,0.0,18.0,-5.1,0.0,12.0,0.0,-inf
0.2,23,,0.26,-12.5,-14.2,1.0,6.0,0.52,-0.284
0.2,24,,0.0,18.9,18.4,0.0,12.0,0.0,-inf
0.2,25,,0.016,-18.6,-9.4,0.0,12.0,0.032,-1.495
0.3,16,,0.0,-14.0,2.3,0.0,12.0,0.0,-inf
0.3,17,,0.07,3.0,8.8,0.0,12.0,0.14,-0.854
0.3,18,,0.0,6.9,-15.2,1.0,6.0,0.0,-inf
0.3,19,,0.0,3.4,-14.8,1.0,6.0,0.0,-inf
0.3,20,,0.948,-9.0,-10.0,2.0,4.0,1.896,0.278
0.3,21,,0.298,-11.1,-5.5,1.0,6.0,0.596,-0.225
0.3,22,,0.0,18.0,-5.2,0.0,12.0,0.0,-inf
0.3,23,,0.265,-12.5,-14.2,1.0,6.0,0.53,-0.276
0.3,24,,0.0,18.9,18.4,0.0,12.0,0.0,-inf
0.3,25,,0.016,-18.6,-9.4,0.0,12.0,0.032,-1.495
0.4,16,,0.0,-14.0,2.4,0.0,12.0,0.0,-inf
0.4,17,,0.071,3.0,8.8,0.0,12.0,0.142,-0.848
0.4,18,,0.0,6.9,-15.2,1.0,6.0,0.0,-inf
0.4,19,,0.0,3.4,-14.8,1.0,6.0,0.0,-inf
0.4,20,,0.954,-9.1,-10.0,2.0,4.0,1.908,0.281
0.4,21,,0.31,-11.1,-5.5,1.0,6.0,0.62,-0.208
0.4,22,,0.0,17.9,-5.1,0.0,12.0,0.0,-inf
0.4,23,,0.272,-12.5,-14.2,1.0,6.0,0.544,-0.264
0.4,24,,0.0,18.9,18.4,0.0,12.0,0.0,-inf
0.4,25,,0.016,-18.6,-9.4,0.0,12.0,0.032,-1.495
0.5,16,,0.0,-14.0,2.4,0.0,12.0,0.0,-inf
0.5,17,,0.07,3.0,8.8,0.0,12.0,0.14,-0.854
0.5,18,,0.0,6.9,-15.2,1.0,6.0,0.0,-inf
0.5,19,,0.0,3.4,-14.7,1.0,6.0,0.0,-inf
0.5,20,,0.958,-9.1,-10.0,2.0,4.0,1.916,0.282
0.5,21,,0.318,-11.0,-5.6,1.0,6.0,0.636,-0.197
0.5,22,,0.0,17.9,-5.2,0.0,12.0,0.0,-inf
0.5,23,,0.275,-12.4,-14.2,1.0,6.0,0.55,-0.26
0.5,24,,0.0,18.9,18.4,0.0,12.0,0.0,-inf
0.5,25,,0.015,-18.7,-9.4,0.0,12.0,0.03,-1.523
0.6,16,,0.0,-14.0,2.4,0.0,12.0,0.0,-inf
0.6,17,,0.069,3.0,8.8,0.0,12.0,0.138,-0.86
0.6,18,,0.0,7.0,-15.2,1.0,6.0,0.0,-inf
0.6,19,,0.0,3.4,-14.7,1.0,6.0,0.0,-inf
0.6,20,,0.962,-9.2,-9.9,2.0,4.0,1.924,0.284
0.6,21,,0.331,-11.0,-5.7,1.0,6.0,0.662,-0.179
0.6,22,,0.0,18.0,-5.2,0.0,12.0,0.0,-inf
0.6,23,,0.282,-12.3,-14.2,1.0,6.0,0.564,-0.249
0.6,24,,0.0,18.9,18.4,0.0,12.0,0.0,-inf
0.6,25,,0.015,-18.7,-9.4,0.0,12.0,0.03,-1.523
0.7,16,,0.0,-14.1,2.4,0.0,12.0,0.0,-inf
0.7,17,,0.069,3.0,8.8,0.0,12.0,0.138,-0.86
0.7,18,,0.0,7.0,-15.2,1.0,6.0,0.0,-inf
0.7,19,,0.0,3.4,-14.7,1.0,6.0,0.0,-inf
0.7,20,,0.969,-9.2,-9.9,2.0,4.0,1.938,0.287
0.7,21,,0.337,-11.0,-5.7,1.0,6.0,0.674,-0.171
0.7,22,,0.0,18.0,-5.2,0.0,12.0,0.0,-inf
0.7,23,,0.286,-12.3,-14.2,1.0,6.0,0.572,-0.243
0.7,24,,0.0,18.9,18.4,0.0,12.0,0.0,-inf
0.7,25,,0.016,-18.6,-9.5,0.0,12.0,0.032,-1.495
0.8,16,,0.0,-14.0,2.4,0.0,12.0,0.0,-inf
0.8,17,,0.07,3.0,8.8,0.0,12.0,0.14,-0.854
0.8,18,,0.0,7.0,-15.2,1.0,6.0,0.0,-inf
0.8,19,,0.0,3.4,-14.8,1.0,6.0,0.0,-inf
0.8,20,,0.972,-9.3,-10.0,2.0,4.0,1.944,0.289
0.8,21,,0.35,-11.0,-5.8,1.0,6.0,0.7,-0.155
0.8,22,,0.0,18.0,-5.2,0.0,12.0,0.0,-inf
0.8,23,,0.289,-12.2,-14.2,1.0,6.0,0.578,-0.238
0.8,24,,0.0,18.9,18.4,0.0,12.0,0.0,-inf
0.8,25,,0.016,-18.6,-9.5,0.0,12.0,0.032,-1.495
0.9,16,,0.0,-14.0,2.4,0.0,12.0,0.0,-inf
0.9,17,,0.07,3.0,8.8,0.0,12.0,0.14,-0.854
0.9,18,,0.0,7.0,-15.3,1.0,6.0,0.0,-inf
0.9,19,,0.0,3.5,-14.8,1.0,6.0,0.0,-inf
0.9,20,,0.974,-9.3,-10.0,2.0,4.0,1.948,0.29
0.9,21,,0.363,-11.0,-5.8,1.0,6.0,0.726,-0.139
0.9,22,,0.0,17.9,-5.2,0.0,12.0,0.0,-inf
0.9,23,,0.295,-12.2,-14.1,1.0,6.0,0.59,-0.229
0.9,24,,0.0,18.9,18.4,0.0,12.0,0.0,-inf
0.9,25,,0.015,-18.7,-9.5,0.0,12.0,0.03,-1.523
1.0,16,,0.0,-14.0,2.4,0.0,12.0,0.0,-inf
1.0,17,,0.069,3.0,8.8,0.0,12.0,0.138,-0.86
1.0,18,,0.0,7.0,-15.3,1.0,6.0,0.0,-inf
1.0,19,,0.0,3.4,-14.8,1.0,6.0,0.0,-inf
1.0,20,,0.974,-9.3,-10.1,2.0,4.0,1.948,0.29
1.0,21,,0.37,-11.0,-5.9,1.0,6.0,0.74,-0.131
1.0,22,,0.0,17.9,-5.2,0.0,12.0,0.0,-inf
1.0,23,,0.305,-12.1,-14.1,1.0,6.0,0.61,-0.215
1.0,24,,0.0,18.9,18.4,0.0,12.0,0.0,-inf
1.0,25,,0.015,-18.7,-9.5,0.0,12.0,0.03,-1.523
1.1,16,,0.0,-14.0,2.4,0.0,12.0,0.0,-inf
1.1,17,,0.069,3.0,8.8,0.0,12.0,0.138,-0.86
1.1,18,,0.0,7.0,-15.3,1.0,6.0,0.0,-inf
1.1,19,,0.0,3.5,-14.8,1.0,6.0,0.0,-inf
1.1,20,,0.974,-9.3,-10.1,2.0,4.0,1.948,0.29
1.1,21,,0.376,-11.0,-5.9,1.0,6.0,0.752,-0.124
1.1,22,,0.0,17.9,-5.2,0.0,12.0,0.0,-inf
1.1,23,,0.315,-12.1,-14.1,1.0,6.0,0.63,-0.201
1.1,24,,0.0,18.9,18.4,0.0,12.0,0.0,-inf
1.1,25,,0.015,-18.7,-9.5,0.0,12.0,0.03,-1.523
1.2,16,,0.0,-14.0,2.4,0.0,12.0,0.0,-inf
1.2,17,,0.068,3.0,8.8,0.0,12.0,0.136,-0.866
1.2,18,,0.0,7.0,-15.3,1.0,6.0,0.0,-inf
1.2,19,,0.0,3.5,-14.8,1.0,6.0,0.0,-inf
1.2,20,,0.972,-9.3,-10.2,2.0,4.0,1.944,0.289
1.2,21,,0.389,-10.9,-6.0,1.0,6.0,0.778,-0.109
1.2,22,,0.0,17.9,-5.2,0.0,12.0,0.0,-inf
1.2,23,,0.325,-12.0,-14.0,1.0,6.0,0.65,-0.187
1.2,24,,0.0,18.9,18.4,0.0,12.0,0.0,-inf
1.2,25,,0.015,-18.7,-9.5,0.0,12.0,0.03,-1.523
1.3,16,,0.0,-14.0,2.4,0.0,12.0,0.0,-inf
1.3,17,,0.068,3.0,8.8,0.0,12.0,0.136,-0.866
1.3,18,,0.0,7.0,-15.3,1.0,6.0,0.0,-inf
1.3,19,,0.0,3.5,-14.8,1.0,6.0,0.0,-inf
1.3,20,,0.973,-9.3,-10.2,2.0,4.0,1.946,0.289
1.3,21,,0.404,-10.9,-6.1,1.0,6.0,0.808,-0.093
1.3,22,,0.0,17.9,-5.2,0.0,12.0,0.0,-inf
1.3,23,,0.328,-12.0,-14.0,1.0,6.0,0.656,-0.183
1.3,24,,0.0,18.9,18.3,0.0,12.0,0.0,-inf
1.3,25,,0.015,-18.7,-9.5,0.0,12.0,0.03,-1.523
1.4,16,,0.0,-14.1,2.4,0.0,12.0,0.0,-inf
1.4,17,,0.068,3.0,8.8,0.0,12.0,0.136,-0.866
1.4,18,,0.0,7.0,-15.3,1.0,6.0,0.0,-inf
1.4,19,,0.0,3.5,-14.7,1.0,6.0,0.0,-inf
1.4,20,,0.972,-9.3,-10.3,2.0,4.0,1.944,0.289
1.4,21,,0.419,-10.8,-6.1,1.0,6.0,0.838,-0.077
1.4,22,,0.0,17.9,-5.1,0.0,12.0,0.0,-inf
1.4,23,,0.332,-11.9,-14.0,1.0,6.0,0.664,-0.178
1.4,24,,0.0,18.8,18.3,0.0,12.0,0.0,-inf
1.4,25,,0.015,-18.7,-9.5,0.0,12.0,0.03,-1.523
1.5,16,,0.0,-14.1,2.4,0.0,12.0,0.0,-inf
1.5,17,,0.069,3.0,8.8,0.0,12.0,0.138,-0.86
1.5,18,,0.0,7.0,-15.3,1.0,6.0,0.0,-inf
1.5,19,,0.0,3.4,-14.8,1.0,6.0,0.0,-inf
1.5,20,,0.975,-9.4,-10.3,2.0,4.0,1.95,0.29
1.5,21,,0.427,-10.8,-6.2,1.0,6.0,0.854,-0.069
1.5,22,,0.0,17.9,-5.1,0.0,12.0,0.0,-inf
1.5,23,,0.336,-11.9,-14.0,1.0,6.0,0.672,-0.173
1.5,24,,0.0,18.8,18.3,0.0,12.0,0.0,-inf
1.5,25,,0.015,-18.7,-9.5,0.0,12.0,0.03,-1.523
1.6,16,,0.0,-14.1,2.4,0.0,12.0,0.0,-inf
1.6,17,,0.069,3.0,8.8,0.0,12.0,0.138,-0.86
1.6,18,,0.0,7.0,-15.2,1.0,6.0,0.0,-inf
1.6,19,,0.0,3.5,-14.8,1.0,6.0,0.0,-inf
1.6,20,,0.977,-9.4,-10.3,2.0,4.0,1.954,0.291
1.6,21,,0.434,-10.8,-6.2,1.0,6.0,0.868,-0.061
1.6,22,,0.0,17.9,-5.1,0.0,12.0,0.0,-inf
1.6,23,,0.34,-11.9,-14.0,1.0,6.0,0.68,-0.167
1.6,24,,0.0,18.8,18.3,0.0,12.0,0.0,-inf
1.6,25,,0.015,-18.7,-9.5,0.0,12.0,0.03,-1.523
1.7,16,,0.0,-14.0,2.4,0.0,12.0,0.0,-inf
1.7,17,,0.068,3.0,8.8,0.0,12.0,0.136,-0.866
1.7,18,,0.0,7.0,-15.3,1.0,6.0,0.0,-inf
1.7,19,,0.0,3.5,-14.8,1.0,6.0,0.0,-inf
1.7,20,,0.981,-9.5,-10.3,2.0,4.0,1.962,0.293
1.7,21,,0.445,-10.8,-6.3,1.0,6.0,0.89,-0.051
1.7,22,,0.0,17.9,-5.1,0.0,12.0,0.0,-inf
1.7,23,,0.345,-11.8,-14.0,1.0,6.0,0.69,-0.161
1.7,24,,0.0,18.9,18.3,0.0,12.0,0.0,-inf
1.7,25,,0.015,-18.7,-9.5,0.0,12.0,0.03,-1.523
1.8,16,,0.0,-14.0,2.4,0.0,12.0,0.0,-inf
1.8,17,,0.068,3.0,8.8,0.0,12.0,0.136,-0.866
1.8,18,,0.0,7.0,-15.2,1.0,6.0,0.0,-inf
1.8,19,,0.0,3.5,-14.8,1.0,6.0,0.0,-inf
1.8,20,,0.986,-9.6,-10.2,2.0,4.0,1.972,0.295
1.8,21,,0.461,-10.8,-6.4,1.0,6.0,0.922,-0.035
1.8,22,,0.0,17.9,-5.1,0.0,12.0,0.0,-inf
1.8,23,,0.349,-11.8,-14.0,1.0,6.0,0.698,-0.156
1.8,24,,0.0,18.9,18.3,0.0,12.0,0.0,-inf
1.8,25,,0.015,-18.7,-9.5,0.0,12.0,0.03,-1.523
1.9,16,,0.0,-14.0,2.4,0.0,12.0,0.0,-inf
1.9,17,,0.068,3.0,8.9,0.0,12.0,0.136,-0.866
1.9,18,,0.0,7.0,-15.2,1.0,6.0,0.0,-inf
1.9,19,,0.0,3.5,-14.8,1.0,6.0,0.0,-inf
1.9,20,,0.989,-9.6,-10.2,2.0,4.0,1.978,0.296
1.9,21,,0.464,-10.8,-6.4,1.0,6.0,0.928,-0.032
1.9,22,,0.0,17.9,-5.1,0.0,12.0,0.0,-inf
1.9,23,,0.359,-11.7,-13.9,1.0,6.0,0.718,-0.144
1.9,24,,0.0,18.9,18.3,0.0,12.0,0.0,-inf
1.9,25,,0.014,-18.7,-9.5,0.0,12.0,0.028,-1.553
2.0,16,,0.0,-14.0,2.4,0.0,12.0,0.0,-inf
2.0,17,,0.068,3.0,8.9,0.0,12.0,0.136,-0.866
2.0,18,,0.0,7.0,-15.2,1.0,6.0,0.0,-inf
2.0,19,,0.0,3.6,-14.8,1.0,6.0,0.0,-inf
2.0,20,,0.992,-9.7,-10.2,2.0,4.0,1.984,0.298
2.0,21,,0.461,-10.9,-6.4,1.0,6.0,0.922,-0.035
2.0,22,,0.0,17.9,-5.1,0.0,12.0,0.0,-inf
2.0,23,,0.366,-11.7,-13.9,1.0,6.0,0.732,-0.135
2.0,24,,0.0,18.9,18.3,0.0,12.0,0.0,-inf
2.0,25,,0.014,-18.7,-9.5,0.0,12.0,0.028,-1.553
2.1,16,,0.0,-14.0,2.4,0.0,12.0,0.0,-inf
2.1,17,,0.068,3.0,8.9,0.0,12.0,0.136,-0.866
2.1,18,,0.0,7.0,-15.2,1.0,6.0,0.0,-inf
2.1,19,,0.0,3.5,-14.8,1.0,6.0,0.0,-inf
2.1,20,,0.993,-9.7,-10.1,2.0,4.0,1.986,0.298
2.1,21,,0.454,-10.9,-6.3,1.0,6.0,0.908,-0.042
2.1,22,,0.0,17.9,-5.1,0.0,12.0,0.0,-inf
2.1,23,,0.379,-11.6,-13.9,1.0,6.0,0.758,-0.12
2.1,24,,0.0,18.9,18.3,0.0,12.0,0.0,-inf
2.1,25,,0.014,-18.8,-9.5,0.0,12.0,0.028,-1.553
2.2,16,,0.0,-14.0,2.4,0.0,12.0,0.0,-inf
2.2,17,,0.068,3.0,8.9,0.0,12.0,0.136,-0.866
2.2,18,,0.0,7.0,-15.2,1.0,6.0,0.0,-inf
2.2,19,,0.0,3.6,-14.8,1.0,6.0,0.0,-inf
2.2,20,,0.996,-9.7,-10.1,2.0,4.0,1.992,0.299
2.2,21,,0.45,-11.0,-6.3,1.0,6.0,0.9,-0.046
2.2,22,,0.0,17.9,-5.1,0.0,12.0,0.0,-inf
2.2,23,,0.391,-11.6,-13.8,1.0,6.0,0.782,-0.107
2.2,24,,0.0,18.8,18.2,0.0,12.0,0.0,-inf
2.2,25,,0.014,-18.8,-9.5,0.0,12.0,0.028,-1.553
2.3,16,,0.0,-14.0,2.4,0.0,12.0,0.0,-inf
2.3,17,,0.067,3.0,8.9,0.0,12.0,0.134,-0.873
2.3,18,,0.0,7.0,-15.2,1.0,6.0,0.0,-inf
2.3,19,,0.0,3.5,-14.8,1.0,6.0,0.0,-inf
2.3,20,,0.997,-9.8,-10.0,2.0,4.0,1.994,0.3
2.3,21,,0.446,-11.0,-6.3,1.0,6.0,0.892,-0.05
2.3,22,,0.0,17.9,-5.1,0.0,12.0,0.0,-inf
2.3,23,,0.401,-11.5,-13.8,1.0,6.0,0.802,-0.096
2.3,24,,0.0,18.9,18.2,0.0,12.0,0.0,-inf
2.3,25,,0.014,-18.7,-9.5,0.0,12.0,0.028,-1.553
2.4,16,,0.0,-14.0,2.4,0.0,12.0,0.0,-inf
2.4,17,,0.067,3.0,8.9,0.0,12.0,0.134,-0.873
2.4,18,,0.0,7.0,-15.2,1.0,6.0,0.0,-inf
2.4,19,,0.0,3.5,-14.8,1.0,6.0,0.0,-inf
2.4,20,,0.998,-9.8,-10.0,2.0,4.0,1.996,0.3
2.4,21,,0.453,-11.0,-6.4,1.0,6.0,0.906,-0.043
2.4,22,,0.0,17.9,-5.1,0.0,12.0,0.0,-inf
2.4,23,,0.416,-11.5,-13.7,1.0,6.0,0.832,-0.08
2.4,24,,0.0,18.9,18.3,0.0,12.0,0.0,-inf
2.4,25,,0.014,-18.7,-9.5,0.0,12.0,0.028,-1.553
2.5,16,,0.0,-14.0,2.4,0.0,12.0,0.0,-inf
2.5,17,,0.068,3.0,8.9,0.0,12.0,0.136,-0.866
2.5,18,,0.0,7.0,-15.2,1.0,6.0,0.0,-inf
2.5,19,,0.0,3.5,-14.8,1.0,6.0,0.0,-inf
2.5,20,,0.999,-9.9,-10.0,2.0,4.0,1.998,0.301
2.5,21,,0.452,-11.0,-6.4,1.0,6.0,0.904,-0.044
2.5,22,,0.0,17.9,-5.1,0.0,12.0,0.0,-inf
2.5,23,,0.423,-11.4,-13.7,1.0,6.0,0.846,-0.073
2.5,24,,0.0,18.9,18.3,0.0,12.0,0.0,-inf
2.5,25,,0.014,-18.7,-9.5,0.0,12.0,0.028,-1.553
2.6,16,,0.0,-14.0,2.4,0.0,12.0,0.0,-inf
2.6,17,,0.067,3.0,8.9,0.0,12.0,0.134,-0.873
2.6,18,,0.0,7.0,-15.2,1.0,6.0,0.0,-inf
2.6,19,,0.0,3.5,-14.8,1.0,6.0,0.0,-inf
2.6,20,,0.999,-9.9,-9.9,2.0,4.0,1.998,0.301
2.6,21,,0.439,-11.1,-6.3,1.0,6.0,0.878,-0.057
2.6,22,,0.0,17.9,-5.2,0.0,12.0,0.0,-inf
2.6,23,,0.438,-11.3,-13.6,1.0,6.0,0.876,-0.057
2.6,24,,0.0,18.9,18.3,0.0,12.0,0.0,-inf
2.6,25,,0.014,-18.7,-9.5,0.0,12.0,0.028,-1.553
2.7,16,,0.0,-14.1,2.4,0.0,12.0,0.0,-inf
2.7,17,,0.068,3.0,8.9,0.0,12.0,0.136,-0.866
2.7,18,,0.0,7.0,-15.2,1.0,6.0,0.0,-inf
2.7,19,,0.0,3.5,-14.8,1.0,6.0,0.0,-inf
2.7,20,,0.999,-9.9,-9.9,2.0,4.0,1.998,0.301
2.7,21,,0.446,-11.1,-6.4,1.0,6.0,0.892,-0.05
2.7,22,,0.0,17.9,-5.1,0.0,12.0,0.0,-inf
2.7,23,,0.447,-11.3,-13.6,1.0,6.0,0.894,-0.049
2.7,24,,0.0,18.9,18.3,0.0,12.0,0.0,-inf
2.7,25,,0.014,-18.7,-9.5,0.0,12.0,0.028,-1.553
2.8,16,,0.0,-14.1,2.4,0.0,12.0,0.0,-inf
2.8,17,,0.068,3.0,8.9,0.0,12.0,0.136,-0.866
2.8,18,,0.0,7.0,-15.3,1.0,6.0,0.0,-inf
2.8,19,,0.0,3.5,-14.8,1.0,6.0,0.0,-inf
2.8,20,,0.998,-10.0,-9.8,2.0,4.0,1.996,0.3
2.8,21,,0.454,-11.1,-6.4,1.0,6.0,0.908,-0.042
2.8,22,,0.0,17.9,-5.2,0.0,12.0,0.0,-inf
2.8,23,,0.462,-11.2,-13.5,1.0,6.0,0.924,-0.034
2.8,24,,0.0,18.9,18.3,0.0,12.0,0.0,-inf
2.8,25,,0.014,-18.8,-9.5,0.0,12.0,0.028,-1.553
2.9,16,,0.0,-14.1,2.4,0.0,12.0,0.0,-inf
2.9,17,,0.069,3.0,8.9,0.0,12.0,0.138,-0.86
2.9,18,,0.0,7.0,-15.2,1.0,6.0,0.0,-inf
2.9,19,,0.0,3.5,-14.8,1.0,6.0,0.0,-inf
2.9,20,,0.999,-10.1,-9.9,2.0,4.0,1.998,0.301
2.9,21,,0.458,-11.1,-6.4,1.0,6.0,0.916,-0.038
2.9,22,,0.0,17.9,-5.1,0.0,12.0,0.0,-inf
2.9,23,,0.466,-11.2,-13.5,1.0,6.0,0.932,-0.031
2.9,24,,0.0,18.9,18.3,0.0,12.0,0.0,-inf
2.9,25,,0.014,-18.8,-9.5,0.0,12.0,0.028,-1.553
3.0,16,,0.0,-14.1,2.4,0.0,12.0,0.0,-inf
3.0,17,,0.069,3.0,8.9,0.0,12.0,0.138,-0.86
3.0,18,,0.0,7.0,-15.2,1.0,6.0,0.0,-inf
3.0,19,,0.0,3.5,-14.8,1.0,6.0,0.0,-inf
3.0,20,,0.998,-10.1,-9.9,2.0,4.0,1.996,0.3
3.0,21,,0.446,-11.1,-6.4,1.0,6.0,0.892,-0.05
3.0,22,,0.0,17.9,-5.1,0.0,12.0,0.0,-inf
3.0,23,,0.454,-11.3,-13.6,1.0,6.0,0.908,-0.042
3.0,24,,0.0,19.0,18.3,0.0,12.0,0.0,-inf
3.0,25,,0.014,-18.8,-9.5,0.0,12.0,0.028,-1.553
3.1,16,,0.0,-14.1,2.4,0.0,12.0,0.0,-inf
3.1,17,,0.07,3.0,9.0,0.0,12.0,0.14,-0.854
3.1,18,,0.0,7.0,-15.2,1.0,6.0,0.0,-inf
3.1,19,,0.0,3.5,-14.8,1.0,6.0,0.0,-inf
3.1,20,,0.998,-10.2,-9.9,2.0,4.0,1.996,0.3
3.1,21,,0.452,-11.2,-6.4,1.0,6.0,0.904,-0.044
3.1,22,,0.0,17.9,-5.1,0.0,12.0,0.0,-inf
3.1,23,,0.442,-11.3,-13.6,1.0,6.0,0.884,-0.054
3.1,24,,0.0,19.0,18.3,0.0,12.0,0.0,-inf
3.1,25,,0.013,-18.8,-9.5,0.0,12.0,0.026,-1.585
3.2,16,,0.0,-14.1,2.4,0.0,12.0,0.0,-inf
3.2,17,,0.071,3.0,9.0,0.0,12.0,0.142,-0.848
3.2,18,,0.0,6.9,-15.2,1.0,6.0,0.0,-inf
3.2,19,,0.0,3.5,-14.8,1.0,6.0,0.0,-inf
3.2,20,,0.996,-10.2,-9.8,2.0,4.0,1.992,0.299
3.2,21,,0.456,-11.1,-6.4,1.0,6.0,0.912,-0.04
3.2,22,,0.0,17.9,-5.2,0.0,12.0,0.0,-inf
3.2,23,,0.438,-11.3,-13.6,1.0,6.0,0.876,-0.057
3.2,24,,0.0,19.0,18.3,0.0,12.0,0.0,-inf
3.2,25,,0.014,-18.8,-9.4,0.0,12.0,0.028,-1.553
3.3,16,,0.0,-14.1,2.4,0.0,12.0,0.0,-inf
3.3,17,,0.071,3.1,9.0,0.0,12.0,0.142,-0.848
3.3,18,,0.0,6.9,-15.2,1.0,6.0,0.0,-inf
3.3,19,,0.0,3.5,-14.8,1.0,6.0,0.0,-inf
3.3,20,,0.996,-10.2,-9.8,2.0,4.0,1.992,0.299
3.3,21,,0.445,-11.2,-6.4,1.0,6.0,0.89,-0.051
3.3,22,,0.0,17.9,-5.2,0.0,12.0,0.0,-inf
3.3,23,,0.446,-11.2,-13.6,1.0,6.0,0.892,-0.05
3.3,24,,0.0,19.0,18.3,0.0,12.0,0.0,-inf
3.3,25,,0.014,-18.8,-9.4,0.0,12.0,0.028,-1.553
3.4,16,,0.0,-14.0,2.3,0.0,12.0,0.0,-inf
3.4,17,,0.07,3.0,9.0,0.0,12.0,0.14,-0.854
3.4,18,,0.0,6.9,-15.2,1.0,6.0,0.0,-inf
3.4,19,,0.0,3.4,-14.8,1.0,6.0,0.0,-inf
3.4,20,,0.993,-10.3,-9.7,2.0,4.0,1.986,0.298
3.4,21,,0.445,-11.2,-6.4,1.0,6.0,0.89,-0.051
3.4,22,,0.0,17.9,-5.2,0.0,12.0,0.0,-inf
3.4,23,,0.459,-11.2,-13.5,1.0,6.0,0.918,-0.037
3.4,24,,0.0,19.0,18.3,0.0,12.0,0.0,-inf
3.4,25,,0.014,-18.8,-9.4,0.0,12.0,0.028,-1.553
3.5,16,,0.0,-14.1,2.4,0.0,12.0,0.0,-inf
3.5,17,,0.071,3.0,9.0,0.0,12.0,0.142,-0.848
3.5,18,,0.0,6.9,-15.2,1.0,6.0,0.0,-inf
3.5,19,,0.0,3.4,-14.8,1.0,6.0,0.0,-inf
3.5,20,,0.991,-10.3,-9.7,2.0,4.0,1.982,0.297
3.5,21,,0.457,-11.2,-6.5,1.0,6.0,0.914,-0.039
3.5,22,,0.0,17.9,-5.2,0.0,12.0,0.0,-inf
3.5,23,,0.455,-11.2,-13.6,1.0,6.0,0.91,-0.041
3.5,24,,0.0,19.0,18.4,0.0,12.0,0.0,-inf
3.5,25,,0.014,-18.8,-9.5,0.0,12.0,0.028,-1.553
3.6,16,,0.0,-14.1,2.4,0.0,12.0,0.0,-inf
3.6,17,,0.072,3.1,9.0,0.0,12.0,0.144,-0.842
3.6,18,,0.0,6.9,-15.2,1.0,6.0,0.0,-inf
3.6,19,,0.0,3.4,-14.8,1.0,6.0,0.0,-inf
3.6,20,,0.987,-10.3,-9.7,2.0,4.0,1.974,0.295
3.6,21,,0.453,-11.2,-6.4,1.0,6.0,0.906,-0.043
3.6,22,,0.0,17.9,-5.2,0.0,12.0,0.0,-inf
3.6,23,,0.44,-11.2,-13.6,1.0,6.0,0.88,-0.056
3.6,24,,0.0,19.0,18.4,0.0,12.0,0.0,-inf
3.6,25,,0.014,-18.7,-9.4,0.0,12.0,0.028,-1.553
3.7,16,,0.0,-14.1,2.4,0.0,12.0,0.0,-inf
3.7,17,,0.073,3.1,9.0,0.0,12.0,0.146,-0.836
3.7,18,,0.0,6.9,-15.2,1.0,6.0,0.0,-inf
3.7,19,,0.0,3.4,-14.8,1.0,6.0,0.0,-inf
3.7,20,,0.985,-10.3,-9.6,2.0,4.0,1.97,0.294
3.7,21,,0.447,-11.3,-6.4,1.0,6.0,0.894,-0.049
3.7,22,,0.0,17.9,-5.1,0.0,12.0,0.0,-inf
3.7,23,,0.435,-11.2,-13.7,1.0,6.0,0.87,-0.06
3.7,24,,0.0,19.0,18.4,0.0,12.0,0.0,-inf
3.7,25,,0.014,-18.7,-9.5,0.0,12.0,0.028,-1.553
3.8,16,,0.0,-14.1,2.4,0.0,12.0,0.0,-inf
3.8,17,,0.073,3.1,9.0,0.0,12.0,0.146,-0.836
3.8,18,,0.0,6.9,-15.2,1.0,6.0,0.0,-inf
3.8,19,,0.0,3.4,-14.8,1.0,6.0,0.0,-inf
3.8,20,,0.982,-10.3,-9.5,2.0,4.0,1.964,0.293
3.8,21,,0.441,-11.3,-6.4,1.0,6.0,0.882,-0.055
3.8,22,,0.0,17.8,-5.2,0.0,12.0,0.0,-inf
3.8,23,,0.449,-11.2,-13.6,1.0,6.0,0.898,-0.047
3.8,24,,0.0,19.0,18.4,0.0,12.0,0.0,-inf
3.8,25,,0.014,-18.7,-9.4,0.0,12.0,0.028,-1.553
3.9,16,,0.0,-14.1,2.4,0.0,12.0,0.0,-inf
3.9,17,,0.074,3.1,9.0,0.0,12.0,0.148,-0.83
3.9,18,,0.0,6.9,-15.2,1.0,6.0,0.0,-inf
3.9,19,,0.0,3.4,-14.9,1.0,6.0,0.0,-inf
3.9,20,,0.982,-10.3,-9.5,2.0,4.0,1.964,0.293
3.9,21,,0.445,-11.2,-6.4,1.0,6.0,0.89,-0.051
3.9,22,,0.0,17.9,-5.2,0.0,12.0,0.0,-inf
3.9,23,,0.46,-11.1,-13.6,1.0,6.0,0.92,-0.036
3.9,24,,0.0,19.0,18.4,0.0,12.0,0.0,-inf
3.9,25,,0.014,-18.7,-9.5,0.0,12.0,0.028,-1.553
4.0,16,,0.0,-14.0,2.4,0.0,12.0,0.0,-inf
4.0,17,,0.073,3.1,9.0,0.0,12.0,0.146,-0.836
4.0,18,,0.0,6.9,-15.2,1.0,6.0,0.0,-inf
4.0,19,,0.0,3.4,-14.8,1.0,6.0,0.0,-inf
4.0,20,,0.978,-10.2,-9.4,2.0,4.0,1.956,0.291
4.0,21,,0.447,-11.2,-6.4,1.0,6.0,0.894,-0.049
4.0,22,,0.0,17.9,-5.2,0.0,12.0,0.0,-inf
4.0,23,,0.46,-11.2,-13.6,1.0,6.0,0.92,-0.036
4.0,24,,0.0,19.0,18.4,0.0,12.0,0.0,-inf
4.0,25,,0.015,-18.7,-9.5,0.0,12.0,0.03,-1.523
4.1,16,,0.0,-14.1,2.4,0.0,12.0,0.0,-inf
4.1,17,,0.073,3.1,9.0,0.0,12.0,0.146,-0.836
4.1,18,,0.0,6.9,-15.2,1.0,6.0,0.0,-inf
4.1,19,,0.0,3.5,-14.8,1.0,6.0,0.0,-inf
4.1,20,,0.977,-10.2,-9.4,2.0,4.0,1.954,0.291
4.1,21,,0.457,-11.1,-6.4,1.0,6.0,0.914,-0.039
4.1,22,,0.0,17.9,-5.2,0.0,12.0,0.0,-inf
4.1,23,,0.445,-11.2,-13.6,1.0,6.0,0.89,-0.051
4.1,24,,0.0,19.0,18.3,0.0,12.0,0.0,-inf
4.1,25,,0.015,-18.7,-9.5,0.0,12.0,0.03,-1.523
4.2,16,,0.0,-14.1,2.4,0.0,12.0,0.0,-inf
4.2,17,,0.074,3.1,9.0,0.0,12.0,0.148,-0.83
4.2,18,,0.0,6.9,-15.2,1.0,6.0,0.0,-inf
4.2,19,,0.0,3.5,-14.8,1.0,6.0,0.0,-inf
4.2,20,,0.975,-10.2,-9.4,2.0,4.0,1.95,0.29
4.2,21,,0.456,-11.1,-6.4,1.0,6.0,0.912,-0.04
4.2,22,,0.0,17.9,-5.2,0.0,12.0,0.0,-inf
4.2,23,,0.442,-11.2,-13.6,1.0,6.0,0.884,-0.054
4.2,24,,0.0,19.0,18.3,0.0,12.0,0.0,-inf
4.2,25,,0.015,-18.7,-9.4,0.0,12.0,0.03,-1.523
4.3,16,,0.0,-14.0,2.3,0.0,12.0,0.0,-inf
4.3,17,,0.074,3.1,9.0,0.0,12.0,0.148,-0.83
4.3,18,,0.0,6.9,-15.2,1.0,6.0,0.0,-inf
4.3,19,,0.0,3.5,-14.8,1.0,6.0,0.0,-inf
4.3,20,,0.972,-10.2,-9.3,2.0,4.0,1.944,0.289
4.3,21,,0.443,-11.2,-6.4,1.0,6.0,0.886,-0.053
4.3,22,,0.0,17.9,-5.1,0.0,12.0,0.0,-inf
4.3,23,,0.455,-11.2,-13.6,1.0,6.0,0.91,-0.041
4.3,24,,0.0,19.0,18.3,0.0,12.0,0.0,-inf
4.3,25,,0.015,-18.6,-9.4,0.0,12.0,0.03,-1.523
4.4,16,,0.0,-13.9,2.3,0.0,12.0,0.0,-inf
4.4,17,,0.074,3.1,9.0,0.0,12.0,0.148,-0.83
4.4,18,,0.0,6.9,-15.2,1.0,6.0,0.0,-inf
4.4,19,,0.0,3.5,-14.8,1.0,6.0,0.0,-inf
4.4,20,,0.978,-10.1,-9.4,2.0,4.0,1.956,0.291
4.4,21,,0.446,-11.2,-6.4,1.0,6.0,0.892,-0.05
4.4,22,,0.0,17.9,-5.1,0.0,12.0,0.0,-inf
4.4,23,,0.459,-11.2,-13.6,1.0,6.0,0.918,-0.037
4.4,24,,0.0,19.0,18.3,0.0,12.0,0.0,-inf
4.4,25,,0.015,-18.6,-9.5,0.0,12.0,0.03,-1.523
4.5,16,,0.0,-13.9,2.3,0.0,12.0,0.0,-inf
4.5,17,,0.075,3.1,9.0,0.0,12.0,0.15,-0.824
4.5,18,,0.0,6.9,-15.2,1.0,6.0,0.0,-inf
4.5,19,,0.0,3.5,-14.8,1.0,6.0,0.0,-inf
4.5,20,,0.98,-10.2,-9.4,2.0,4.0,1.96,0.292
4.5,21,,0.459,-11.2,-6.4,1.0,6.0,0.918,-0.037
4.5,22,,0.0,17.9,-5.1,0.0,12.0,0.0,-inf
4.5,23,,0.445,-11.2,-13.6,1.0,6.0,0.89,-0.051
4.5,24,,0.0,19.0,18.3,0.0,12.0,0.0,-inf
4.5,25,,0.015,-18.7,-9.5,0.0,12.0,0.03,-1.523
4.6,16,,0.0,-13.8,2.3,0.0,12.0,0.0,-inf
4.6,17,,0.074,3.1,9.0,0.0,12.0,0.148,-0.83
4.6,18,,0.0,6.9,-15.2,1.0,6.0,0.0,-inf
4.6,19,,0.0,3.5,-14.8,1.0,6.0,0.0,-inf
4.6,20,,0.975,-10.2,-9.3,2.0,4.0,1.95,0.29
4.6,21,,0.457,-11.2,-6.4,1.0,6.0,0.914,-0.039
4.6,22,,0.0,18.0,-5.2,0.0,12.0,0.0,-inf
4.6,23,,0.444,-11.2,-13.6,1.0,6.0,0.888,-0.052
4.6,24,,0.0,19.0,18.4,0.0,12.0,0.0,-inf
4.6,25,,0.015,-18.7,-9.5,0.0,12.0,0.03,-1.523
4.7,16,,0.0,-13.8,2.3,0.0,12.0,0.0,-inf
4.7,17,,0.074,3.1,9.0,0.0,12.0,0.148,-0.83
4.7,18,,0.0,6.9,-15.2,1.0,6.0,0.0,-inf
4.7,19,,0.0,3.5,-14.8,1.0,6.0,0.0,-inf
4.7,20,,0.973,-10.2,-9.3,2.0,4.0,1.946,0.289
4.7,21,,0.447,-11.2,-6.4,1.0,6.0,0.894,-0.049
4.7,22,,0.0,18.0,-5.1,0.0,12.0,0.0,-inf
4.7,23,,0.459,-11.2,-13.6,1.0,6.0,0.918,-0.037
4.7,24,,0.0,19.0,18.4,0.0,12.0,0.0,-inf
4.7,25,,0.015,-18.7,-9.5,0.0,12.0,0.03,-1.523
4.8,16,,0.0,-13.7,2.2,0.0,12.0,0.0,-inf
4.8,17,,0.073,3.1,9.0,0.0,12.0,0.146,-0.836
4.8,18,,0.0,6.9,-15.2,1.0,6.0,0.0,-inf
4.8,19,,0.0,3.4,-14.8,1.0,6.0,0.0,-inf
4.8,20,,0.975,-10.2,-9.4,2.0,4.0,1.95,0.29
4.8,21,,0.447,-11.2,-6.4,1.0,6.0,0.894,-0.049
4.8,22,,0.0,18.0,-5.1,0.0,12.0,0.0,-inf
4.8,23,,0.462,-11.2,-13.5,1.0,6.0,0.924,-0.034
4.8,24,,0.0,19.1,18.4,0.0,12.0,0.0,-inf
4.8,25,,0.016,-18.6,-9.5,0.0,12.0,0.032,-1.495
4.9,16,,0.0,-13.6,2.3,0.0,12.0,0.0,-inf
4.9,17,,0.073,3.1,9.0,0.0,12.0,0.146,-0.836
4.9,18,,0.0,6.9,-15.2,1.0,6.0,0.0,-inf
4.9,19,,0.0,3.5,-14.8,1.0,6.0,0.0,-inf
4.9,20,,0.977,-10.3,-9.4,2.0,4.0,1.954,0.291
4.9,21,,0.462,-11.2,-6.5,1.0,6.0,0.924,-0.034
4.9,22,,0.0,18.0,-5.1,0.0,12.0,0.0,-inf
4.9,23,,0.445,-11.2,-13.6,1.0,6.0,0.89,-0.051
4.9,24,,0.0,19.1,18.4,0.0,12.0,0.0,-inf
4.9,25,,0.016,-18.6,-9.5,0.0,12.0,0.032,-1.495
5.0,16,,0.0,-13.6,2.3,0.0,12.0,0.0,-inf
5.0,17,,0.072,3.1,9.0,0.0,12.0,0.144,-0.842
5.0,18,,0.0,6.9,-15.2,1.0,6.0,0.0,-inf
5.0,19,,0.0,3.5,-14.8,1.0,6.0,0.0,-inf
5.0,20,,0.974,-10.3,-9.4,2.0,4.0,1.948,0.29
5.0,21,,0.459,-11.2,-6.5,1.0,6.0,0.918,-0.037
5.0,22,,0.0,18.0,-5.2,0.0,12.0,0.0,-inf
5.0,23,,0.444,-11.2,-13.6,1.0,6.0,0.888,-0.052
5.0,24,,0.0,19.1,18.4,0.0,12.0,0.0,-inf
5.0,25,,0.016,-18.6,-9.5,0.0,12.0,0.032,-1.495
5.1,16,,0.0,-13.6,2.3,0.0,12.0,0.0,-inf
5.1,17,,0.071,3.0,9.0,0.0,12.0,0.142,-0.848
5.1,18,,0.0,6.9,-15.2,1.0,6.0,0.0,-inf
5.1,19,,0.0,3.5,-14.8,1.0,6.0,0.0,-inf
5.1,20,,0.971,-10.3,-9.4,2.0,4.0,1.942,0.288
5.1,21,,0.449,-11.3,-6.4,1.0,6.0,0.898,-0.047
5.1,22,,0.0,18.0,-5.1,0.0,12.0,0.0,-inf
5.1,23,,0.456,-11.2,-13.6,1.0,6.0,0.912,-0.04
5.1,24,,0.0,19.1,18.4,0.0,12.0,0.0,-inf
5.1,25,,0.016,-18.6,-9.5,0.0,12.0,0.032,-1.495
5.2,16,,0.0,-13.5,2.2,0.0,12.0,0.0,-inf
5.2,17,,0.071,3.0,9.0,0.0,12.0,0.142,-0.848
5.2,18,,0.0,6.9,-15.2,1.0,6.0,0.0,-inf
5.2,19,,0.0,3.5,-14.8,1.0,6.0,0.0,-inf
5.2,20,,0.973,-10.3,-9.4,2.0,4.0,1.946,0.289
5.2,21,,0.451,-11.2,-6.4,1.0,6.0,0.902,-0.045
5.2,22,,0.0,18.0,-5.2,0.0,12.0,0.0,-inf
5.2,23,,0.455,-11.2,-13.6,1.0,6.0,0.91,-0.041
5.2,24,,0.0,19.1,18.4,0.0,12.0,0.0,-inf
5.2,25,,0.016,-18.6,-9.5,0.0,12.0,0.032,-1.495
5.3,16,,0.0,-13.5,2.3,0.0,12.0,0.0,-inf
5.3,17,,0.071,3.0,9.0,0.0,12.0,0.142,-0.848
5.3,18,,0.0,6.9,-15.2,1.0,6.0,0.0,-inf
5.3,19,,0.0,3.5,-14.8,1.0,6.0,0.0,-inf
5.3,20,,0.976,-10.3,-9.4,2.0,4.0,1.952,0.29
5.3,21,,0.453,-11.2,-6.4,1.0,6.0,0.906,-0.043
5.3,22,,0.0,18.0,-5.1,0.0,12.0,0.0,-inf
5.3,23,,0.445,-11.2,-13.6,1.0,6.0,0.89,-0.051
5.3,24,,0.0,19.1,18.4,0.0,12.0,0.0,-inf
5.3,25,,0.016,-18.6,-9.5,0.0,12.0,0.032,-1.495
5.4,16,,0.0,-13.4,2.2,0.0,12.0,0.0,-inf
5.4,17,,0.07,3.0,9.0,0.0,12.0,0.14,-0.854
5.4,18,,0.0,6.9,-15.2,1.0,6.0,0.0,-inf
5.4,19,,0.0,3.5,-14.8,1.0,6.0,0.0,-inf
5.4,20,,0.976,-10.4,-9.5,2.0,4.0,1.952,0.29
5.4,21,,0.441,-11.2,-6.4,1.0,6.0,0.882,-0.055
5.4,22,,0.0,18.0,-5.2,0.0,12.0,0.0,-inf
5.4,23,,0.44,-11.2,-13.6,1.0,6.0,0.88,-0.056
5.4,24,,0.0,19.1,18.4,0.0,12.0,0.0,-inf
5.4,25,,0.015,-18.7,-9.5,0.0,12.0,0.03,-1.523
5.5,16,,0.0,-13.3,2.2,0.0,12.0,0.0,-inf
5.5,17,,0.069,3.0,9.0,0.0,12.0,0.138,-0.86
5.5,18,,0.0,6.9,-15.3,1.0,6.0,0.0,-inf
5.5,19,,0.0,3.6,-14.8,1.0,6.0,0.0,-inf
5.5,20,,0.978,-10.4,-9.6,2.0,4.0,1.956,0.291
5.5,21,,0.436,-11.2,-6.3,1.0,6.0,0.872,-0.059
5.5,22,,0.0,17.9,-5.1,0.0,12.0,0.0,-inf
5.5,23,,0.446,-11.2,-13.6,1.0,6.0,0.892,-0.05
5.5,24,,0.0,19.1,18.4,0.0,12.0,0.0,-inf
5.5,25,,0.016,-18.6,-9.5,0.0,12.0,0.032,-1.495
5.6,16,,0.0,-13.3,2.2,0.0,12.0,0.0,-inf
5.6,17,,0.07,3.0,9.0,0.0,12.0,0.14,-0.854
5.6,18,,0.0,6.9,-15.2,1.0,6.0,0.0,-inf
5.6,19,,0.0,3.6,-14.8,1.0,6.0,0.0,-inf
5.6,20,,0.981,-10.4,-9.6,2.0,4.0,1.962,0.293
5.6,21,,0.451,-11.2,-6.4,1.0,6.0,0.902,-0.045
5.6,22,,0.0,17.9,-5.2,0.0,12.0,0.0,-inf
5.6,23,,0.454,-11.2,-13.6,1.0,6.0,0.908,-0.042
5.6,24,,0.0,19.1,18.4,0.0,12.0,0.0,-inf
5.6,25,,0.016,-18.6,-9.5,0.0,12.0,0.032,-1.495
5.7,16,,0.0,-13.2,2.2,0.0,12.0,0.0,-inf
5.7,17,,0.071,3.0,9.0,0.0,12.0,0.142,-0.848
5.7,18,,0.0,6.9,-15.2,1.0,6.0,0.0,-inf
5.7,19,,0.0,3.6,-14.8,1.0,6.0,0.0,-inf
5.7,20,,0.983,-10.5,-9.7,2.0,4.0,1.966,0.294
5.7,21,,0.453,-11.2,-6.4,1.0,6.0,0.906,-0.043
5.7,22,,0.0,17.9,-5.2,0.0,12.0,0.0,-inf
5.7,23,,0.459,-11.2,-13.6,1.0,6.0,0.918,-0.037
5.7,24,,0.0,19.1,18.4,0.0,12.0,0.0,-inf
5.7,25,,0.016,-18.6,-9.5,0.0,12.0,0.032,-1.495
5.8,16,,0.0,-13.1,2.1,0.0,12.0,0.0,-inf
5.8,17,,0.07,3.0,9.0,0.0,12.0,0.14,-0.854
5.8,18,,0.0,6.9,-15.2,1.0,6.0,0.0,-inf
5.8,19,,0.0,3.6,-14.8,1.0,6.0,0.0,-inf
5.8,20,,0.983,-10.5,-9.7,2.0,4.0,1.966,0.294
5.8,21,,0.444,-11.2,-6.4,1.0,6.0,0.888,-0.052
5.8,22,,0.0,17.9,-5.2,0.0,12.0,0.0,-inf
5.8,23,,0.446,-11.2,-13.6,1.0,6.0,0.892,-0.05
5.8,24,,0.0,19.2,18.4,0.0,12.0,0.0,-inf
5.8,25,,0.016,-18.6,-9.5,0.0,12.0,0.032,-1.495
5.9,16,,0.0,-13.1,2.1,0.0,12.0,0.0,-inf
5.9,17,,0.071,3.0,9.0,0.0,12.0,0.142,-0.848
5.9,18,,0.0,6.9,-15.2,1.0,6.0,0.0,-inf
5.9,19,,0.0,3.6,-14.8,1.0,6.0,0.0,-inf
5.9,20,,0.985,-10.5,-9.8,2.0,4.0,1.97,0.294
5.9,21,,0.441,-11.3,-6.4,1.0,6.0,0.882,-0.055
5.9,22,,0.0,17.9,-5.2,0.0,12.0,0.0,-inf
5.9,23,,0.446,-11.2,-13.6,1.0,6.0,0.892,-0.05
5.9,24,,0.0,19.1,18.4,0.0,12.0,0.0,-inf
5.9,25,,0.016,-18.6,-9.5,0.0,12.0,0.032,-1.495
6.0,16,,0.0,-13.1,2.1,0.0,12.0,0.0,-inf
6.0,17,,0.07,3.0,9.0,0.0,12.0,0.14,-0.854
6.0,18,,0.0,6.9,-15.2,1.0,6.0,0.0,-inf
6.0,19,,0.0,3.6,-14.8,1.0,6.0,0.0,-inf
6.0,20,,0.987,-10.5,-9.8,2.0,4.0,1.974,0.295
6.0,21,,0.456,-11.3,-6.5,1.0,6.0,0.912,-0.04
6.0,22,,0.0,17.8,-5.1,0.0,12.0,0.0,-inf
6.0,23,,0.453,-11.1,-13.6,1.0,6.0,0.906,-0.043
6.0,24,,0.0,19.1,18.4,0.0,12.0,0.0,-inf
6.0,25,,0.016,-18.6,-9.5,0.0,12.0,0.032,-1.495
6.1,16,,0.0,-13.0,2.1,0.0,12.0,0.0,-inf
6.1,17,,0.071,3.0,9.0,0.0,12.0,0.142,-0.848
6.1,18,,0.0,6.9,-15.3,1.0,6.0,0.0,-inf
6.1,19,,0.0,3.6,-14.8,1.0,6.0,0.0,-inf
6.1,20,,0.984,-10.5,-9.8,2.0,4.0,1.968,0.294
6.1,21,,0.451,-11.3,-6.4,1.0,6.0,0.902,-0.045
6.1,22,,0.0,17.8,-5.2,0.0,12.0,0.0,-inf
6.1,23,,0.451,-11.2,-13.6,1.0,6.0,0.902,-0.045
6.1,24,,0.0,19.1,18.4,0.0,12.0,0.0,-inf
6.1,25,,0.015,-18.7,-9.6,0.0,12.0,0.03,-1.523
6.2,16,,0.0,-13.0,2.1,0.0,12.0,0.0,-inf
6.2,17,,0.072,3.1,9.0,0.0,12.0,0.144,-0.842
6.2,18,,0.0,6.9,-15.3,1.0,6.0,0.0,-inf
6.2,19,,0.0,3.6,-14.8,1.0,6.0,0.0,-inf
6.2,20,,0.981,-10.6,-9.9,2.0,4.0,1.962,0.293
6.2,21,,0.443,-11.3,-6.4,1.0,6.0,0.886,-0.053
6.2,22,,0.0,17.8,-5.2,0.0,12.0,0.0,-inf
6.2,23,,0.439,-11.2,-13.7,1.0,6.0,0.878,-0.057
6.2,24,,0.0,19.2,18.4,0.0,12.0,0.0,-inf
6.2,25,,0.016,-18.6,-9.5,0.0,12.0,0.032,-1.495
6.3,16,,0.0,-12.9,2.1,0.0,12.0,0.0,-inf
6.3,17,,0.072,3.1,9.0,0.0,12.0,0.144,-0.842
6.3,18,,0.0,6.9,-15.3,1.0,6.0,0.0,-inf
6.3,19,,0.0,3.6,-14.8,1.0,6.0,0.0,-inf
6.3,20,,0.98,-10.6,-9.8,2.0,4.0,1.96,0.292
6.3,21,,0.44,-11.3,-6.4,1.0,6.0,0.88,-0.056
6.3,22,,0.0,17.8,-5.2,0.0,12.0,0.0,-inf
6.3,23,,0.436,-11.1,-13.7,1.0,6.0,0.872,-0.059
6.3,24,,0.0,19.1,18.4,0.0,12.0,0.0,-inf
6.3,25,,0.016,-18.6,-9.6,0.0,12.0,0.032,-1.495
6.4,16,,0.0,-12.8,2.0,0.0,12.0,0.0,-inf
6.4,17,,0.071,3.0,9.0,0.0,12.0,0.142,-0.848
6.4,18,,0.0,6.8,-15.3,1.0,6.0,0.0,-inf
6.4,19,,0.0,3.6,-14.8,1.0,6.0,0.0,-inf
6.4,20,,0.985,-10.5,-9.8,2.0,4.0,1.97,0.294
6.4,21,,0.449,-11.3,-6.4,1.0,6.0,0.898,-0.047
6.4,22,,0.0,17.8,-5.2,0.0,12.0,0.0,-inf
6.4,23,,0.451,-11.1,-13.6,1.0,6.0,0.902,-0.045
6.4,24,,0.0,19.1,18.4,0.0,12.0,0.0,-inf
6.4,25,,0.016,-18.6,-9.6,0.0,12.0,0.032,-1.495
6.5,16,,0.0,-12.7,2.0,0.0,12.0,0.0,-inf
6.5,17,,0.07,3.0,9.0,0.0,12.0,0.14,-0.854
6.5,18,,0.0,6.8,-15.3,1.0,6.0,0.0,-inf
6.5,19,,0.0,3.6,-14.8,1.0,6.0,0.0,-inf
6.5,20,,0.982,-10.6,-9.9,2.0,4.0,1.964,0.293
6.5,21,,0.459,-11.3,-6.5,1.0,6.0,0.918,-0.037
6.5,22,,0.0,17.9,-5.2,0.0,12.0,0.0,-inf
6.5,23,,0.451,-11.2,-13.6,1.0,6.0,0.902,-0.045
6.5,24,,0.0,19.2,18.4,0.0,12.0,0.0,-inf
6.5,25,,0.016,-18.6,-9.6,0.0,12.0,0.032,-1.495
6.6,16,,0.0,-12.7,2.0,0.0,12.0,0.0,-inf
6.6,17,,0.07,3.0,9.0,0.0,12.0,0.14,-0.854
6.6,18,,0.0,6.8,-15.3,1.0,6.0,0.0,-inf
6.6,19,,0.0,3.6,-14.7,1.0,6.0,0.0,-inf
6.6,20,,0.978,-10.6,-9.9,2.0,4.0,1.956,0.291
6.6,21,,0.455,-11.3,-6.5,1.0,6.0,0.91,-0.041
6.6,22,,0.0,17.9,-5.2,0.0,12.0,0.0,-inf
6.6,23,,0.441,-11.2,-13.7,1.0,6.0,0.882,-0.055
6.6,24,,0.0,19.2,18.4,0.0,12.0,0.0,-inf
6.6,25,,0.016,-18.6,-9.6,0.0,12.0,0.032,-1.495
6.7,16,,0.0,-12.7,2.0,0.0,12.0,0.0,-inf
6.7,17,,0.07,3.0,9.0,0.0,12.0,0.14,-0.854
6.7,18,,0.0,6.8,-15.3,1.0,6.0,0.0,-inf
6.7,19,,0.0,3.6,-14.7,1.0,6.0,0.0,-inf
6.7,20,,0.978,-10.6,-9.8,2.0,4.0,1.956,0.291
6.7,21,,0.443,-11.3,-6.4,1.0,6.0,0.886,-0.053
6.7,22,,0.0,17.9,-5.2,0.0,12.0,0.0,-inf
6.7,23,,0.445,-11.1,-13.6,1.0,6.0,0.89,-0.051
6.7,24,,0.0,19.2,18.4,0.0,12.0,0.0,-inf
6.7,25,,0.016,-18.6,-9.6,0.0,12.0,0.032,-1.495
6.8,16,,0.0,-12.6,2.0,0.0,12.0,0.0,-inf
6.8,17,,0.07,3.0,9.0,0.0,12.0,0.14,-0.854
6.8,18,,0.0,6.8,-15.3,1.0,6.0,0.0,-inf
6.8,19,,0.0,3.6,-14.7,1.0,6.0,0.0,-inf
6.8,20,,0.98,-10.6,-9.9,2.0,4.0,1.96,0.292
6.8,21,,0.441,-11.3,-6.4,1.0,6.0,0.882,-0.055
6.8,22,,0.0,17.9,-5.2,0.0,12.0,0.0,-inf
6.8,23,,0.452,-11.1,-13.6,1.0,6.0,0.904,-0.044
6.8,24,,0.0,19.2,18.5,0.0,12.0,0.0,-inf
6.8,25,,0.016,-18.6,-9.6,0.0,12.0,0.032,-1.495
6.9,16,,0.0,-12.5,1.9,0.0,12.0,0.0,-inf
6.9,17,,0.071,3.0,9.0,0.0,12.0,0.142,-0.848
6.9,18,,0.0,6.8,-15.3,1.0,6.0,0.0,-inf
6.9,19,,0.0,3.6,-14.7,1.0,6.0,0.0,-inf
6.9,20,,0.981,-10.6,-10.0,2.0,4.0,1.962,0.293
6.9,21,,0.454,-11.2,-6.4,1.0,6.0,0.908,-0.042
6.9,22,,0.0,17.9,-5.2,0.0,12.0,0.0,-inf
6.9,23,,0.456,-11.1,-13.6,1.0,6.0,0.912,-0.04
6.9,24,,0.0,19.2,18.5,0.0,12.0,0.0,-inf
6.9,25,,0.017,-18.6,-9.6,0.0,12.0,0.034,-1.469
7.0,16,,0.0,-12.5,1.9,0.0,12.0,0.0,-inf
7.0,17,,0.072,3.1,9.0,0.0,12.0,0.144,-0.842
7.0,18,,0.0,6.8,-15.3,1.0,6.0,0.0,-inf
7.0,19,,0.0,3.6,-14.7,1.0,6.0,0.0,-inf
7.0,20,,0.978,-10.6,-10.1,2.0,4.0,1.956,0.291
7.0,21,,0.453,-11.2,-6.4,1.0,6.0,0.906,-0.043
7.0,22,,0.0,17.9,-5.2,0.0,12.0,0.0,-inf
7.0,23,,0.446,-11.1,-13.6,1.0,6.0,0.892,-0.05
7.0,24,,0.0,19.2,18.5,0.0,12.0,0.0,-inf
7.0,25,,0.017,-18.6,-9.6,0.0,12.0,0.034,-1.469
7.1,16,,0.0,-12.4,1.9,0.0,12.0,0.0,-inf
7.1,17,,0.071,3.1,9.0,0.0,12.0,0.142,-0.848
7.1,18,,0.0,6.8,-15.3,1.0,6.0,0.0,-inf
7.1,19,,0.0,3.6,-14.7,1.0,6.0,0.0,-inf
7.1,20,,0.978,-10.6,-10.0,2.0,4.0,1.956,0.291
7.1,21,,0.441,-11.2,-6.4,1.0,6.0,0.882,-0.055
7.1,22,,0.0,17.9,-5.2,0.0,12.0,0.0,-inf
7.1,23,,0.445,-11.2,-13.6,1.0,6.0,0.89,-0.051
7.1,24,,0.0,19.2,18.5,0.0,12.0,0.0,-inf
7.1,25,,0.017,-18.5,-9.6,0.0,12.0,0.034,-1.469
7.2,16,,0.0,-12.4,1.9,0.0,12.0,0.0,-inf
7.2,17,,0.072,3.1,9.0,0.0,12.0,0.144,-0.842
7.2,18,,0.0,6.8,-15.3,1.0,6.0,0.0,-inf
7.2,19,,0.0,3.6,-14.7,1.0,6.0,0.0,-inf
7.2,20,,0.981,-10.6,-10.1,2.0,4.0,1.962,0.293
7.2,21,,0.444,-11.2,-6.4,1.0,6.0,0.888,-0.052
7.2,22,,0.0,17.9,-5.1,0.0,12.0,0.0,-inf
7.2,23,,0.461,-11.1,-13.6,1.0,6.0,0.922,-0.035
7.2,24,,0.0,19.2,18.5,0.0,12.0,0.0,-inf
7.2,25,,0.017,-18.5,-9.6,0.0,12.0,0.034,-1.469
7.3,16,,0.0,-12.3,1.8,0.0,12.0,0.0,-inf
7.3,17,,0.073,3.1,9.0,0.0,12.0,0.146,-0.836
7.3,18,,0.0,6.8,-15.3,1.0,6.0,0.0,-inf
7.3,19,,0.0,3.6,-14.7,1.0,6.0,0.0,-inf
7.3,20,,0.981,-10.6,-10.2,2.0,4.0,1.962,0.293
7.3,21,,0.455,-11.2,-6.4,1.0,6.0,0.91,-0.041
7.3,22,,0.0,17.9,-5.2,0.0,12.0,0.0,-inf
7.3,23,,0.461,-11.1,-13.6,1.0,6.0,0.922,-0.035
7.3,24,,0.0,19.2,18.5,0.0,12.0,0.0,-inf
7.3,25,,0.017,-18.6,-9.6,0.0,12.0,0.034,-1.469
7.4,16,,0.001,-12.3,1.8,0.0,12.0,0.002,-2.699
7.4,17,,0.072,3.1,9.0,0.0,12.0,0.144,-0.842
7.4,18,,0.0,6.8,-15.3,1.0,6.0,0.0,-inf
7.4,19,,0.0,3.6,-14.7,1.0,6.0,0.0,-inf
7.4,20,,0.975,-10.6,-10.2,2.0,4.0,1.95,0.29
7.4,21,,0.45,-11.2,-6.4,1.0,6.0,0.9,-0.046
7.4,22,,0.0,17.9,-5.1,0.0,12.0,0.0,-inf
7.4,23,,0.446,-11.1,-13.6,1.0,6.0,0.892,-0.05
7.4,24,,0.0,19.2,18.5,0.0,12.0,0.0,-inf
7.4,25,,0.017,-18.6,-9.6,0.0,12.0,0.034,-1.469
7.5,16,,0.001,-12.2,1.8,0.0,12.0,0.002,-2.699
7.5,17,,0.073,3.1,9.0,0.0,12.0,0.146,-0.836
7.5,18,,0.0,6.8,-15.3,1.0,6.0,0.0,-inf
7.5,19,,0.0,3.6,-14.7,1.0,6.0,0.0,-inf
7.5,20,,0.975,-10.7,-10.1,2.0,4.0,1.95,0.29
7.5,21,,0.436,-11.2,-6.3,1.0,6.0,0.872,-0.059
7.5,22,,0.0,17.9,-5.2,0.0,12.0,0.0,-inf
7.5,23,,0.449,-11.1,-13.6,1.0,6.0,0.898,-0.047
7.5,24,,0.0,19.3,18.5,0.0,12.0,0.0,-inf
7.5,25,,0.017,-18.6,-9.6,0.0,12.0,0.034,-1.469
7.6,16,,0.001,-12.1,1.8,0.0,12.0,0.002,-2.699
7.6,17,,0.073,3.1,9.0,0.0,12.0,0.146,-0.836
7.6,18,,0.0,6.8,-15.3,1.0,6.0,0.0,-inf
7.6,19,,0.0,3.6,-14.7,1.0,6.0,0.0,-inf
7.6,20,,0.974,-10.7,-10.2,2.0,4.0,1.948,0.29
7.6,21,,0.433,-11.2,-6.3,1.0,6.0,0.866,-0.062
7.6,22,,0.0,17.9,-5.2,0.0,12.0,0.0,-inf
7.6,23,,0.458,-11.1,-13.6,1.0,6.0,0.916,-0.038
7.6,24,,0.0,19.3,18.5,0.0,12.0,0.0,-inf
7.6,25,,0.017,-18.6,-9.6,0.0,12.0,0.034,-1.469
7.7,16,,0.001,-12.1,1.8,0.0,12.0,0.002,-2.699
7.7,17,,0.072,3.1,9.0,0.0,12.0,0.144,-0.842
7.7,18,,0.0,6.8,-15.3,1.0,6.0,0.0,-inf
7.7,19,,0.0,3.6,-14.7,1.0,6.0,0.0,-inf
7.7,20,,0.973,-10.7,-10.2,2.0,4.0,1.946,0.289
7.7,21,,0.447,-11.2,-6.4,1.0,6.0,0.894,-0.049
7.7,22,,0.0,17.9,-5.2,0.0,12.0,0.0,-inf
7.7,23,,0.457,-11.1,-13.6,1.0,6.0,0.914,-0.039
7.7,24,,0.0,19.3,18.6,0.0,12.0,0.0,-inf
7.7,25,,0.017,-18.6,-9.6,0.0,12.0,0.034,-1.469
7.8,16,,0.001,-12.0,1.7,0.0,12.0,0.002,-2.699
7.8,17,,0.071,3.0,9.0,0.0,12.0,0.142,-0.848
7.8,18,,0.0,6.9,-15.4,1.0,6.0,0.0,-inf
7.8,19,,0.0,3.5,-14.7,1.0,6.0,0.0,-inf
7.8,20,,0.97,-10.7,-10.3,2.0,4.0,1.94,0.288
7.8,21,,0.455,-11.2,-6.4,1.0,6.0,0.91,-0.041
7.8,22,,0.0,17.9,-5.2,0.0,12.0,0.0,-inf
7.8,23,,0.449,-11.1,-13.6,1.0,6.0,0.898,-0.047
7.8,24,,0.0,19.3,18.6,0.0,12.0,0.0,-inf
7.8,25,,0.017,-18.6,-9.6,0.0,12.0,0.034,-1.469
7.9,16,,0.001,-12.0,1.7,0.0,12.0,0.002,-2.699
7.9,17,,0.07,3.0,9.0,0.0,12.0,0.14,-0.854
7.9,18,,0.0,6.8,-15.4,1.0,6.0,0.0,-inf
7.9,19,,0.0,3.6,-14.7,1.0,6.0,0.0,-inf
7.9,20,,0.97,-10.7,-10.2,2.0,4.0,1.94,0.288
7.9,21,,0.457,-11.2,-6.4,1.0,6.0,0.914,-0.039
7.9,22,,0.0,17.9,-5.2,0.0,12.0,0.0,-inf
7.9,23,,0.445,-11.1,-13.6,1.0,6.0,0.89,-0.051
7.9,24,,0.0,19.3,18.5,0.0,12.0,0.0,-inf
7.9,25,,0.017,-18.5,-9.6,0.0,12.0,0.034,-1.469
8.0,16,,0.001,-11.9,1.7,0.0,12.0,0.002,-2.699
8.0,17,,0.071,3.0,9.0,0.0,12.0,0.142,-0.848
8.0,18,,0.0,6.8,-15.4,1.0,6.0,0.0,-inf
8.0,19,,0.0,3.6,-14.7,1.0,6.0,0.0,-inf
8.0,20,,0.97,-10.7,-10.1,2.0,4.0,1.94,0.288
8.0,21,,0.441,-11.2,-6.4,1.0,6.0,0.882,-0.055
8.0,22,,0.0,17.9,-5.2,0.0,12.0,0.0,-inf
8.0,23,,0.458,-11.1,-13.6,1.0,6.0,0.916,-0.038
8.0,24,,0.0,19.3,18.5,0.0,12.0,0.0,-inf
8.0,25,,0.017,-18.6,-9.6,0.0,12.0,0.034,-1.469
8.1,16,,0.001,-11.9,1.7,0.0,12.0,0.002,-2.699
8.1,17,,0.07,3.0,9.0,0.0,12.0,0.14,-0.854
8.1,18,,0.0,6.8,-15.3,1.0,6.0,0.0,-inf
8.1,19,,0.0,3.5,-14.7,1.0,6.0,0.0,-inf
8.1,20,,0.97,-10.7,-10.2,2.0,4.0,1.94,0.288
8.1,21,,0.436,-11.3,-6.3,1.0,6.0,0.872,-0.059
8.1,22,,0.0,17.9,-5.2,0.0,12.0,0.0,-inf
8.1,23,,0.453,-11.1,-13.6,1.0,6.0,0.906,-0.043
8.1,24,,0.0,19.3,18.5,0.0,12.0,0.0,-inf
8.1,25,,0.017,-18.5,-9.6,0.0,12.0,0.034,-1.469
8.2,16,,0.001,-11.8,1.7,0.0,12.0,0.002,-2.699
8.2,17,,0.069,3.0,9.0,0.0,12.0,0.138,-0.86
8.2,18,,0.0,6.8,-15.3,1.0,6.0,0.0,-inf
8.2,19,,0.0,3.5,-14.7,1.0,6.0,0.0,-inf
8.2,20,,0.971,-10.7,-10.3,2.0,4.0,1.942,0.288
8.2,21,,0.448,-11.3,-6.4,1.0,6.0,0.896,-0.048
8.2,22,,0.0,17.9,-5.2,0.0,12.0,0.0,-inf
8.2,23,,0.442,-11.1,-13.7,1.0,6.0,0.884,-0.054
8.2,24,,0.0,19.3,18.5,0.0,12.0,0.0,-inf
8.2,25,,0.017,-18.6,-9.6,0.0,12.0,0.034,-1.469
8.3,16,,0.001,-11.8,1.7,0.0,12.0,0.002,-2.699
8.3,17,,0.068,3.0,9.0,0.0,12.0,0.136,-0.866
8.3,18,,0.0,6.8,-15.3,1.0,6.0,0.0,-inf
8.3,19,,0.0,3.5,-14.7,1.0,6.0,0.0,-inf
8.3,20,,0.974,-10.7,-10.2,2.0,4.0,1.948,0.29
8.3,21,,0.457,-11.2,-6.5,1.0,6.0,0.914,-0.039
8.3,22,,0.0,17.9,-5.2,0.0,12.0,0.0,-inf
8.3,23,,0.445,-11.1,-13.7,1.0,6.0,0.89,-0.051
8.3,24,,0.0,19.3,18.5,0.0,12.0,0.0,-inf
8.3,25,,0.017,-18.5,-9.6,0.0,12.0,0.034,-1.469
8.4,16,,0.001,-11.7,1.7,0.0,12.0,0.002,-2.699
8.4,17,,0.067,3.0,9.0,0.0,12.0,0.134,-0.873
8.4,18,,0.0,6.8,-15.4,1.0,6.0,0.0,-inf
8.4,19,,0.0,3.5,-14.7,1.0,6.0,0.0,-inf
8.4,20,,0.975,-10.7,-10.1,2.0,4.0,1.95,0.29
8.4,21,,0.455,-11.2,-6.4,1.0,6.0,0.91,-0.041
8.4,22,,0.0,17.9,-5.2,0.0,12.0,0.0,-inf
8.4,23,,0.455,-11.1,-13.6,1.0,6.0,0.91,-0.041
8.4,24,,0.0,19.3,18.5,0.0,12.0,0.0,-inf
8.4,25,,0.017,-18.6,-9.6,0.0,12.0,0.034,-1.469
8.5,16,,0.001,-11.7,1.7,0.0,12.0,0.002,-2.699
8.5,17,,0.067,3.0,9.0,0.0,12.0,0.134,-0.873
8.5,18,,0.0,6.8,-15.4,1.0,6.0,0.0,-inf
8.5,19,,0.0,3.5,-14.7,1.0,6.0,0.0,-inf
8.5,20,,0.972,-10.7,-10.1,2.0,4.0,1.944,0.289
8.5,21,,0.442,-11.2,-6.4,1.0,6.0,0.884,-0.054
8.5,22,,0.0,17.9,-5.2,0.0,12.0,0.0,-inf
8.5,23,,0.454,-11.1,-13.6,1.0,6.0,0.908,-0.042
8.5,24,,0.0,19.3,18.5,0.0,12.0,0.0,-inf
8.5,25,,0.017,-18.6,-9.6,0.0,12.0,0.034,-1.469
8.6,16,,0.001,-11.6,1.7,0.0,12.0,0.002,-2.699
8.6,17,,0.068,3.0,9.0,0.0,12.0,0.136,-0.866
8.6,18,,0.0,6.8,-15.4,1.0,6.0,0.0,-inf
8.6,19,,0.0,3.5,-14.7,1.0,6.0,0.0,-inf
8.6,20,,0.973,-10.7,-10.1,2.0,4.0,1.946,0.289
8.6,21,,0.441,-11.2,-6.4,1.0,6.0,0.882,-0.055
8.6,22,,0.0,17.8,-5.2,0.0,12.0,0.0,-inf
8.6,23,,0.445,-11.1,-13.7,1.0,6.0,0.89,-0.051
8.6,24,,0.0,19.3,18.5,0.0,12.0,0.0,-inf
8.6,25,,0.017,-18.6,-9.6,0.0,12.0,0.034,-1.469
8.7,16,,0.001,-11.5,1.6,0.0,12.0,0.002,-2.699
8.7,17,,0.069,3.0,9.0,0.0,12.0,0.138,-0.86
8.7,18,,0.0,6.8,-15.4,1.0,6.0,0.0,-inf
8.7,19,,0.0,3.5,-14.7,1.0,6.0,0.0,-inf
8.7,20,,0.978,-10.6,-10.1,2.0,4.0,1.956,0.291
8.7,21,,0.448,-11.2,-6.4,1.0,6.0,0.896,-0.048
8.7,22,,0.0,17.8,-5.2,0.0,12.0,0.0,-inf
8.7,23,,0.449,-11.1,-13.6,1.0,6.0,0.898,-0.047
8.7,24,,0.0,19.3,18.5,0.0,12.0,0.0,-inf
8.7,25,,0.016,-18.6,-9.6,0.0,12.0,0.032,-1.495
8.8,16,,0.001,-11.5,1.6,0.0,12.0,0.002,-2.699
8.8,17,,0.069,3.0,9.0,0.0,12.0,0.138,-0.86
8.8,18,,0.0,6.8,-15.4,1.0,6.0,0.0,-inf
8.8,19,,0.0,3.5,-14.7,1.0,6.0,0.0,-inf
8.8,20,,0.978,-10.6,-10.1,2.0,4.0,1.956,0.291
8.8,21,,0.462,-11.2,-6.5,1.0,6.0,0.924,-0.034
8.8,22,,0.0,17.8,-5.2,0.0,12.0,0.0,-inf
8.8,23,,0.456,-11.1,-13.6,1.0,6.0,0.912,-0.04
8.8,24,,0.0,19.3,18.5,0.0,12.0,0.0,-inf
8.8,25,,0.016,-18.6,-9.6,0.0,12.0,0.032,-1.495
8.9,16,,0.001,-11.4,1.6,0.0,12.0,0.002,-2.699
8.9,17,,0.069,3.0,9.0,0.0,12.0,0.138,-0.86
8.9,18,,0.0,6.8,-15.4,1.0,6.0,0.0,-inf
8.9,19,,0.0,3.5,-14.7,1.0,6.0,0.0,-inf
8.9,20,,0.976,-10.7,-10.0,2.0,4.0,1.952,0.29
8.9,21,,0.459,-11.2,-6.5,1.0,6.0,0.918,-0.037
8.9,22,,0.0,17.8,-5.2,0.0,12.0,0.0,-inf
8.9,23,,0.458,-11.1,-13.6,1.0,6.0,0.916,-0.038
8.9,24,,0.0,19.3,18.4,0.0,12.0,0.0,-inf
8.9,25,,0.016,-18.6,-9.6,0.0,12.0,0.032,-1.495
9.0,16,,0.001,-11.3,1.6,0.0,12.0,0.002,-2.699
9.0,17,,0.069,3.0,9.0,0.0,12.0,0.138,-0.86
9.0,18,,0.0,6.8,-15.4,1.0,6.0,0.0,-inf
9.0,19,,0.0,3.5,-14.7,1.0,6.0,0.0,-inf
9.0,20,,0.97,-10.7,-10.0,2.0,4.0,1.94,0.288
9.0,21,,0.444,-11.2,-6.4,1.0,6.0,0.888,-0.052
9.0,22,,0.0,17.8,-5.2,0.0,12.0,0.0,-inf
9.0,23,,0.441,-11.1,-13.7,1.0,6.0,0.882,-0.055
9.0,24,,0.0,19.3,18.5,0.0,12.0,0.0,-inf
9.0,25,,0.016,-18.6,-9.6,0.0,12.0,0.032,-1.495
9.1,16,,0.001,-11.3,1.6,0.0,12.0,0.002,-2.699
9.1,17,,0.07,3.0,9.0,0.0,12.0,0.14,-0.854
9.1,18,,0.0,6.8,-15.4,1.0,6.0,0.0,-inf
9.1,19,,0.0,3.5,-14.7,1.0,6.0,0.0,-inf
9.1,20,,0.973,-10.7,-10.0,2.0,4.0,1.946,0.289
9.1,21,,0.432,-11.2,-6.3,1.0,6.0,0.864,-0.063
9.1,22,,0.0,17.8,-5.2,0.0,12.0,0.0,-inf
9.1,23,,0.436,-11.1,-13.7,1.0,6.0,0.872,-0.059
9.1,24,,0.0,19.3,18.4,0.0,12.0,0.0,-inf
9.1,25,,0.016,-18.6,-9.6,0.0,12.0,0.032,-1.495
9.2,16,,0.001,-11.3,1.5,0.0,12.0,0.002,-2.699
9.2,17,,0.071,3.0,9.0,0.0,12.0,0.142,-0.848
9.2,18,,0.0,6.8,-15.4,1.0,6.0,0.0,-inf
9.2,19,,0.0,3.5,-14.7,1.0,6.0,0.0,-inf
9.2,20,,0.976,-10.7,-10.1,2.0,4.0,1.952,0.29
9.2,21,,0.431,-11.2,-6.3,1.0,6.0,0.862,-0.064
9.2,22,,0.0,17.8,-5.2,0.0,12.0,0.0,-inf
9.2,23,,0.443,-11.1,-13.7,1.0,6.0,0.886,-0.053
9.2,24,,0.0,19.3,18.4,0.0,12.0,0.0,-inf
9.2,25,,0.015,-18.7,-9.5,0.0,12.0,0.03,-1.523
9.3,16,,0.001,-11.2,1.5,0.0,12.0,0.002,-2.699
9.3,17,,0.07,3.0,8.9,0.0,12.0,0.14,-0.854
9.3,18,,0.0,6.8,-15.4,1.0,6.0,0.0,-inf
9.3,19,,0.0,3.5,-14.7,1.0,6.0,0.0,-inf
9.3,20,,0.976,-10.6,-10.1,2.0,4.0,1.952,0.29
9.3,21,,0.423,-11.1,-6.2,1.0,6.0,0.846,-0.073
9.3,22,,0.0,17.8,-5.2,0.0,12.0,0.0,-inf
9.3,23,,0.458,-11.1,-13.6,1.0,6.0,0.916,-0.038
9.3,24,,0.0,19.3,18.4,0.0,12.0,0.0,-inf
9.3,25,,0.016,-18.6,-9.5,0.0,12.0,0.032,-1.495
9.4,16,,0.002,-11.1,1.5,0.0,12.0,0.004,-2.398
9.4,17,,0.069,3.0,8.9,0.0,12.0,0.138,-0.86
9.4,18,,0.0,6.8,-15.4,1.0,6.0,0.0,-inf
9.4,19,,0.0,3.5,-14.7,1.0,6.0,0.0,-inf
9.4,20,,0.974,-10.7,-10.2,2.0,4.0,1.948,0.29
9.4,21,,0.416,-11.1,-6.2,1.0,6.0,0.832,-0.08
9.4,22,,0.0,17.8,-5.2,0.0,12.0,0.0,-inf
9.4,23,,0.458,-11.1,-13.6,1.0,6.0,0.916,-0.038
9.4,24,,0.0,19.3,18.4,0.0,12.0,0.0,-inf
9.4,25,,0.016,-18.6,-9.5,0.0,12.0,0.032,-1.495
9.5,16,,0.002,-11.1,1.5,0.0,12.0,0.004,-2.398
9.5,17,,0.068,3.0,8.9,0.0,12.0,0.136,-0.866
9.5,18,,0.0,6.8,-15.4,1.0,6.0,0.0,-inf
9.5,19,,0.0,3.5,-14.7,1.0,6.0,0.0,-inf
9.5,20,,0.973,-10.6,-10.3,2.0,4.0,1.946,0.289
9.5,21,,0.408,-11.1,-6.1,1.0,6.0,0.816,-0.088
9.5,22,,0.0,17.8,-5.2,0.0,12.0,0.0,-inf
9.5,23,,0.445,-11.2,-13.6,1.0,6.0,0.89,-0.051
9.5,24,,0.0,19.3,18.4,0.0,12.0,0.0,-inf
9.5,25,,0.016,-18.6,-9.5,0.0,12.0,0.032,-1.495
9.6,16,,0.002,-11.0,1.5,0.0,12.0,0.004,-2.398
9.6,17,,0.068,3.0,8.9,0.0,12.0,0.136,-0.866
9.6,18,,0.0,6.8,-15.4,1.0,6.0,0.0,-inf
9.6,19,,0.0,3.5,-14.8,1.0,6.0,0.0,-inf
9.6,20,,0.971,-10.7,-10.3,2.0,4.0,1.942,0.288
9.6,21,,0.401,-11.0,-6.1,1.0,6.0,0.802,-0.096
9.6,22,,0.0,17.8,-5.1,0.0,12.0,0.0,-inf
9.6,23,,0.44,-11.2,-13.7,1.0,6.0,0.88,-0.056
9.6,24,,0.0,19.3,18.4,0.0,12.0,0.0,-inf
9.6,25,,0.016,-18.6,-9.5,0.0,12.0,0.032,-1.495
9.7,16,,0.002,-11.0,1.5,0.0,12.0,0.004,-2.398
9.7,17,,0.067,3.0,9.0,0.0,12.0,0.134,-0.873
9.7,18,,0.0,6.8,-15.4,1.0,6.0,0.0,-inf
9.7,19,,0.0,3.5,-14.8,1.0,6.0,0.0,-inf
9.7,20,,0.971,-10.6,-10.4,2.0,4.0,1.942,0.288
9.7,21,,0.4,-11.0,-6.1,1.0,6.0,0.8,-0.097
9.7,22,,0.0,17.8,-5.2,0.0,12.0,0.0,-inf
9.7,23,,0.447,-11.1,-13.6,1.0,6.0,0.894,-0.049
9.7,24,,0.0,19.3,18.4,0.0,12.0,0.0,-inf
9.7,25,,0.016,-18.6,-9.5,0.0,12.0,0.032,-1.495
9.8,16,,0.002,-10.9,1.5,0.0,12.0,0.004,-2.398
9.8,17,,0.067,2.9,8.9,0.0,12.0,0.134,-0.873
9.8,18,,0.0,6.8,-15.4,1.0,6.0,0.0,-inf
9.8,19,,0.0,3.5,-14.8,1.0,6.0,0.0,-inf
9.8,20,,0.969,-10.6,-10.5,2.0,4.0,1.938,0.287
9.8,21,,0.393,-11.0,-6.0,1.0,6.0,0.786,-0.105
9.8,22,,0.0,17.8,-5.2,0.0,12.0,0.0,-inf
9.8,23,,0.455,-11.1,-13.6,1.0,6.0,0.91,-0.041
9.8,24,,0.0,19.3,18.4,0.0,12.0,0.0,-inf
9.8,25,,0.016,-18.6,-9.5,0.0,12.0,0.032,-1.495
9.9,16,,0.002,-10.9,1.5,0.0,12.0,0.004,-2.398
9.9,17,,0.065,2.9,8.9,0.0,12.0,0.13,-0.886
9.9,18,,0.0,6.8,-15.4,1.0,6.0,0.0,-inf
9.9,19,,0.0,3.5,-14.8,1.0,6.0,0.0,-inf
9.9,20,,0.968,-10.6,-10.5,2.0,4.0,1.936,0.287
9.9,21,,0.397,-10.9,-6.0,1.0,6.0,0.794,-0.1
9.9,22,,0.0,17.8,-5.1,0.0,12.0,0.0,-inf
9.9,23,,0.457,-11.1,-13.6,1.0,6.0,0.914,-0.039
9.9,24,,0.0,19.3,18.4,0.0,12.0,0.0,-inf
9.9,25,,0.016,-18.6,-9.5,0.0,12.0,0.032,-1.495
10.0,16,,0.002,-10.8,1.4,0.0,12.0,0.004,-2.398
10.0,17,,0.065,2.9,8.9,0.0,12.0,0.13,-0.886
10.0,18,,0.0,6.8,-15.4,1.0,6.0,0.0,-inf
10.0,19,,0.0,3.5,-14.8,1.0,6.0,0.0,-inf
10.0,20,,0.963,-10.6,-10.6,2.0,4.0,1.926,0.285
10.0,21,,0.4,-10.8,-6.0,1.0,6.0,0.8,-0.097
10.0,22,,0.0,17.8,-5.2,0.0,12.0,0.0,-inf
10.0,23,,0.448,-11.1,-13.6,1.0,6.0,0.896,-0.048
10.0,24,,0.0,19.3,18.3,0.0,12.0,0.0,-inf
10.0,25,,0.016,-18.6,-9.5,0.0,12.0,0.032,-1.495
10.1,16,,0.002,-10.7,1.4,0.0,12.0,0.004,-2.398
10.1,17,,0.065,2.9,9.0,0.0,12.0,0.13,-0.886
10.1,18,,0.0,6.8,-15.4,1.0,6.0,0.0,-inf
10.1,19,,0.0,3.5,-14.8,1.0,6.0,0.0,-inf
10.1,20,,0.962,-10.6,-10.6,2.0,4.0,1.924,0.284
10.1,21,,0.395,-10.8,-6.0,1.0,6.0,0.79,-0.102
10.1,22,,0.0,17.9,-5.1,0.0,12.0,0.0,-inf
10.1,23,,0.451,-11.1,-13.6,1.0,6.0,0.902,-0.045
10.1,24,,0.0,19.3,18.3,0.0,12.0,0.0,-inf
10.1,25,,0.016,-18.6,-9.5,0.0,12.0,0.032,-1.495
