,Time,best_x_avg,best_y_avg,target_x,target_y,error_x,error_y,error
0,0.0,1.42,-1.7600000000000002,4.19,-5.52,-2.7700000000000005,3.7599999999999993,4.670171303068015
1,0.1,3.54,-2.22,4.21,-5.18,-0.6699999999999999,2.9599999999999995,3.034880557781475
2,0.2,3.54,-2.22,4.23,-4.85,-0.6900000000000004,2.6299999999999994,2.7190071717448627
3,0.3,3.54,-2.3,4.45,-4.6,-0.9100000000000001,2.3,2.473479330821262
4,0.4,3.46,-2.46,4.68,-4.84,-1.2199999999999998,2.38,2.674471910489994
5,0.5,3.46,-2.46,4.7,-4.51,-1.2400000000000002,2.05,2.3958505796480716
6,0.6,3.46,-2.46,4.94,-4.74,-1.4800000000000004,2.2800000000000002,2.7182347212851217
7,0.7,3.46,-2.46,5.26,-4.63,-1.7999999999999998,2.17,2.8193793643282556
8,0.8,3.46,-2.46,5.02,-4.41,-1.5599999999999996,1.9500000000000002,2.497218452598811
9,0.9,3.46,-2.46,4.87,-4.11,-1.4100000000000001,1.6500000000000004,2.170391669722311
10,1.0,2.2399999999999998,-2.18,4.56,-3.99,-2.32,1.81,2.942532922500613
11,1.1,3.46,-2.46,4.41,-3.69,-0.9500000000000002,1.23,1.554155719353759
12,1.2,3.46,-2.46,4.43,-4.02,-0.9699999999999998,1.5599999999999996,1.8369812192834194
13,1.3,3.46,-2.46,4.18,-3.81,-0.7199999999999998,1.35,1.53
14,1.4,3.46,-2.46,4.32,-3.51,-0.8600000000000003,1.0499999999999998,1.3572398461583717
15,1.5,3.46,-2.46,4.26,-3.18,-0.7999999999999998,0.7200000000000002,1.0762899237658967
16,1.6,3.46,-2.46,4.19,-3.51,-0.7300000000000004,1.0499999999999998,1.2788275880665072
17,1.7,3.46,-2.46,4.24,-3.18,-0.7800000000000002,0.7200000000000002,1.0615083607772482
18,1.8,3.46,-2.46,4.48,-2.95,-1.0200000000000005,0.4900000000000002,1.1315917991926245
19,1.9,3.46,-2.46,4.81,-2.94,-1.3499999999999996,0.48,1.432794472351146
20,2.0,2.8,-2.46,5.15,-2.96,-2.3500000000000005,0.5,2.402602755346793
21,2.1,3.46,-2.46,5.4,-2.74,-1.9400000000000004,0.28000000000000025,1.9601020381602592
22,2.2,3.46,-2.46,5.39,-2.41,-1.9299999999999997,-0.04999999999999982,1.930647559758124
23,2.3,3.46,-2.46,5.54,-2.71,-2.08,0.25,2.0949701668520246
24,2.4,3.46,-2.46,5.64,-2.39,-2.1799999999999997,-0.06999999999999984,2.1811235636707975
25,2.5,3.46,-2.46,5.53,-2.07,-2.0700000000000003,-0.3900000000000001,2.106418761785035
26,2.6,3.46,-2.46,5.24,-2.23,-1.7800000000000002,-0.22999999999999998,1.7947980387776228
27,2.7,3.46,-2.46,5.45,-1.97,-1.9900000000000002,-0.49,2.0494389476146884
28,2.8,3.46,-2.46,5.25,-1.7,-1.79,-0.76,1.944659353203023
29,2.9,3.46,-2.46,5.37,-1.39,-1.9100000000000001,-1.07,2.1892921230388604
30,3.0,3.3,-2.26,5.6,-1.63,-2.3,-0.6299999999999999,2.3847222060441333
31,3.1,4.08,-2.88,5.28,-1.52,-1.2000000000000002,-1.3599999999999999,1.8137254478007414
32,3.2,4.140000000000001,-2.9200000000000004,5.27,-1.19,-1.129999999999999,-1.7300000000000004,2.0663494380186522
33,3.3,4.16,-2.9200000000000004,5.46,-0.92,-1.2999999999999998,-2.0000000000000004,2.3853720883753127
34,3.4,4.16,-2.9200000000000004,5.53,-1.24,-1.37,-1.6800000000000004,2.1677868898948534
35,3.5,4.16,-2.9200000000000004,5.83,-1.09,-1.67,-1.8300000000000003,2.477458375028731
36,3.6,4.16,-2.9200000000000004,5.54,-1.26,-1.38,-1.6600000000000004,2.1587033144922905
37,3.7,4.16,-2.9200000000000004,5.86,-1.15,-1.7000000000000002,-1.7700000000000005,2.454159734002659
38,3.8,4.16,-2.9200000000000004,5.63,-1.39,-1.4699999999999998,-1.5300000000000005,2.121744565210431
39,3.9,4.16,-2.9200000000000004,5.79,-1.68,-1.63,-1.2400000000000004,2.048047851003487
40,4.0,3.84,-2.3,5.61,-1.96,-1.7700000000000005,-0.33999999999999986,1.8023595645708437
41,4.1,4.16,-2.9200000000000004,5.94,-2.01,-1.7800000000000002,-0.9100000000000006,1.9991248085099644
42,4.2,4.16,-2.9200000000000004,6.24,-1.87,-2.08,-1.0500000000000003,2.33
43,4.3,4.16,-2.9200000000000004,6.15,-2.19,-1.9900000000000002,-0.7300000000000004,2.119669785603409
44,4.4,4.16,-2.9200000000000004,5.83,-2.08,-1.67,-0.8400000000000003,1.8693581786270925
45,4.5,4.16,-2.9200000000000004,6.15,-1.98,-1.9900000000000002,-0.9400000000000004,2.2008407484413772
46,4.6,4.16,-2.9200000000000004,6.42,-2.18,-2.26,-0.7400000000000002,2.3780664414603723
47,4.7,4.16,-2.9200000000000004,6.68,-1.98,-2.5199999999999996,-0.9400000000000004,2.6896096371034957
48,4.8,4.16,-2.9200000000000004,6.4,-1.8,-2.24,-1.1200000000000003,2.5043961347997645
49,4.9,4.16,-2.9200000000000004,6.17,-2.04,-2.01,-0.8800000000000003,2.1941968918034678
50,5.0,4.16,-2.6399999999999997,6.31,-2.34,-2.1499999999999995,-0.2999999999999998,2.1708293346092407
51,5.1,4.92,-2.5599999999999996,5.98,-2.3,-1.0600000000000005,-0.2599999999999998,1.0914210919713807
52,5.2,4.92,-2.62,6.03,-2.63,-1.1100000000000003,0.009999999999999787,1.1100450441310932
53,5.3,4.9399999999999995,-2.58,6.12,-2.31,-1.1800000000000006,-0.27,1.2104957662049056
54,5.4,4.96,-2.58,5.89,-2.55,-0.9299999999999997,-0.03000000000000025,0.9304837451562491
55,5.5,5.08,-2.46,6.11,-2.8,-1.0300000000000002,0.33999999999999986,1.0846658471621573
56,5.6,5.1,-2.44,6.34,-3.05,-1.2400000000000002,0.6099999999999999,1.3819189556555045
57,5.7,5.159999999999999,-2.38,6.63,-2.89,-1.4700000000000006,0.5100000000000002,1.5559562975867933
58,5.8,5.159999999999999,-2.38,6.89,-2.68,-1.7300000000000004,0.30000000000000027,1.755818897267028
59,5.9,5.159999999999999,-2.38,6.69,-2.95,-1.5300000000000011,0.5700000000000003,1.6327277789025345
60,6.0,4.9799999999999995,-2.3600000000000003,6.47,-2.7,-1.4900000000000002,0.33999999999999986,1.5282997088267736
61,6.1,5.42,-2.5,6.25,-2.45,-0.8300000000000001,-0.04999999999999982,0.8315046602394962
62,6.2,5.4399999999999995,-2.52,6.48,-2.21,-1.040000000000001,-0.31000000000000005,1.085218871933216
63,6.3,5.4799999999999995,-2.52,6.63,-1.91,-1.1500000000000004,-0.6100000000000001,1.3017680284904838
64,6.4,5.5200000000000005,-2.52,6.45,-1.63,-0.9299999999999997,-0.8900000000000001,1.2872451204024817
65,6.5,5.54,-2.52,6.5,-1.3,-0.96,-1.22,1.5524174696260025
66,6.6,5.56,-2.54,6.71,-1.04,-1.1500000000000004,-1.5,1.89010581714358
67,6.7,5.58,-2.54,6.81,-1.36,-1.2299999999999995,-1.18,1.7044940598312446
68,6.8,5.58,-2.54,7.14,-1.3,-1.5599999999999996,-1.24,1.9927869931329838
69,6.9,5.58,-2.54,7.2,-1.63,-1.62,-0.9100000000000001,1.8580904176062047
70,7.0,5.4,-2.4,7.48,-1.45,-2.08,-0.95,2.2866788143506294
71,7.1,5.58,-2.54,7.34,-1.75,-1.7599999999999998,-0.79,1.9291708063310515
72,7.2,5.58,-2.54,7.23,-1.44,-1.6500000000000004,-1.1,1.9830532015051943
73,7.3,5.58,-2.54,7.19,-1.11,-1.6100000000000003,-1.43,2.1533694527414475
74,7.4,5.58,-2.54,7.52,-1.05,-1.9399999999999995,-1.49,2.446160256401857
75,7.5,5.8,-2.56,7.32,-0.78,-1.5200000000000005,-1.78,2.3406836608136525
76,7.6,5.82,-2.5799999999999996,7.23,-1.1,-1.4100000000000001,-1.4799999999999995,2.04413796011913
77,7.7,5.82,-2.5799999999999996,7.02,-1.36,-1.1999999999999993,-1.2199999999999995,1.7112568480505774
78,7.8,5.82,-2.5799999999999996,6.73,-1.19,-0.9100000000000001,-1.3899999999999997,1.6613849644197456
79,7.9,5.82,-2.5799999999999996,6.42,-1.07,-0.5999999999999996,-1.5099999999999996,1.624838453508532
80,8.0,5.74,-2.54,6.34,-1.39,-0.5999999999999996,-1.1500000000000001,1.2971121771072847
81,8.1,5.9399999999999995,-2.5799999999999996,6.46,-1.71,-0.5200000000000005,-0.8699999999999997,1.0135580891098448
82,8.2,5.9399999999999995,-2.5799999999999996,6.36,-1.39,-0.4200000000000008,-1.1899999999999997,1.2619429464123963
83,8.3,5.9399999999999995,-2.5799999999999996,6.25,-1.7,-0.3100000000000005,-0.8799999999999997,0.9330058949438635
84,8.4,5.9399999999999995,-2.5799999999999996,5.96,-1.54,-0.020000000000000462,-1.0399999999999996,1.040192289915667
85,8.5,5.9399999999999995,-2.5799999999999996,6.05,-1.22,-0.11000000000000032,-1.3599999999999997,1.3644412775931396
86,8.6,5.9399999999999995,-2.5799999999999996,6.37,-1.33,-0.4300000000000006,-1.2499999999999996,1.321892582625381
87,8.7,5.9399999999999995,-2.5799999999999996,6.12,-1.56,-0.1800000000000006,-1.0199999999999996,1.0357605900979239
88,8.8,5.9399999999999995,-2.5799999999999996,6.33,-1.82,-0.39000000000000057,-0.7599999999999996,0.8542247947700885
89,8.9,5.9399999999999995,-2.5799999999999996,6.63,-1.96,-0.6900000000000004,-0.6199999999999997,0.9276313923105449
90,9.0,5.84,-2.46,6.96,-1.97,-1.12,-0.49,1.2224974437601086
91,9.1,6.2,-2.62,6.64,-1.88,-0.4399999999999995,-0.7400000000000002,0.8609297300012353
92,9.2,6.2,-2.62,6.7,-2.21,-0.5,-0.41000000000000014,0.6466065264130885
93,9.3,6.2,-2.62,6.51,-1.94,-0.3099999999999996,-0.6800000000000002,0.7473285756613351
94,9.4,6.2,-2.62,6.33,-2.22,-0.1299999999999999,-0.3999999999999999,0.42059481689626166
95,9.5,6.2,-2.62,6.04,-2.05,0.16000000000000014,-0.5700000000000003,0.5920304046246276
96,9.6,6.2,-2.62,6.25,-2.31,-0.04999999999999982,-0.31000000000000005,0.31400636936215165
97,9.7,6.2,-2.62,6.58,-2.24,-0.3799999999999999,-0.3799999999999999,0.537401153701776
98,9.8,6.2,-2.62,6.26,-2.12,-0.05999999999999961,-0.5,0.5035871324805667
99,9.9,6.2,-2.62,6.03,-2.36,0.16999999999999993,-0.26000000000000023,0.31064449134018146
100,10.0,6.14,-2.54,6.2,-2.07,-0.0600000000000005,-0.4700000000000002,0.4738143096192856
101,10.1,6.32,-2.4,5.87,-2.14,0.4500000000000002,-0.2599999999999998,0.5197114584074514
102,10.2,6.359999999999999,-2.34,5.68,-2.42,0.6799999999999997,0.08000000000000007,0.6846897107449473
103,10.3,6.32,-2.3,5.66,-2.08,0.6600000000000001,-0.21999999999999975,0.6957010852370435
104,10.4,6.3,-2.34,5.98,-1.99,0.3199999999999994,-0.34999999999999987,0.47423622805517457
105,10.5,6.279999999999999,-2.3600000000000003,5.93,-2.32,0.34999999999999964,-0.04000000000000048,0.3522782990761704
106,10.6,6.460000000000001,-2.2,5.74,-2.58,0.7200000000000006,0.3799999999999999,0.8141252974819054
107,10.7,6.540000000000001,-2.12,5.64,-2.26,0.9000000000000012,0.13999999999999968,0.9108238029388572
108,10.8,6.539999999999999,-2.14,5.87,-2.51,0.669999999999999,0.36999999999999966,0.7653757247260972
109,10.9,6.640000000000001,-1.98,5.87,-2.18,0.7700000000000005,0.20000000000000018,0.7955501241279526
110,11.0,6.5200000000000005,-2.08,5.75,-2.49,0.7700000000000005,0.41000000000000014,0.8723531395025761
111,11.1,6.4,-1.8199999999999998,5.97,-2.74,0.4300000000000006,0.9200000000000004,1.0155294185792951
112,11.2,6.62,-1.7799999999999998,5.74,-2.99,0.8799999999999999,1.2100000000000004,1.496161755960899
113,11.3,6.6,-1.8,5.93,-2.71,0.6699999999999999,0.9099999999999999,1.1300442469213317
114,11.4,6.6,-1.8,6.14,-2.96,0.45999999999999996,1.16,1.2478781991845198
115,11.5,6.6,-1.8,5.81,-2.98,0.79,1.18,1.4200352108310552
116,11.6,6.6,-1.8,5.87,-3.31,0.7299999999999995,1.51,1.6772000476985442
117,11.7,6.6,-1.8,5.98,-3.63,0.6199999999999992,1.8299999999999998,1.9321749403198456
118,11.8,6.6,-1.8,5.71,-3.81,0.8899999999999997,2.01,2.1982265579325526
119,11.9,6.6,-1.8,5.38,-3.75,1.2199999999999998,1.95,2.300195643852931
120,12.0,6.58,-1.8799999999999997,5.12,-3.55,1.46,1.6700000000000002,2.218220007122828
121,12.1,6.6,-1.8,5.37,-3.77,1.2299999999999995,1.97,2.3224555969921146
122,12.2,6.6,-1.8,5.66,-3.62,0.9399999999999995,1.82,2.048414020651099
123,12.3,6.6,-1.8,5.53,-3.31,1.0699999999999994,1.51,1.8506755523321745
124,12.4,6.6,-1.8,5.67,-3.61,0.9299999999999997,1.8099999999999998,2.0349447166937975
125,12.5,6.6,-1.8,5.48,-3.89,1.1199999999999992,2.09,2.3711811402758745
126,12.6,6.6,-1.8,5.8,-3.97,0.7999999999999998,2.17,2.3127689032845455
127,12.7,6.6,-1.8,5.73,-4.3,0.8699999999999992,2.5,2.6470549673174526
128,12.8,6.6,-1.8,5.96,-4.54,0.6399999999999997,2.74,2.81375194357996
129,12.9,6.6,-1.8,6.09,-4.24,0.5099999999999998,2.4400000000000004,2.4927294277558487
130,13.0,6.540000000000001,-1.9,6.36,-4.43,0.1800000000000006,2.53,2.5363950796356627
131,13.1,6.6,-1.8,6.21,-4.73,0.3899999999999997,2.9300000000000006,2.9558416737031097
132,13.2,6.6,-1.8,5.94,-4.53,0.6599999999999993,2.7300000000000004,2.8086473612755305
133,13.3,6.6,-1.8,6.15,-4.78,0.4499999999999993,2.9800000000000004,3.0137849956491594
134,13.4,6.6,-1.8,6.44,-4.6,0.15999999999999925,2.8,2.8045677028732965
135,13.5,6.6,-1.8,6.74,-4.46,-0.14000000000000057,2.66,2.663681662661663
136,13.6,6.6,-1.8,7.03,-4.62,-0.4300000000000006,2.8200000000000003,2.8525953095383163
137,13.7,6.6,-1.8,6.92,-4.3,-0.3200000000000003,2.5,2.520396794157618
138,13.8,6.6,-1.8,7.08,-4.01,-0.4800000000000004,2.21,2.2615260334561706
139,13.9,6.6,-1.8,7.38,-4.15,-0.7800000000000002,2.3500000000000005,2.4760654272454117
140,14.0,6.62,-1.86,7.13,-4.38,-0.5099999999999998,2.5199999999999996,2.5710892633278988
141,14.1,6.6,-1.8,7.44,-4.26,-0.8400000000000007,2.46,2.5994614826921367
142,14.2,6.6,-1.8,7.45,-3.92,-0.8500000000000005,2.12,2.2840534144367117
143,14.3,6.6,-1.8,7.59,-3.62,-0.9900000000000002,1.82,2.0718349355100663
144,14.4,6.6,-1.8,7.6,-3.29,-1.0,1.49,1.7944637081869335
145,14.5,6.6,-1.8,7.3,-3.43,-0.7000000000000002,1.6300000000000001,1.7739503938949366
146,14.6,6.6,-1.8,7.16,-3.13,-0.5600000000000005,1.3299999999999998,1.4430869689661814
147,14.7,6.6,-1.8,7.03,-3.43,-0.4300000000000006,1.6300000000000001,1.6857639217873899
148,14.8,6.6,-1.8,7.37,-3.43,-0.7700000000000005,1.6300000000000001,1.8027201668589612
149,14.9,6.6,-1.8,7.63,-3.23,-1.0300000000000002,1.43,1.7623280057923385
150,15.0,6.720000000000001,-1.8399999999999999,7.3,-3.18,-0.5799999999999992,1.3400000000000003,1.4601369798755184
151,15.1,7.040000000000001,-2.0,7.6,-3.03,-0.5599999999999987,1.0299999999999998,1.1723907198540928
152,15.2,7.06,-2.04,7.43,-2.74,-0.3700000000000001,0.7000000000000002,0.7917701686727029
153,15.3,7.1,-2.04,7.13,-2.6,-0.03000000000000025,0.56,0.5608029957123981
154,15.4,7.359999999999999,-2.18,7.19,-2.27,0.16999999999999904,0.08999999999999986,0.1923538406167125
155,15.5,7.339999999999999,-2.18,7.47,-2.09,-0.13000000000000078,-0.0900000000000003,0.15811388300841978
156,15.6,7.339999999999999,-2.2,7.39,-2.42,-0.05000000000000071,0.21999999999999975,0.22561028345356945
157,15.7,7.339999999999999,-2.18,7.57,-2.7,-0.23000000000000131,0.52,0.5685947590331806
158,15.8,7.339999999999999,-2.18,7.79,-2.95,-0.45000000000000107,0.77,0.8918520056601325
159,15.9,7.339999999999999,-2.18,8.05,-3.15,-0.7100000000000017,0.9699999999999998,1.2020815280171318
160,16.0,7.359999999999999,-2.1399999999999997,8.36,-3.27,-1.0,1.1300000000000003,1.5089400253157847
161,16.1,7.339999999999999,-2.18,8.55,-3.55,-1.2100000000000017,1.3699999999999997,1.827840255602224
162,16.2,7.339999999999999,-2.18,8.87,-3.45,-1.5300000000000002,1.27,1.9884164553734716
163,16.3,7.339999999999999,-2.18,8.82,-3.78,-1.4800000000000013,1.5999999999999996,2.179541236132045
164,16.4,7.339999999999999,-2.18,8.59,-3.54,-1.2500000000000009,1.3599999999999999,1.8471870506258974
165,16.5,7.339999999999999,-2.18,8.79,-3.81,-1.4500000000000002,1.63,2.1816049138191818
166,16.6,7.339999999999999,-2.18,8.56,-3.56,-1.2200000000000015,1.38,1.841955482632521
167,16.7,7.339999999999999,-2.18,8.61,-3.89,-1.2700000000000005,1.71,2.130023474049054
168,16.8,7.339999999999999,-2.18,8.94,-3.89,-1.6000000000000005,1.71,2.3418155350069743
169,16.9,7.339999999999999,-2.18,8.61,-3.92,-1.2700000000000005,1.7399999999999998,2.1541819793137256
170,17.0,7.42,-2.1399999999999997,8.5,-4.24,-1.08,2.1000000000000005,2.3614402384985316
171,17.1,7.339999999999999,-2.18,8.3,-3.97,-0.9600000000000017,1.79,2.031181921936094
172,17.2,7.339999999999999,-2.18,8.17,-3.66,-0.830000000000001,1.48,1.6968500228364325
173,17.3,7.339999999999999,-2.18,8.17,-4.0,-0.830000000000001,1.8199999999999998,2.0003249735980404
174,17.4,7.339999999999999,-2.18,8.5,-4.05,-1.160000000000001,1.8699999999999997,2.200568108466539
175,17.5,7.339999999999999,-2.18,8.19,-3.94,-0.8500000000000005,1.7599999999999998,1.9545076106272905
176,17.6,7.339999999999999,-2.18,8.21,-4.27,-0.8700000000000019,2.0899999999999994,2.2638462845343543
177,17.7,7.339999999999999,-2.18,8.18,-3.94,-0.8400000000000007,1.7599999999999998,1.9501794789198252
178,17.8,6.8,-3.2,8.21,-3.61,-1.410000000000001,0.4099999999999997,1.4684004903295296
179,17.9,6.8,-3.2,8.38,-3.33,-1.580000000000001,0.1299999999999999,1.585339080449354
180,18.0,7.340000000000001,-2.34,8.57,-3.05,-1.2299999999999995,0.71,1.4202112518917736
181,18.1,6.8,-3.2,8.35,-3.3,-1.5499999999999998,0.09999999999999964,1.5532224567009065
182,18.2,6.8,-3.2,8.08,-3.49,-1.2800000000000002,0.29000000000000004,1.312440474840669
183,18.3,6.8,-3.2,7.75,-3.41,-0.9500000000000002,0.20999999999999996,0.9729337079164234
184,18.4,7.12,-3.5,8.0,-3.19,-0.8799999999999999,-0.31000000000000005,0.9330058949438637
185,18.5,7.159999999999999,-3.54,7.72,-3.38,-0.5600000000000005,-0.16000000000000014,0.582408791142442
186,18.6,7.44,-3.7,7.41,-3.25,0.03000000000000025,-0.4500000000000002,0.4509988913511874
187,18.7,7.3,-3.2600000000000002,7.47,-3.58,-0.16999999999999993,0.31999999999999984,0.3623534186398686
188,18.8,7.3,-3.3,7.2,-3.39,0.09999999999999964,0.0900000000000003,0.13453624047073703
189,18.9,7.3,-3.3,7.01,-3.67,0.29000000000000004,0.3700000000000001,0.4701063709417264
190,19.0,7.44,-2.7800000000000002,6.77,-3.43,0.6700000000000008,0.6499999999999999,0.9334880824091977
191,19.1,7.3,-3.3,6.47,-3.28,0.8300000000000001,-0.020000000000000018,0.8302409288875128
192,19.2,7.3,-3.3,6.81,-3.28,0.4900000000000002,-0.020000000000000018,0.49040799340956936
193,19.3,7.3,-3.3,7.14,-3.28,0.16000000000000014,-0.020000000000000018,0.16124515496597114
194,19.4,7.3,-3.3,7.06,-3.61,0.2400000000000002,0.31000000000000005,0.39204591567825336
195,19.5,7.3,-3.3,6.74,-3.69,0.5599999999999996,0.3900000000000001,0.6824221567329124
196,19.6,7.3,-3.3,6.49,-3.47,0.8099999999999996,0.17000000000000037,0.8276472678623421
197,19.7,7.3,-3.3,6.27,-3.72,1.0300000000000002,0.4200000000000004,1.112339876117008
198,19.8,7.3,-3.3,6.48,-3.98,0.8199999999999994,0.6800000000000002,1.0652699188468617
199,19.9,7.3,-3.3,6.56,-4.3,0.7400000000000002,1.0,1.2440257232067191
200,20.0,7.4,-3.0,6.26,-4.16,1.1400000000000006,1.1600000000000001,1.6264070831129585
201,20.1,7.159999999999999,-3.6399999999999997,6.54,-4.32,0.6199999999999992,0.6800000000000006,0.9202173656261872
202,20.2,7.0200000000000005,-3.84,6.32,-4.08,0.7000000000000002,0.2400000000000002,0.7400000000000003
203,20.3,7.0,-3.8,6.65,-4.12,0.34999999999999964,0.3200000000000003,0.47423622805517496
204,20.4,7.08,-3.94,6.94,-4.28,0.13999999999999968,0.3400000000000003,0.36769552621700485
205,20.5,7.0200000000000005,-4.119999999999999,6.67,-4.09,0.35000000000000053,-0.02999999999999936,0.3512833614050064
206,20.6,7.0,-4.1,7.0,-4.05,0.0,-0.04999999999999982,0.04999999999999982
207,20.7,7.0,-4.1,7.16,-4.34,-0.16000000000000014,0.2400000000000002,0.2884441020371194
208,20.8,7.0,-4.1,7.43,-4.14,-0.4299999999999997,0.040000000000000036,0.4318564576337834
209,20.9,7.0,-4.1,7.16,-4.34,-0.16000000000000014,0.2400000000000002,0.2884441020371194
210,21.0,7.159999999999999,-3.8600000000000003,6.97,-4.61,0.1899999999999995,0.75,0.7736924453553878
211,21.1,7.0,-4.1,6.66,-4.5,0.33999999999999986,0.40000000000000036,0.5249761899362677
212,21.2,7.0,-4.1,6.77,-4.81,0.23000000000000043,0.71,0.7463243262818117
213,21.3,7.0,-4.1,7.09,-4.7,-0.08999999999999986,0.6000000000000005,0.6067124524847011
214,21.4,7.0,-4.1,7.42,-4.75,-0.41999999999999993,0.6500000000000004,0.7738862965578344
215,21.5,7.0,-4.1,7.12,-4.91,-0.1200000000000001,0.8100000000000005,0.8188406438373713
216,21.6,7.0,-4.1,6.86,-4.71,0.13999999999999968,0.6100000000000003,0.6258594091327543
217,21.7,7.0,-4.1,6.93,-5.03,0.07000000000000028,0.9300000000000006,0.9326306878931238
218,21.8,7.0,-4.1,7.17,-4.8,-0.16999999999999993,0.7000000000000002,0.7203471385380803
219,21.9,7.0,-4.1,7.47,-4.94,-0.46999999999999975,0.8400000000000007,0.9625487000666517
220,22.0,7.12,-4.14,7.62,-4.64,-0.5,0.5,0.7071067811865476
221,22.1,7.0,-4.1,7.45,-4.35,-0.4500000000000002,0.25,0.5147815070493501
222,22.2,7.0,-4.1,7.65,-4.62,-0.6500000000000004,0.5200000000000005,0.8324061508662709
223,22.3,7.0,-4.1,7.55,-4.94,-0.5499999999999998,0.8400000000000007,1.0040418317978594
224,22.4,7.0,-4.1,7.35,-4.67,-0.34999999999999964,0.5700000000000003,0.6688796603276258
225,22.5,7.0,-4.1,7.54,-4.39,-0.54,0.29000000000000004,0.6129437168288782
226,22.6,7.0,-4.1,7.22,-4.49,-0.21999999999999975,0.39000000000000057,0.4477722635447626
227,22.7,7.0,-4.1,7.54,-4.59,-0.54,0.4900000000000002,0.7291776189653658
228,22.8,7.0,-4.1,7.31,-4.82,-0.3099999999999996,0.7200000000000006,0.7839005038906409
229,22.9,7.0,-4.1,7.52,-5.08,-0.5199999999999996,0.9800000000000004,1.1094142598686931
230,23.0,7.06,-4.220000000000001,7.84,-4.97,-0.7800000000000002,0.7499999999999991,1.0820813278122856
231,23.1,7.0,-4.1,7.56,-5.15,-0.5599999999999996,1.0500000000000007,1.1900000000000004
232,23.2,7.0,-4.1,7.82,-5.36,-0.8200000000000003,1.2600000000000007,1.5033296378372916
233,23.3,7.0,-4.1,8.12,-5.22,-1.1199999999999992,1.12,1.583919189857866
234,23.4,7.0,-4.1,8.1,-5.56,-1.0999999999999996,1.46,1.828004376362376
235,23.5,7.0,-4.1,8.04,-5.89,-1.0399999999999991,1.79,2.0701932276963904
236,23.6,7.0,-4.1,8.15,-6.2,-1.1500000000000004,2.1000000000000005,2.3942639787625764
237,23.7,7.0,-4.1,8.02,-5.9,-1.0199999999999996,1.8000000000000007,2.0689127579480004
238,23.8,7.0,-4.1,7.78,-5.66,-0.7800000000000002,1.5600000000000005,1.7441330224498366
239,23.9,7.0,-4.1,8.08,-5.52,-1.08,1.42,1.784040358287895
240,24.0,7.12,-4.22,7.9,-5.24,-0.7800000000000002,1.0200000000000005,1.2840560735419624
241,24.1,7.0,-4.1,7.65,-5.02,-0.6500000000000004,0.9199999999999999,1.126454615153225
242,24.2,7.0,-4.1,7.46,-5.3,-0.45999999999999996,1.2000000000000002,1.2851459061133876
243,24.3,7.0,-4.1,7.62,-5.59,-0.6200000000000001,1.4900000000000002,1.613846337170922
244,24.4,7.0,-4.1,7.88,-5.81,-0.8799999999999999,1.71,1.9231484602078956
245,24.5,7.0,-4.1,8.13,-6.03,-1.1300000000000008,1.9300000000000006,2.2364704335179586
246,24.6,7.0,-4.1,8.39,-6.24,-1.3900000000000006,2.1400000000000006,2.5518032839543108
247,24.7,7.0,-4.1,8.68,-6.39,-1.6799999999999997,2.29,2.8401584462842915
248,24.8,7.0,-4.1,8.44,-6.17,-1.4399999999999995,2.0700000000000003,2.521606630701942
249,24.9,7.0,-4.1,8.19,-6.38,-1.1899999999999995,2.2800000000000002,2.5718670261115757
250,25.0,7.06,-4.22,8.5,-6.27,-1.4400000000000004,2.05,2.5052145616693196
251,25.1,7.32,-4.58,8.17,-6.34,-0.8499999999999996,1.7599999999999998,1.95450761062729
252,25.2,7.42,-4.54,7.95,-6.09,-0.5300000000000002,1.5499999999999998,1.638108665504215
253,25.3,7.5,-4.7,7.79,-6.39,-0.29000000000000004,1.6899999999999995,1.714701140140753
254,25.4,7.5,-4.7,8.1,-6.26,-0.5999999999999996,1.5599999999999996,1.6714065932620938
255,25.5,7.5,-4.7,7.77,-6.21,-0.2699999999999996,1.5099999999999998,1.533949151699625
256,25.6,7.42,-4.92,7.71,-6.54,-0.29000000000000004,1.62,1.6457521077003063
257,25.7,7.4,-4.9,7.51,-6.27,-0.10999999999999943,1.3699999999999992,1.3744089638822927
258,25.8,7.44,-5.119999999999999,7.83,-6.36,-0.3899999999999997,1.240000000000001,1.2998846102635429
259,25.9,7.58,-5.24,7.54,-6.21,0.040000000000000036,0.9699999999999998,0.9708243919473797
260,26.0,7.459999999999999,-5.1,7.81,-6.4,-0.35000000000000053,1.3000000000000007,1.3462912017836268
261,26.1,7.6,-5.44,8.14,-6.44,-0.5400000000000009,1.0,1.1364858116140302
262,26.2,7.58,-5.48,7.92,-6.19,-0.33999999999999986,0.71,0.7872102641607259
263,26.3,7.5200000000000005,-5.8,8.12,-5.93,-0.5999999999999988,0.1299999999999999,0.6139218191268319
264,26.4,7.92,-5.5,8.45,-5.91,-0.5299999999999994,0.41000000000000014,0.6700746227100377
265,26.5,7.9,-5.5,8.24,-5.65,-0.33999999999999986,0.15000000000000036,0.3716180835212409
266,26.6,8.1,-5.6,8.29,-5.98,-0.1899999999999995,0.3800000000000008,0.4248529157249605
267,26.7,8.1,-5.6,8.55,-5.77,-0.45000000000000107,0.16999999999999993,0.4810405388322287
268,26.8,8.1,-5.6,8.79,-6.0,-0.6899999999999995,0.40000000000000036,0.7975587752636163
269,26.9,8.1,-5.6,8.56,-6.24,-0.46000000000000085,0.6400000000000006,0.7881624198095222
270,27.0,8.059999999999999,-5.68,8.39,-6.53,-0.33000000000000185,0.8500000000000005,0.9118113840043905
271,27.1,8.1,-5.6,8.42,-6.19,-0.3200000000000003,0.5900000000000007,0.6711929677819941
272,27.2,8.1,-5.6,8.63,-5.94,-0.5300000000000011,0.34000000000000075,0.629682459657248
273,27.3,8.1,-5.6,8.78,-5.64,-0.6799999999999997,0.040000000000000036,0.6811754546370558
274,27.4,8.1,-5.6,8.71,-5.96,-0.6100000000000012,0.3600000000000003,0.7083078426785925
275,27.5,8.1,-5.6,8.46,-5.74,-0.3600000000000012,0.14000000000000057,0.3862641583165607
276,27.6,8.1,-5.6,8.74,-5.55,-0.6400000000000006,-0.04999999999999982,0.6419501538281619
277,27.7,8.1,-5.6,8.41,-5.47,-0.3100000000000005,-0.1299999999999999,0.33615472627943266
278,27.8,8.1,-5.6,8.4,-5.8,-0.3000000000000007,0.20000000000000018,0.3605551275463996
279,27.9,8.1,-5.6,8.7,-5.65,-0.5999999999999996,0.05000000000000071,0.6020797289396145
280,28.0,8.120000000000001,-5.659999999999999,8.99,-5.82,-0.8699999999999992,0.16000000000000103,0.884590300647706
281,28.1,8.1,-5.6,8.83,-6.11,-0.7300000000000004,0.5100000000000007,0.8905054744357281
282,28.2,8.1,-5.6,8.86,-6.44,-0.7599999999999998,0.8400000000000007,1.1327841806805041
283,28.3,8.1,-5.6,8.53,-6.38,-0.4299999999999997,0.7800000000000002,0.8906739021662193
284,28.4,8.1,-5.6,8.23,-6.23,-0.13000000000000078,0.6300000000000008,0.6432728814430165
285,28.5,8.1,-5.6,8.56,-6.15,-0.46000000000000085,0.5500000000000007,0.7170076708097352
286,28.6,8.1,-5.6,8.32,-5.91,-0.22000000000000064,0.3100000000000005,0.380131556174965
287,28.7,8.1,-5.6,8.39,-5.58,-0.2900000000000009,-0.019999999999999574,0.29068883707497356
288,28.8,8.1,-5.6,8.72,-5.58,-0.620000000000001,-0.019999999999999574,0.6203224967708338
289,28.9,8.1,-5.6,8.87,-5.28,-0.7699999999999996,-0.3199999999999994,0.8338465086573181
290,29.0,8.22,-5.58,9.11,-5.05,-0.8899999999999988,-0.5300000000000002,1.035857133006284
291,29.1,8.1,-5.6,9.43,-5.12,-1.33,-0.47999999999999954,1.4139660533407439
292,29.2,8.1,-5.6,9.1,-5.12,-1.0,-0.47999999999999954,1.1092339699089635
293,29.3,8.1,-5.6,8.92,-4.83,-0.8200000000000003,-0.7699999999999996,1.124855546281388
294,29.4,8.1,-5.6,9.07,-5.14,-0.9700000000000006,-0.45999999999999996,1.073545527679195
295,29.5,8.1,-5.6,8.73,-5.16,-0.6300000000000008,-0.4399999999999995,0.7684399781375254
296,29.6,8.1,-5.6,8.44,-5.0,-0.33999999999999986,-0.5999999999999996,0.6896375859826663
297,29.7,8.1,-5.6,8.15,-5.16,-0.05000000000000071,-0.4399999999999995,0.4428317965096901
298,29.8,8.1,-5.6,8.38,-4.93,-0.28000000000000114,-0.6699999999999999,0.7261542535852837
299,29.9,8.1,-5.6,8.21,-5.21,-0.11000000000000121,-0.3899999999999997,0.4052159917870962
300,30.0,8.2,-5.4399999999999995,7.95,-5.42,0.2499999999999991,-0.019999999999999574,0.2507987240796881
301,30.1,8.059999999999999,-5.279999999999999,8.05,-5.74,0.00999999999999801,0.46000000000000085,0.4601086828130944
302,30.2,8.1,-5.3,8.33,-5.55,-0.23000000000000043,0.25,0.33970575502926087
303,30.3,8.1,-5.3,8.56,-5.31,-0.46000000000000085,0.009999999999999787,0.46010868281309447
304,30.4,8.1,-5.3,8.36,-5.05,-0.2599999999999998,-0.25,0.3606937759374285
305,30.5,8.1,-5.3,8.59,-5.29,-0.4900000000000002,-0.009999999999999787,0.49010203019371407
306,30.6,8.1,-5.3,8.36,-5.53,-0.2599999999999998,0.23000000000000043,0.34713109915419577
307,30.7,8.1,-5.3,8.11,-5.75,-0.009999999999999787,0.4500000000000002,0.4501110973970761
308,30.8,8.1,-5.3,7.89,-6.0,0.20999999999999996,0.7000000000000002,0.7308214556237387
309,30.9,8.1,-5.3,7.73,-6.29,0.3699999999999992,0.9900000000000002,1.0568822072492279
310,31.0,8.18,-5.26,8.05,-6.36,0.129999999999999,1.1000000000000005,1.1076551810017414
311,31.1,8.1,-5.3,8.22,-6.07,-0.120000000000001,0.7700000000000005,0.7792945527847612
312,31.2,8.1,-5.3,8.29,-6.39,-0.1899999999999995,1.0899999999999999,1.106435718873898
313,31.3,8.1,-5.3,8.59,-6.26,-0.4900000000000002,0.96,1.0778218776773834
314,31.4,8.1,-5.3,8.83,-6.5,-0.7300000000000004,1.2000000000000002,1.404599587070992
315,31.5,8.1,-5.3,8.6,-6.74,-0.5,1.4400000000000004,1.5243359209832987
316,31.6,8.1,-5.3,8.79,-6.47,-0.6899999999999995,1.17,1.3583077707206122
317,31.7,8.1,-5.3,8.59,-6.2,-0.4900000000000002,0.9000000000000004,1.0247438704378773
318,31.8,8.1,-5.3,8.53,-6.53,-0.4299999999999997,1.2300000000000004,1.302996546426736
319,31.9,8.1,-5.3,8.53,-6.2,-0.4299999999999997,0.9000000000000004,0.9974467404327914
320,32.0,8.28,-5.34,8.69,-6.49,-0.41000000000000014,1.1500000000000004,1.220901306412603
321,32.1,8.1,-5.3,8.92,-6.25,-0.8200000000000003,0.9500000000000002,1.254950198215053
322,32.2,8.1,-5.3,9.22,-6.4,-1.120000000000001,1.1000000000000005,1.5698407562552334
323,32.3,8.1,-5.3,8.96,-6.19,-0.8600000000000012,0.8900000000000006,1.2376186811776893
324,32.4,8.1,-5.3,8.63,-6.24,-0.5300000000000011,0.9400000000000004,1.0791200118615176
325,32.5,8.1,-5.3,8.85,-5.99,-0.75,0.6900000000000004,1.019117265087782
326,32.6,8.1,-5.3,9.05,-6.25,-0.9500000000000011,0.9500000000000002,1.3435028842544412
327,32.7,8.1,-5.3,9.28,-6.01,-1.1799999999999997,0.71,1.3771347065556077
328,32.8,8.1,-5.3,9.11,-5.72,-1.0099999999999998,0.41999999999999993,1.0938464243210742
329,32.9,8.1,-5.3,9.36,-5.94,-1.2599999999999998,0.6400000000000006,1.4132232661543611
330,33.0,8.3,-5.279999999999999,9.15,-6.2,-0.8499999999999996,0.9200000000000008,1.2525573839150048
331,33.1,8.1,-5.3,9.43,-6.03,-1.33,0.7300000000000004,1.5171684151734774
332,33.2,8.1,-5.3,9.32,-6.34,-1.2200000000000006,1.04,1.6031219541881403
333,33.3,8.1,-5.3,9.53,-6.59,-1.4299999999999997,1.29,1.9258764238652488
334,33.4,8.1,-5.3,9.79,-6.81,-1.6899999999999995,1.5099999999999998,2.2663186007267377
335,33.5,8.1,-5.3,10.0,-6.55,-1.9000000000000004,1.25,2.274313083108832
336,33.6,8.1,-5.3,9.91,-6.23,-1.8100000000000005,0.9300000000000006,2.0349447166937984
337,33.7,8.1,-5.3,9.59,-6.3,-1.4900000000000002,1.0,1.7944637081869337
338,33.8,8.1,-5.3,9.54,-5.97,-1.4399999999999995,0.6699999999999999,1.5882380174268587
339,33.9,8.1,-5.3,9.23,-5.85,-1.1300000000000008,0.5499999999999998,1.256741819149821
340,34.0,8.18,-5.36,9.45,-5.6,-1.2699999999999996,0.23999999999999932,1.2924782396620837
341,34.1,8.1,-5.3,9.67,-5.85,-1.5700000000000003,0.5499999999999998,1.6635504200354134
342,34.2,8.1,-5.3,9.84,-5.56,-1.7400000000000002,0.2599999999999998,1.75931804969994
343,34.3,8.1,-5.3,10.08,-5.79,-1.9800000000000004,0.4900000000000002,2.0397303743387267
344,34.4,8.1,-5.3,9.4,-6.12,-1.3000000000000007,0.8200000000000003,1.5370100845472687
345,34.5,8.1,-5.3,9.71,-6.23,-1.6100000000000012,0.9300000000000006,1.8593009439033814
346,34.6,8.1,-5.3,9.78,-6.56,-1.6799999999999997,1.2599999999999998,2.0999999999999996
347,34.7,8.1,-5.3,9.49,-6.72,-1.3900000000000006,1.42,1.9870832896484236
348,34.8,8.1,-5.3,9.74,-6.51,-1.6400000000000006,1.21,2.0380628057054575
349,34.9,8.1,-5.3,9.55,-6.23,-1.450000000000001,0.9300000000000006,1.7226142922894851
350,35.0,8.24,-5.36,9.23,-6.17,-0.9900000000000002,0.8099999999999996,1.2791403363196705
351,35.1,8.82,-5.5,8.89,-6.17,-0.07000000000000028,0.6699999999999999,0.6736467917239716
352,35.2,8.940000000000001,-5.5,8.78,-5.85,0.16000000000000192,0.34999999999999964,0.38483762809787764
353,35.3,8.58,-5.619999999999999,9.01,-5.61,-0.4299999999999997,-0.009999999999998899,0.43011626335213105
354,35.4,9.12,-5.6,8.68,-5.56,0.4399999999999995,-0.040000000000000036,0.44181444068748993
355,35.5,9.1,-5.6,8.67,-5.89,0.4299999999999997,0.29000000000000004,0.5186520991955974
356,35.6,9.1,-5.6,8.45,-5.64,0.6500000000000004,0.040000000000000036,0.6512296062065979
357,35.7,9.1,-5.6,8.6,-5.34,0.5,-0.2599999999999998,0.5635601121442148
358,35.8,9.1,-5.6,8.3,-5.47,0.7999999999999989,-0.1299999999999999,0.8104936767180841
359,35.9,9.1,-5.6,7.96,-5.46,1.1399999999999997,-0.13999999999999968,1.1485643212288978
360,36.0,9.0,-5.52,8.29,-5.5,0.7100000000000009,-0.019999999999999574,0.7102816342831914
361,36.1,9.1,-5.6,8.54,-5.27,0.5600000000000005,-0.33000000000000007,0.6500000000000005
362,36.2,9.1,-5.6,8.76,-5.02,0.33999999999999986,-0.5800000000000001,0.6723094525588644
363,36.3,9.1,-5.6,9.02,-5.23,0.08000000000000007,-0.3699999999999992,0.37854986461495327
364,36.4,9.1,-5.6,9.25,-5.47,-0.15000000000000036,-0.1299999999999999,0.19849433241279227
365,36.5,9.1,-5.6,9.03,-5.71,0.07000000000000028,0.11000000000000032,0.1303840481040534
366,36.6,9.1,-5.6,8.9,-5.4,0.1999999999999993,-0.1999999999999993,0.282842712474618
367,36.7,9.1,-5.6,9.03,-5.71,0.07000000000000028,0.11000000000000032,0.1303840481040534
368,36.8,9.1,-5.6,9.36,-5.76,-0.2599999999999998,0.16000000000000014,0.30528675044947484
369,36.9,9.1,-5.6,9.17,-5.49,-0.07000000000000028,-0.10999999999999943,0.13038404810405266
370,37.0,9.14,-5.5600000000000005,9.11,-5.82,0.030000000000001137,0.2599999999999998,0.2617250465660479
371,37.1,9.1,-5.6,8.86,-5.6,0.2400000000000002,0.0,0.2400000000000002
372,37.2,9.1,-5.6,8.74,-5.91,0.35999999999999943,0.3100000000000005,0.475078940808788
373,37.3,9.1,-5.6,8.73,-5.58,0.3699999999999992,-0.019999999999999574,0.37054014627297727
374,37.4,9.1,-5.6,8.47,-5.37,0.629999999999999,-0.22999999999999954,0.6706713054842875
375,37.5,9.1,-5.6,8.39,-5.69,0.7099999999999991,0.09000000000000075,0.7156814934033147
376,37.6,9.1,-5.6,8.69,-5.54,0.41000000000000014,-0.05999999999999961,0.4143669871020133
377,37.7,9.1,-5.6,8.9,-5.8,0.1999999999999993,0.20000000000000018,0.2828427124746186
378,37.8,9.1,-5.6,8.63,-5.6,0.46999999999999886,0.0,0.46999999999999886
379,37.9,9.1,-5.6,8.88,-5.82,0.21999999999999886,0.22000000000000064,0.31112698372208053
380,38.0,9.040000000000001,-5.66,8.61,-6.01,0.4300000000000015,0.34999999999999964,0.5544366510251654
381,38.1,9.1,-5.6,8.29,-6.12,0.8100000000000005,0.5200000000000005,0.9625487000666518
382,38.2,9.1,-5.6,7.97,-6.07,1.13,0.47000000000000064,1.2238463955905579
383,38.3,9.1,-5.6,8.27,-5.92,0.8300000000000001,0.3200000000000003,0.8895504482602435
384,38.4,9.1,-5.6,8.22,-6.25,0.879999999999999,0.6500000000000004,1.0940292500660111
385,38.5,9.1,-5.6,8.54,-6.17,0.5600000000000005,0.5700000000000003,0.7990619500389196
386,38.6,9.1,-5.6,8.29,-6.38,0.8100000000000005,0.7800000000000002,1.1244998888394793
387,38.7,9.1,-5.6,8.51,-6.14,0.5899999999999999,0.54,0.7998124780221924
388,38.8,9.1,-5.6,8.84,-6.18,0.2599999999999998,0.5800000000000001,0.6356099432828282
389,38.9,9.1,-5.6,8.65,-6.45,0.4499999999999993,0.8500000000000005,0.9617692030835674
390,39.0,9.06,-5.68,8.76,-6.76,0.3000000000000007,1.08,1.1208925015361646
391,39.1,9.1,-5.6,8.44,-6.66,0.6600000000000001,1.0600000000000005,1.2486793023030378
392,39.2,9.1,-5.6,8.65,-6.92,0.4499999999999993,1.3200000000000003,1.3945967159003352
393,39.3,9.1,-5.6,8.76,-7.24,0.33999999999999986,1.6400000000000006,1.6748731295235473
394,39.4,9.1,-5.6,9.05,-7.07,0.049999999999998934,1.4700000000000006,1.4708500943332063
395,39.5,9.1,-5.6,9.05,-7.41,0.049999999999998934,1.8100000000000005,1.810690476033936
396,39.6,9.1,-5.6,9.23,-7.69,-0.13000000000000078,2.0900000000000007,2.094039159137193
397,39.7,9.1,-5.6,9.48,-7.47,-0.3800000000000008,1.87,1.9082190649922772
398,39.8,9.1,-5.6,9.74,-7.68,-0.6400000000000006,2.08,2.176235281397671
399,39.9,9.1,-5.6,10.01,-7.87,-0.9100000000000001,2.2700000000000005,2.4456083087853626
400,40.0,9.14,-5.779999999999999,9.51,-8.16,-0.3699999999999992,2.380000000000001,2.408588798446095
401,40.1,9.440000000000001,-6.119999999999999,9.22,-7.99,0.22000000000000064,1.870000000000001,1.882896704548607
402,40.2,9.64,-6.220000000000001,9.52,-8.15,0.120000000000001,1.9299999999999997,1.9337269714207328
403,40.3,9.68,-6.24,9.79,-7.95,-0.10999999999999943,1.71,1.7135343591536178
404,40.4,9.98,-6.4,9.69,-8.27,0.2900000000000009,1.8699999999999992,1.8923530326025315
405,40.5,10.0,-6.4,9.76,-8.6,0.2400000000000002,2.1999999999999993,2.213052190979688
406,40.6,10.0,-6.4,9.7,-8.27,0.3000000000000007,1.8699999999999992,1.893911296761281
407,40.7,10.0,-6.4,9.73,-7.94,0.2699999999999996,1.54,1.56348968656656
408,40.8,9.98,-6.639999999999999,9.5,-7.7,0.4800000000000004,1.0600000000000014,1.16361505662311
409,40.9,9.9,-6.840000000000001,9.23,-7.88,0.6699999999999999,1.0399999999999991,1.2371337841963568
410,41.0,9.84,-6.6,9.01,-8.14,0.8300000000000001,1.540000000000001,1.7494284781036358
411,41.1,9.9,-6.8,8.8,-7.88,1.0999999999999996,1.08,1.5415576538034506
412,41.2,9.9,-6.8,8.96,-7.58,0.9399999999999995,0.7800000000000002,1.2214745187681975
413,41.3,9.760000000000002,-7.0,8.85,-7.9,0.9100000000000019,0.9000000000000004,1.2798828071350923
414,41.4,9.8,-7.0,8.61,-8.13,1.1900000000000013,1.1300000000000008,1.6410362579784776
415,41.5,9.8,-7.0,8.4,-8.39,1.4000000000000004,1.3900000000000006,1.972840591634307
416,41.6,9.8,-7.0,8.12,-8.57,1.6800000000000015,1.5700000000000003,2.2994129685639346
417,41.7,9.8,-7.0,8.38,-8.36,1.42,1.3599999999999994,1.9662146373170957
418,41.8,9.8,-7.0,8.08,-8.21,1.7200000000000006,1.2100000000000009,2.10297408448131
419,41.9,9.8,-7.0,8.23,-8.5,1.5700000000000003,1.5,2.1713820483738004
420,42.0,9.76,-6.9,7.97,-8.71,1.79,1.8100000000000005,2.545623695678527
421,42.1,9.8,-7.0,7.64,-8.66,2.160000000000001,1.6600000000000001,2.7241879523997614
422,42.2,9.8,-7.0,7.72,-8.34,2.080000000000001,1.3399999999999999,2.4742675683927158
423,42.3,9.8,-7.0,7.96,-8.57,1.8400000000000007,1.5700000000000003,2.4187806845598887
424,42.4,9.8,-7.0,7.73,-8.32,2.0700000000000003,1.3200000000000003,2.455056007507772
425,42.5,9.8,-7.0,7.45,-8.49,2.3500000000000005,1.4900000000000002,2.7825527847643796
426,42.6,9.8,-7.0,7.33,-8.18,2.4700000000000006,1.1799999999999997,2.7373892671668023
427,42.7,9.8,-7.0,7.05,-7.99,2.750000000000001,0.9900000000000002,2.922772656229014
428,42.8,9.8,-7.0,6.73,-7.91,3.0700000000000003,0.9100000000000001,3.202030605725061
429,42.9,9.8,-7.0,6.68,-7.58,3.120000000000001,0.5800000000000001,3.1734523787194293
430,43.0,9.64,-7.0200000000000005,6.86,-7.3,2.7800000000000002,0.27999999999999936,2.7940651388255073
431,43.1,9.8,-7.0,6.79,-6.97,3.0100000000000007,-0.03000000000000025,3.010149497948566
432,43.2,9.8,-7.0,7.13,-6.93,2.670000000000001,-0.07000000000000028,2.670917445373407
433,43.3,9.8,-7.0,6.89,-6.69,2.910000000000001,-0.3099999999999996,2.9264654448668974
434,43.4,9.8,-7.0,6.57,-6.61,3.2300000000000004,-0.3899999999999997,3.2534596969994882
435,43.5,9.8,-7.0,6.79,-6.86,3.0100000000000007,-0.13999999999999968,3.0132540550043245
436,43.6,9.8,-7.0,7.1,-6.98,2.700000000000001,-0.019999999999999574,2.7000740730579977
437,43.7,9.8,-7.0,7.07,-7.31,2.7300000000000004,0.3099999999999996,2.7475443581496553
438,43.8,9.8,-7.0,7.12,-7.64,2.6800000000000006,0.6399999999999997,2.755358415887124
439,43.9,9.8,-7.0,6.99,-7.95,2.8100000000000005,0.9500000000000002,2.9662434155004886
440,44.0,9.58,-6.959999999999999,6.8,-8.22,2.7800000000000002,1.2600000000000016,3.0522123124055454
441,44.1,9.8,-7.0,6.57,-8.47,3.2300000000000004,1.4700000000000006,3.5487744363371427
442,44.2,9.8,-7.0,6.4,-8.18,3.4000000000000004,1.1799999999999997,3.598944289649397
443,44.3,9.8,-7.0,6.07,-8.27,3.7300000000000004,1.2699999999999996,3.9402791779263566
444,44.4,9.8,-7.0,6.4,-8.19,3.4000000000000004,1.1899999999999995,3.6022354170709057
445,44.5,9.8,-7.0,6.07,-8.19,3.7300000000000004,1.1899999999999995,3.9152266856466946
446,44.6,9.8,-7.0,6.1,-7.86,3.700000000000001,0.8600000000000003,3.798631332466999
447,44.7,9.8,-7.0,6.41,-7.98,3.3900000000000006,0.9800000000000004,3.528809997718778
448,44.8,9.8,-7.0,6.23,-8.27,3.5700000000000003,1.2699999999999996,3.789168774282824
449,44.9,9.8,-7.0,6.29,-7.94,3.5100000000000007,0.9400000000000004,3.6336895849810844
450,45.0,9.52,-6.9799999999999995,6.45,-7.65,3.0699999999999994,0.6700000000000008,3.14226033294506
451,45.1,5.6,-6.4,6.12,-7.7,-0.5200000000000005,1.2999999999999998,1.400142849854971
452,45.2,5.5,-6.4,5.9,-7.45,-0.40000000000000036,1.0499999999999998,1.1236102527122116
453,45.3,5.5,-6.4,6.15,-7.67,-0.6500000000000004,1.2699999999999996,1.4266744548074026
454,45.4,5.5,-6.4,6.47,-7.57,-0.9699999999999998,1.17,1.5198026187633706
455,45.5,5.5,-6.4,6.74,-7.76,-1.2400000000000002,1.3599999999999994,1.8404347312523743
456,45.6,5.5,-6.4,6.66,-7.44,-1.1600000000000001,1.04,1.5579473675320359
457,45.7,5.5,-6.4,6.92,-7.23,-1.42,0.8300000000000001,1.6447796204963145
458,45.8,7.9,-7.12,6.72,-7.49,1.1800000000000006,0.3700000000000001,1.2366486970841806
459,45.9,7.9,-7.1,7.03,-7.62,0.8700000000000001,0.5200000000000005,1.0135580891098452
460,46.0,8.1,-7.06,6.7,-7.68,1.3999999999999995,0.6200000000000001,1.531143363633856
461,46.1,7.8,-7.3,6.37,-7.7,1.4299999999999997,0.40000000000000036,1.48489056835849
462,46.2,7.8,-7.3,6.7,-7.74,1.0999999999999996,0.4400000000000004,1.1847362575695908
463,46.3,7.8,-7.3,6.54,-8.03,1.2599999999999998,0.7299999999999995,1.4561936684383705
464,46.4,7.8,-7.3,6.76,-7.78,1.04,0.4800000000000004,1.1454256850621085
465,46.5,7.8,-7.3,6.89,-7.48,0.9100000000000001,0.1800000000000006,0.9276313923105451
466,46.6,7.6,-7.360000000000001,6.64,-7.7,0.96,0.33999999999999897,1.0184301645179208
467,46.7,7.56,-7.38,6.68,-7.37,0.8799999999999999,-0.009999999999999787,0.8800568163476719
468,46.8,7.5200000000000005,-7.360000000000001,6.51,-7.08,1.0100000000000007,-0.28000000000000114,1.0480935072788125
469,46.9,7.5200000000000005,-7.32,6.31,-6.82,1.2100000000000009,-0.5,1.3092364186807521
470,47.0,7.5200000000000005,-7.3,6.08,-6.57,1.4400000000000004,-0.7299999999999995,1.614465855941215
471,47.1,7.6,-7.4,6.02,-6.9,1.58,-0.5,1.657226598869328
472,47.2,7.6,-7.4,6.3,-6.73,1.2999999999999998,-0.6699999999999999,1.4624978632463022
473,47.3,7.6,-7.4,6.56,-6.52,1.04,-0.8800000000000008,1.3623509092741126
474,47.4,7.6,-7.4,6.73,-6.81,0.8699999999999992,-0.5900000000000007,1.0511898020814316
475,47.5,7.18,-7.360000000000001,7.01,-6.63,0.16999999999999993,-0.7300000000000013,0.7495331880577416
476,47.6,7.44,-6.860000000000001,6.81,-6.37,0.6300000000000008,-0.4900000000000011,0.7981227975693979
477,47.7,7.42,-6.840000000000001,7.09,-6.54,0.33000000000000007,-0.3000000000000007,0.4459820624195557
478,47.8,7.5200000000000005,-6.58,7.29,-6.27,0.23000000000000043,-0.3100000000000005,0.3860051813123763
479,47.9,7.6,-6.459999999999999,7.62,-6.32,-0.020000000000000462,-0.1399999999999988,0.14142135623730837
480,48.0,7.5200000000000005,-6.68,7.37,-6.11,0.15000000000000036,-0.5699999999999994,0.5894064811316545
481,48.1,7.6,-6.3,7.62,-6.32,-0.020000000000000462,0.020000000000000462,0.028284271247462554
482,48.2,7.6,-6.3,7.57,-6.65,0.02999999999999936,0.35000000000000053,0.3512833614050064
483,48.3,7.6,-6.3,7.54,-6.99,0.05999999999999961,0.6900000000000004,0.692603782836912
484,48.4,7.6,-6.3,7.77,-7.22,-0.16999999999999993,0.9199999999999999,0.9355746896961246
485,48.5,7.6,-6.3,7.44,-7.16,0.15999999999999925,0.8600000000000003,0.8747571091451617
486,48.6,7.6,-6.3,7.13,-7.04,0.46999999999999975,0.7400000000000002,0.8766413177577247
487,48.7,7.6,-6.3,6.94,-6.77,0.6599999999999993,0.46999999999999975,0.8102468759581852
488,48.8,7.6,-6.3,6.77,-6.48,0.8300000000000001,0.1800000000000006,0.8492938243034623
489,48.9,7.6,-6.3,6.77,-6.15,0.8300000000000001,-0.14999999999999947,0.8434453153583816
490,49.0,7.58,-6.279999999999999,7.09,-6.23,0.4900000000000002,-0.049999999999998934,0.49254441424099016
491,49.1,7.6,-6.3,7.05,-5.9,0.5499999999999998,-0.39999999999999947,0.6800735254367717
492,49.2,7.6,-6.3,6.84,-5.64,0.7599999999999998,-0.6600000000000001,1.0065783625729294
493,49.3,7.6,-6.3,6.92,-5.32,0.6799999999999997,-0.9799999999999995,1.192811804099875
494,49.4,7.6,-6.3,7.08,-5.61,0.5199999999999996,-0.6899999999999995,0.8640023148117132
495,49.5,7.6,-6.3,7.01,-5.94,0.5899999999999999,-0.35999999999999943,0.6911584478250985
496,49.6,7.6,-6.3,7.21,-6.21,0.3899999999999997,-0.08999999999999986,0.40024992192378966
497,49.7,7.6,-6.3,6.97,-6.45,0.6299999999999999,0.15000000000000036,0.6476109943476871
498,49.8,7.6,-6.3,7.19,-6.19,0.40999999999999925,-0.10999999999999943,0.4244997055358216
499,49.9,7.6,-6.3,7.02,-6.47,0.5800000000000001,0.16999999999999993,0.6044005294504631
500,50.0,7.5,-6.220000000000001,7.28,-6.67,0.21999999999999975,0.4499999999999993,0.5008991914547269
501,50.1,7.3,-6.6,7.21,-7.0,0.08999999999999986,0.40000000000000036,0.4100000000000003
502,50.2,7.3,-6.6,7.0,-7.26,0.2999999999999998,0.6600000000000001,0.7249827584156744
503,50.3,7.3,-6.6,6.71,-7.42,0.5899999999999999,0.8200000000000003,1.0101980003939823
504,50.4,7.3,-6.6,7.03,-7.32,0.2699999999999996,0.7200000000000006,0.7689603370785782
505,50.5,7.3,-6.6,7.28,-7.1,0.019999999999999574,0.5,0.5003998401278721
506,50.6,7.3,-6.6,7.61,-7.11,-0.3100000000000005,0.5100000000000007,0.5968249324550717
507,50.7,7.3,-6.6,7.37,-6.88,-0.07000000000000028,0.28000000000000025,0.28861739379323653
508,50.8,7.3,-6.6,7.49,-6.57,-0.1900000000000004,-0.02999999999999936,0.19235384061671373
509,50.9,7.3,-6.6,7.75,-6.35,-0.4500000000000002,-0.25,0.5147815070493501
510,51.0,7.4,-6.62,7.74,-6.01,-0.33999999999999986,-0.6100000000000003,0.6983552104767317
511,51.1,7.3,-6.6,7.68,-6.34,-0.3799999999999999,-0.2599999999999998,0.4604345773288533
512,51.2,7.3,-6.6,7.47,-6.08,-0.16999999999999993,-0.5199999999999996,0.5470831746635968
513,51.3,7.3,-6.6,7.24,-6.32,0.05999999999999961,-0.27999999999999936,0.28635642126552635
514,51.4,7.3,-6.6,7.06,-6.03,0.2400000000000002,-0.5699999999999994,0.6184658438426486
515,51.5,7.3,-6.6,7.19,-5.72,0.10999999999999943,-0.8799999999999999,0.8868483523128403
516,51.6,7.3,-6.6,7.44,-5.95,-0.14000000000000057,-0.6499999999999995,0.6649060083951712
517,51.7,7.3,-6.6,7.19,-5.72,0.10999999999999943,-0.8799999999999999,0.8868483523128403
518,51.8,7.3,-6.6,6.97,-5.97,0.33000000000000007,-0.6299999999999999,0.7111961754677818
519,51.9,7.3,-6.6,7.14,-6.26,0.16000000000000014,-0.33999999999999986,0.37576588456111865
520,52.0,7.279999999999999,-6.62,7.42,-6.44,-0.14000000000000057,-0.17999999999999972,0.22803508501982772
521,52.1,7.3,-6.6,7.11,-6.56,0.1899999999999995,-0.040000000000000036,0.19416487838947552
522,52.2,7.3,-6.6,7.36,-6.77,-0.0600000000000005,0.16999999999999993,0.18027756377319956
523,52.3,7.3,-6.6,7.61,-6.55,-0.3100000000000005,-0.04999999999999982,0.3140063693621521
524,52.4,7.3,-6.6,7.39,-6.8,-0.08999999999999986,0.20000000000000018,0.2193171219946132
525,52.5,7.3,-6.6,7.14,-6.57,0.16000000000000014,-0.02999999999999936,0.1627882059609971
526,52.6,7.3,-6.6,6.85,-6.73,0.4500000000000002,0.13000000000000078,0.46840153714521515
527,52.7,7.3,-6.6,7.02,-6.44,0.28000000000000025,-0.15999999999999925,0.32249030993194183
528,52.8,7.3,-6.6,6.68,-6.42,0.6200000000000001,-0.17999999999999972,0.645600495662759
529,52.9,7.3,-6.6,6.84,-6.13,0.45999999999999996,-0.46999999999999975,0.6576473218982951
530,53.0,7.24,-6.5200000000000005,6.75,-5.81,0.4900000000000002,-0.7100000000000009,0.8626702730475888
531,53.1,7.3,-6.6,6.56,-5.53,0.7400000000000002,-1.0699999999999994,1.3009611831257684
532,53.2,7.3,-6.6,6.36,-5.27,0.9399999999999995,-1.33,1.6286497474902328
533,53.3,7.3,-6.6,6.07,-5.42,1.2299999999999995,-1.1799999999999997,1.7044940598312446
534,53.4,7.3,-6.6,5.87,-5.15,1.4299999999999997,-1.4499999999999993,2.0365166338628313
535,53.5,7.3,-6.6,5.65,-4.91,1.6499999999999995,-1.6899999999999995,2.3619060099843083
536,53.6,7.3,-6.6,5.34,-5.04,1.96,-1.5599999999999996,2.505034929896188
537,53.7,7.3,-6.6,5.1,-5.27,2.2,-1.33,2.5707780923292467
538,53.8,7.3,-6.6,4.81,-5.11,2.49,-1.4899999999999993,2.9017580877805784
539,53.9,7.3,-6.6,4.59,-5.37,2.71,-1.2299999999999995,2.9760712357065646
540,54.0,7.140000000000001,-6.4,4.27,-5.43,2.870000000000001,-0.9700000000000006,3.029488405655319
541,54.1,7.3,-6.6,4.11,-5.13,3.1899999999999995,-1.4699999999999998,3.5124065823876363
542,54.2,7.3,-6.6,4.23,-4.83,3.0699999999999994,-1.7699999999999996,3.5436986327846776
543,54.3,7.3,-6.6,4.15,-5.15,3.1499999999999995,-1.4499999999999993,3.4677081768799396
544,54.4,7.3,-6.6,4.28,-5.46,3.0199999999999996,-1.1399999999999997,3.2280024783137944
545,54.5,7.3,-6.6,3.98,-5.29,3.32,-1.3099999999999996,3.5691035288990984
546,54.6,7.3,-6.6,4.23,-5.52,3.0699999999999994,-1.08,3.254427753077336
547,54.7,7.3,-6.6,3.9,-5.54,3.4,-1.0599999999999996,3.5614042174400815
548,54.8,7.3,-6.6,4.15,-5.33,3.1499999999999995,-1.2699999999999996,3.396380426277362
549,54.9,7.3,-6.6,4.48,-5.41,2.8199999999999994,-1.1899999999999995,3.060800548876061
550,55.0,7.140000000000001,-6.540000000000001,4.15,-5.45,2.99,-1.0900000000000007,3.1824833071046896
551,55.1,6.7,-5.9,3.94,-5.18,2.7600000000000002,-0.7200000000000006,2.8523674377611314
552,55.2,6.7,-5.9,3.73,-4.92,2.97,-0.9800000000000004,3.1275069943966556
553,55.3,6.7,-5.9,3.95,-5.18,2.75,-0.7200000000000006,2.8426923857498196
554,55.4,6.7,-5.9,4.22,-4.99,2.4800000000000004,-0.9100000000000001,2.6416850682850144
555,55.5,6.7,-5.9,4.53,-4.86,2.17,-1.04,2.40634577731464
556,55.6,4.7,-3.2,4.3,-4.61,0.40000000000000036,1.4100000000000001,1.465639792036229
557,55.7,4.7,-3.3,4.44,-4.92,0.2599999999999998,1.62,1.6407315441594947
558,55.8,4.7,-3.3,4.58,-4.61,0.1200000000000001,1.3100000000000005,1.3154847015454043
559,55.9,4.7,-3.3,4.32,-4.41,0.3799999999999999,1.1100000000000003,1.1732433677630574
560,56.0,6.32,-5.46,4.38,-4.74,1.9400000000000004,-0.7199999999999998,2.06929939834718
561,56.1,4.4,-3.1,4.52,-4.44,-0.11999999999999922,1.3400000000000003,1.3453624047073711
562,56.2,4.4,-3.1,4.82,-4.29,-0.41999999999999993,1.19,1.2619429464123961
563,56.3,5.9,-4.58,4.88,-3.96,1.0200000000000005,-0.6200000000000001,1.1936498649101424
564,56.4,5.9,-4.6,4.6,-4.14,1.3000000000000007,-0.45999999999999996,1.3789851340750567
565,56.5,5.9,-4.6,4.86,-4.35,1.04,-0.25,1.0696261028976435
566,56.6,5.8,-4.4,4.92,-4.68,0.8799999999999999,0.27999999999999936,0.9234717104492154
567,56.7,5.66,-4.779999999999999,4.62,-4.83,1.04,0.05000000000000071,1.0412012293500235
568,56.8,5.7,-4.8,4.3,-4.91,1.4000000000000004,0.11000000000000032,1.4043147795277244
569,56.9,5.7,-4.8,4.63,-4.89,1.0700000000000003,0.08999999999999986,1.0737783756436896
570,57.0,5.62,-4.88,4.64,-4.56,0.9800000000000004,-0.3200000000000003,1.0309219175087903
571,57.1,5.3,-4.9,4.87,-4.32,0.4299999999999997,-0.5800000000000001,0.7220110802473878
572,57.2,5.279999999999999,-4.5,4.79,-4.64,0.4899999999999993,0.13999999999999968,0.5096076922496355
573,57.3,5.06,-4.82,4.68,-4.96,0.3799999999999999,0.13999999999999968,0.4049691346263315
574,57.4,4.9,-4.92,4.35,-4.93,0.5500000000000007,0.009999999999999787,0.5500909015790033
575,57.5,4.9,-4.9,4.62,-4.73,0.28000000000000025,-0.16999999999999993,0.32756678708318415
576,57.6,4.9,-4.9,4.55,-4.41,0.35000000000000053,-0.4900000000000002,0.6021627686929844
577,57.7,4.9,-4.9,4.22,-4.36,0.6800000000000006,-0.54,0.8683317338436969
578,57.8,4.9,-4.9,4.45,-4.59,0.4500000000000002,-0.3100000000000005,0.5464430436925705
579,57.9,4.9,-4.9,4.12,-4.58,0.7800000000000002,-0.3200000000000003,0.84308955633432
580,58.0,4.9,-4.82,3.91,-4.32,0.9900000000000002,-0.5,1.1090987332063815
581,58.1,4.9,-4.9,3.67,-4.54,1.2300000000000004,-0.3600000000000003,1.28160056179763
582,58.2,4.9,-4.9,3.94,-4.74,0.9600000000000004,-0.16000000000000014,0.9732420048477156
583,58.3,4.9,-4.9,3.87,-4.41,1.0300000000000002,-0.4900000000000002,1.14061386980871
584,58.4,4.9,-4.9,4.13,-4.2,0.7700000000000005,-0.7000000000000002,1.0406248123122959
585,58.5,4.9,-4.9,4.33,-4.47,0.5700000000000003,-0.4300000000000006,0.7140028011149542
586,58.6,4.9,-4.9,4.39,-4.14,0.5100000000000007,-0.7600000000000007,0.9152595260361958
587,58.7,4.9,-4.9,4.39,-3.8,0.5100000000000007,-1.1000000000000005,1.212476803901832
588,58.8,4.9,-4.9,4.18,-3.55,0.7200000000000006,-1.3500000000000005,1.5300000000000007
589,58.9,4.9,-4.9,3.87,-3.67,1.0300000000000002,-1.2300000000000004,1.6043067038443746
590,59.0,4.82,-4.779999999999999,3.6,-3.47,1.2200000000000002,-1.3099999999999992,1.7901117283566403
591,59.1,4.9,-4.9,3.29,-3.36,1.6100000000000003,-1.5400000000000005,2.2279362647975374
592,59.2,4.9,-4.9,3.49,-3.63,1.4100000000000001,-1.2700000000000005,1.8976301009416987
593,59.3,4.9,-4.9,3.72,-3.87,1.1800000000000002,-1.0300000000000002,1.5663013758533193
594,59.4,4.9,-4.9,4.05,-3.84,0.8500000000000005,-1.0600000000000005,1.3587126259809328
595,59.5,4.9,-4.9,4.08,-3.5,0.8200000000000003,-1.4000000000000004,1.622467256988566
596,59.6,4.9,-4.9,4.41,-3.55,0.4900000000000002,-1.3500000000000005,1.4361754767437027
597,59.7,4.9,-4.9,4.74,-3.49,0.16000000000000014,-1.4100000000000001,1.4190489773083945
598,59.8,4.9,-4.9,4.49,-3.72,0.41000000000000014,-1.1800000000000002,1.249199743836029
599,59.9,4.9,-4.9,4.32,-4.0,0.5800000000000001,-0.9000000000000004,1.0707007051459343
600,60.0,4.92,-4.74,4.57,-4.22,0.34999999999999964,-0.5200000000000005,0.6268173577685929
601,60.1,4.9,-4.220000000000001,4.38,-4.49,0.5200000000000005,0.2699999999999996,0.5859180830116103
602,60.2,4.9,-4.2,4.45,-4.82,0.4500000000000002,0.6200000000000001,0.7660939890117924
603,60.3,4.6,-4.8,4.65,-4.56,-0.05000000000000071,-0.2400000000000002,0.2451530134426256
604,60.4,4.6,-4.8,4.98,-4.49,-0.3800000000000008,-0.3099999999999996,0.4904079934095695
605,60.5,4.6,-4.8,5.17,-4.22,-0.5700000000000003,-0.5800000000000001,0.8132035415564792
606,60.6,4.6,-4.8,5.51,-4.23,-0.9100000000000001,-0.5699999999999994,1.0737783756436892
607,60.7,4.6,-4.8,5.24,-4.04,-0.6400000000000006,-0.7599999999999998,0.9935793878699378
608,60.8,4.6,-4.8,5.43,-3.76,-0.8300000000000001,-1.04,1.3306013678032953
609,60.9,4.6,-4.8,5.48,-3.43,-0.8800000000000008,-1.3699999999999997,1.6282813024781684
610,61.0,4.720000000000001,-4.54,5.58,-3.12,-0.8599999999999994,-1.42,1.6601204775557703
611,61.1,4.6,-4.8,5.76,-2.84,-1.1600000000000001,-1.96,2.2775425352778815
612,61.2,4.6,-4.8,5.89,-3.14,-1.29,-1.6599999999999997,2.102308255228048
613,61.3,4.6,-4.8,6.11,-3.4,-1.5100000000000007,-1.4,2.059150310200788
614,61.4,4.6,-4.8,6.11,-3.73,-1.5100000000000007,-1.0699999999999998,1.8506755523321752
615,61.5,4.6,-4.8,5.79,-3.82,-1.1900000000000004,-0.98,1.5415900881881672
616,61.6,4.6,-4.8,5.8,-4.15,-1.2000000000000002,-0.6499999999999995,1.364734406395618
617,61.7,4.6,-4.8,6.01,-4.41,-1.4100000000000001,-0.3899999999999997,1.4629422408283932
618,61.8,4.6,-4.8,6.28,-4.61,-1.6800000000000006,-0.1899999999999995,1.6907099100673664
619,61.9,4.6,-4.8,5.96,-4.72,-1.3600000000000003,-0.08000000000000007,1.3623509092741124
620,62.0,4.68,-4.82,5.82,-4.42,-1.1400000000000006,-0.40000000000000036,1.2081390648431172
621,62.1,4.6,-4.8,6.13,-4.32,-1.5300000000000002,-0.47999999999999954,1.6035273617871322
622,62.2,4.6,-4.8,6.44,-4.18,-1.8400000000000007,-0.6200000000000001,1.9416487838947607
623,62.3,4.6,-4.8,6.2,-4.42,-1.6000000000000005,-0.3799999999999999,1.6445060048537379
624,62.4,4.6,-4.8,6.46,-4.62,-1.8600000000000003,-0.17999999999999972,1.8686893802876927
625,62.5,4.6,-4.8,6.67,-4.36,-2.0700000000000003,-0.4399999999999995,2.116246677492962
626,62.6,4.6,-4.8,6.95,-4.19,-2.3500000000000005,-0.6099999999999994,2.427879733429974
627,62.7,4.6,-4.8,7.16,-4.45,-2.5600000000000005,-0.34999999999999964,2.5838150088580263
628,62.8,4.6,-4.8,7.02,-4.74,-2.42,-0.05999999999999961,2.420743687382041
629,62.9,4.6,-4.8,6.92,-4.42,-2.3200000000000003,-0.3799999999999999,2.350914715594762
630,63.0,4.8,-4.819999999999999,6.63,-4.27,-1.83,-0.5499999999999998,1.910863679072895
631,63.1,4.6,-4.8,6.82,-4.54,-2.2200000000000006,-0.2599999999999998,2.2351733713517623
632,63.2,4.6,-4.8,6.87,-4.87,-2.2700000000000005,0.07000000000000028,2.2710790386950435
633,63.3,4.6,-4.8,7.14,-4.68,-2.54,-0.1200000000000001,2.5428330656966063
634,63.4,4.6,-4.8,6.83,-4.81,-2.2300000000000004,0.009999999999999787,2.2300224214119466
635,63.5,4.6,-4.8,6.95,-4.5,-2.3500000000000005,-0.2999999999999998,2.3690715480964273
636,63.6,4.6,-4.8,7.27,-4.4,-2.67,-0.39999999999999947,2.69979628861142
637,63.7,4.6,-4.8,7.6,-4.43,-3.0,-0.3700000000000001,3.022730553655089
638,63.8,4.6,-4.8,7.5,-4.11,-2.9000000000000004,-0.6899999999999995,2.980956222422597
639,63.9,4.6,-4.8,7.66,-3.83,-3.0600000000000005,-0.9699999999999998,3.2100623046912973
640,64.0,4.7,-4.86,7.4,-3.63,-2.7,-1.2300000000000004,2.966968149475151
641,64.1,4.6,-4.8,7.73,-3.59,-3.130000000000001,-1.21,3.3557413487931402
642,64.2,4.6,-4.8,8.06,-3.59,-3.460000000000001,-1.21,3.6654740484690387
643,64.3,4.6,-4.8,8.22,-3.3,-3.620000000000001,-1.5,3.9184690888151725
644,64.4,4.6,-4.8,8.41,-3.02,-3.8100000000000005,-1.7799999999999998,4.205294282211413
645,64.5,4.6,-4.8,8.59,-3.3,-3.99,-1.5,4.262640027025506
646,64.6,4.6,-4.8,8.54,-2.97,-3.9399999999999995,-1.8299999999999996,4.344249072049161
647,64.7,4.6,-4.8,8.31,-2.74,-3.710000000000001,-2.0599999999999996,4.243548043795428
648,64.8,4.6,-4.8,8.64,-2.79,-4.040000000000001,-2.01,4.5123940430773555
649,64.9,4.6,-4.8,8.76,-3.1,-4.16,-1.6999999999999997,4.493951490614913
650,65.0,4.8,-4.779999999999999,9.08,-3.0,-4.28,-1.7799999999999994,4.63538563660026
651,65.1,5.26,-4.720000000000001,9.21,-3.3,-3.950000000000001,-1.4200000000000008,4.197487343637859
652,65.2,5.2,-4.7,9.0,-3.56,-3.8,-1.1400000000000001,3.967316473386009
653,65.3,5.32,-4.56,8.75,-3.34,-3.4299999999999997,-1.2199999999999998,3.640508206281095
654,65.4,5.5200000000000005,-4.74,8.85,-3.02,-3.329999999999999,-1.7200000000000002,3.747972785386788
655,65.5,5.5,-4.7,8.72,-3.33,-3.2200000000000006,-1.37,3.499328507013882
656,65.6,5.6,-4.3,8.99,-3.14,-3.3900000000000006,-1.1599999999999997,3.5829736253564586
657,65.7,5.6,-4.3,9.11,-3.45,-3.51,-0.8499999999999996,3.6114540008146303
658,65.8,5.6,-4.3,8.87,-3.21,-3.2699999999999996,-1.0899999999999999,3.446882649583533
659,65.9,5.9,-4.2,8.91,-3.54,-3.01,-0.6600000000000001,3.0815093704222285
660,66.0,5.74,-4.36,9.01,-3.86,-3.2699999999999996,-0.5000000000000004,3.308005441349817
661,66.1,6.0200000000000005,-4.08,9.3,-4.03,-3.2800000000000002,-0.04999999999999982,3.2803810754240126
662,66.2,6.0200000000000005,-4.08,9.33,-3.7,-3.3099999999999996,-0.3799999999999999,3.3317412864746863
663,66.3,6.0200000000000005,-4.06,9.56,-3.46,-3.54,-0.5999999999999996,3.5904874320905233
664,66.4,6.0200000000000005,-4.06,9.81,-3.24,-3.79,-0.8199999999999994,3.8776926128820475
665,66.5,6.04,-4.02,9.48,-3.21,-3.4400000000000004,-0.8099999999999996,3.534076965771968
666,66.6,6.04,-4.04,9.28,-2.94,-3.2399999999999993,-1.1,3.421637035104687
667,66.7,6.04,-4.02,8.99,-3.1,-2.95,-0.9199999999999995,3.0901294471267704
668,66.8,6.2,-3.7,8.68,-2.96,-2.4799999999999995,-0.7400000000000002,2.588049458569136
669,66.9,6.24,-3.7,8.43,-2.74,-2.1899999999999995,-0.96,2.391171261118701
670,67.0,6.24,-3.9,8.46,-3.07,-2.2200000000000006,-0.8300000000000001,2.37008438668331
671,67.1,6.720000000000001,-3.7600000000000002,8.24,-3.32,-1.5199999999999996,-0.4400000000000004,1.5824032355881983
672,67.2,6.8,-3.62,8.49,-3.11,-1.6900000000000004,-0.5100000000000002,1.7652761823578773
673,67.3,6.8,-3.6,8.82,-3.18,-2.0200000000000005,-0.41999999999999993,2.063201395889408
674,67.4,6.8,-3.6,8.62,-3.44,-1.8199999999999994,-0.16000000000000014,1.8270194306574843
675,67.5,6.8,-3.6,8.35,-3.64,-1.5499999999999998,0.040000000000000036,1.5505160431288671
676,67.6,7.040000000000001,-3.6,8.05,-3.79,-1.0099999999999998,0.18999999999999995,1.0277159140540735
677,67.7,7.2,-3.62,8.28,-4.03,-1.0799999999999992,0.41000000000000014,1.1552056094046628
678,67.8,7.2,-3.6,8.57,-4.2,-1.37,0.6000000000000001,1.4956269588369957
679,67.9,7.2,-3.6,8.62,-4.53,-1.419999999999999,0.9300000000000002,1.6974392478082971
680,68.0,7.08,-3.66,8.74,-4.84,-1.6600000000000001,1.1799999999999997,2.0366639388961545
681,68.1,7.2,-3.6,8.61,-4.53,-1.4099999999999993,0.9300000000000002,1.6890825912311092
682,68.2,7.2,-3.6,8.93,-4.43,-1.7299999999999995,0.8299999999999996,1.9188017094009473
683,68.3,7.2,-3.6,8.79,-4.73,-1.589999999999999,1.1300000000000003,1.9506409203131154
684,68.4,7.2,-3.6,9.04,-4.51,-1.839999999999999,0.9099999999999997,2.0527298896834907
685,68.5,7.2,-3.6,9.07,-4.18,-1.87,0.5799999999999996,1.9578815081613086
686,68.6,7.2,-3.6,9.4,-4.13,-2.2,0.5299999999999998,2.2629405648403584
687,68.7,7.2,-3.6,9.67,-4.33,-2.4699999999999998,0.73,2.5756164310704337
688,68.8,7.2,-3.6,9.42,-4.55,-2.2199999999999998,0.9499999999999997,2.4147256572952545
689,68.9,7.2,-3.6,9.42,-4.21,-2.2199999999999998,0.6099999999999999,2.302281477143922
690,69.0,7.279999999999999,-3.78,9.35,-3.89,-2.0700000000000003,0.11000000000000032,2.072920644887305
691,69.1,7.2,-3.6,9.55,-4.16,-2.3500000000000005,0.56,2.4158021442162854
692,69.2,7.2,-3.6,9.25,-4.01,-2.05,0.4099999999999997,2.0905980005730416
693,69.3,7.2,-3.6,9.25,-3.67,-2.05,0.06999999999999984,2.0511947737842937
694,69.4,7.2,-3.6,9.33,-4.0,-2.13,0.3999999999999999,2.1672332592501435
695,69.5,7.2,-3.6,9.52,-3.72,-2.3199999999999994,0.1200000000000001,2.323101375317056
696,69.6,7.2,-3.6,9.38,-4.03,-2.1800000000000006,0.43000000000000016,2.2220036003571195
697,69.7,7.2,-3.6,9.7,-3.94,-2.499999999999999,0.33999999999999986,2.5230140705116955
698,69.8,7.2,-3.6,9.83,-3.63,-2.63,0.029999999999999805,2.6301710970961563
699,69.9,7.2,-3.6,10.15,-3.54,-2.95,-0.06000000000000005,2.9506101064017254
700,70.0,7.3,-3.7399999999999998,9.8,-3.46,-2.500000000000001,-0.2799999999999998,2.5156311335328962
701,70.1,7.44,-3.38,9.7,-3.14,-2.259999999999999,-0.23999999999999977,2.2727076362788057
702,70.2,7.6,-3.28,9.98,-2.97,-2.380000000000001,-0.3099999999999996,2.4001041644062044
703,70.3,7.6,-3.3,10.17,-3.25,-2.5700000000000003,-0.04999999999999982,2.5704863353069984
704,70.4,7.6,-3.3,9.71,-3.51,-2.110000000000001,0.20999999999999996,2.1204244858046715
705,70.5,7.82,-3.54,10.01,-3.38,-2.1899999999999995,-0.16000000000000014,2.1958369702689673
706,70.6,7.840000000000001,-3.5,9.14,-3.64,-1.2999999999999998,0.14000000000000012,1.3075167302944921
707,70.7,8.02,-3.56,8.91,-3.89,-0.8900000000000006,0.33000000000000007,0.9492101980067434
708,70.8,8.12,-3.78,8.82,-3.57,-0.7000000000000011,-0.20999999999999996,0.7308214556237395
709,70.9,8.239999999999998,-3.7399999999999998,9.11,-3.74,-0.870000000000001,4.440892098500626e-16,0.870000000000001
710,71.0,8.059999999999999,-3.62,9.44,-3.79,-1.3800000000000008,0.16999999999999993,1.3904315876734108
711,71.1,8.2,-3.7,9.25,-4.06,-1.0500000000000007,0.35999999999999943,1.1100000000000005
712,71.2,8.2,-3.7,9.19,-3.74,-0.9900000000000002,0.040000000000000036,0.9908077512817511
713,71.3,8.2,-3.7,9.47,-3.92,-1.2700000000000014,0.21999999999999975,1.288914271780712
714,71.4,8.2,-3.7,9.74,-4.11,-1.540000000000001,0.41000000000000014,1.593643623900903
715,71.5,8.2,-3.7,9.43,-4.23,-1.2300000000000004,0.5300000000000002,1.3393281898026344
716,71.6,8.2,-3.7,9.69,-4.44,-1.4900000000000002,0.7400000000000002,1.6636405861844081
717,71.7,8.2,-3.7,9.39,-4.59,-1.1900000000000013,0.8899999999999997,1.4860013458944115
718,71.8,8.2,-3.7,9.32,-4.92,-1.120000000000001,1.2199999999999998,1.6561400906928139
719,71.9,8.2,-3.7,9.05,-4.72,-0.8500000000000014,1.0199999999999996,1.3277424449041317
720,72.0,8.28,-3.72,9.29,-4.48,-1.0099999999999998,0.7600000000000002,1.2640015822774906
721,72.1,8.2,-3.7,9.13,-4.19,-0.9300000000000015,0.4900000000000002,1.0511898020814334
722,72.2,8.2,-3.7,9.06,-4.51,-0.8600000000000012,0.8099999999999996,1.1813974775662937
723,72.3,8.2,-3.7,9.29,-4.27,-1.0899999999999999,0.5699999999999994,1.230040649734796
724,72.4,8.7,-4.0200000000000005,9.06,-4.03,-0.3600000000000012,0.009999999999999787,0.36013886210738333
725,72.5,8.719999999999999,-4.14,9.33,-4.23,-0.6100000000000012,0.09000000000000075,0.6166036003787212
726,72.6,8.7,-4.1,9.66,-4.16,-0.9600000000000009,0.0600000000000005,0.9618731725128847
727,72.7,8.7,-4.1,9.58,-3.83,-0.8800000000000008,-0.2699999999999996,0.9204890004774643
728,72.8,8.7,-4.1,9.89,-3.7,-1.1900000000000013,-0.39999999999999947,1.2554282137979864
729,72.9,8.7,-4.1,9.63,-3.5,-0.9300000000000015,-0.5999999999999996,1.106752004741804
730,73.0,8.74,-4.08,9.7,-3.82,-0.9599999999999991,-0.26000000000000023,0.9945853407325076
731,73.1,8.7,-4.1,9.61,-4.14,-0.9100000000000001,0.040000000000000036,0.9108786966440704
732,73.2,8.7,-4.1,9.69,-3.82,-0.9900000000000002,-0.2799999999999998,1.0288342918079667
733,73.3,8.7,-4.1,10.01,-3.72,-1.3100000000000005,-0.37999999999999945,1.364001466274872
734,73.4,8.7,-4.1,9.12,-3.47,-0.41999999999999993,-0.6299999999999994,0.7571657678474373
735,73.5,8.7,-4.1,9.45,-3.42,-0.75,-0.6799999999999997,1.0123734488813896
736,73.6,8.7,-4.1,9.3,-3.72,-0.6000000000000014,-0.37999999999999945,0.7102112361825891
737,73.7,8.7,-4.1,8.97,-3.77,-0.27000000000000135,-0.3299999999999996,0.4263801121065574
738,73.8,8.9,-3.7600000000000002,8.85,-4.09,0.05000000000000071,0.3299999999999996,0.33376638536557246
739,73.9,8.9,-3.8,8.95,-3.77,-0.049999999999998934,-0.029999999999999805,0.05830951894845199
740,74.0,8.9,-3.9199999999999995,8.81,-3.46,0.08999999999999986,-0.4599999999999995,0.4687216658103181
741,74.1,8.9,-3.8,9.06,-3.24,-0.16000000000000014,-0.5599999999999996,0.5824087911424412
742,74.2,8.9,-3.8,8.81,-3.01,0.08999999999999986,-0.79,0.7951100552753688
743,74.3,8.9,-3.8,8.56,-3.23,0.33999999999999986,-0.5699999999999998,0.6637017402418045
744,74.4,8.9,-3.8,8.24,-3.14,0.6600000000000001,-0.6599999999999997,0.9333809511662426
745,74.5,8.9,-3.8,8.06,-3.43,0.8399999999999999,-0.36999999999999966,0.9178779875342907
746,74.6,8.9,-3.8,8.37,-3.55,0.5300000000000011,-0.25,0.5860034129593454
747,74.7,8.9,-3.8,8.4,-3.22,0.5,-0.5799999999999996,0.7657675887630656
748,74.8,8.9,-3.8,8.16,-3.45,0.7400000000000002,-0.34999999999999964,0.8185963596303125
749,74.9,8.9,-3.8,8.05,-3.13,0.8499999999999996,-0.6699999999999999,1.0823123393919147
750,75.0,8.76,-3.8200000000000003,7.73,-3.22,1.0299999999999994,-0.6000000000000001,1.1920151005754913
751,75.1,8.459999999999999,-3.7399999999999998,8.06,-3.28,0.3999999999999986,-0.45999999999999996,0.6095900261651258
752,75.2,8.62,-3.4200000000000004,7.98,-3.6,0.6399999999999988,0.17999999999999972,0.6648308055437853
753,75.3,8.2,-3.6,7.69,-3.44,0.5099999999999989,-0.16000000000000014,0.5345091205957098
754,75.4,8.2,-3.6,7.59,-3.12,0.6099999999999994,-0.48,0.7762087348130008
755,75.5,8.2,-3.6,7.34,-2.9,0.8599999999999994,-0.7000000000000002,1.1088733020503285
756,75.6,8.2,-3.6,7.63,-2.74,0.5699999999999994,-0.8599999999999999,1.0317460927960906
757,75.7,8.2,-3.6,7.89,-2.52,0.3099999999999996,-1.08,1.1236102527122116
758,75.8,8.2,-3.6,7.56,-2.46,0.6399999999999997,-1.1400000000000001,1.3073637596323373
759,75.9,8.2,-3.6,7.37,-2.74,0.8299999999999992,-0.8599999999999999,1.1951987282456413
760,76.0,8.260000000000002,-3.5799999999999996,7.69,-2.66,0.5700000000000012,-0.9199999999999995,1.0822661410207752
761,76.1,8.2,-3.6,7.83,-2.96,0.3699999999999992,-0.6400000000000001,0.7392563831310485
762,76.2,8.2,-3.6,7.68,-2.67,0.5199999999999996,-0.9300000000000002,1.0655045753069294
763,76.3,8.2,-3.6,7.71,-3.0,0.4899999999999993,-0.6000000000000001,0.7746612162745721
764,76.4,8.2,-3.6,7.45,-2.79,0.7499999999999991,-0.81,1.1039021695784454
765,76.5,8.2,-3.6,7.7,-2.58,0.4999999999999991,-1.02,1.1359577456930336
766,76.6,8.2,-3.6,7.52,-2.3,0.6799999999999997,-1.3000000000000003,1.4671059948074645
767,76.7,8.2,-3.6,7.75,-2.05,0.4499999999999993,-1.5500000000000003,1.6140012391568972
768,76.8,8.2,-3.6,8.01,-1.85,0.1899999999999995,-1.75,1.760284067984483
769,76.9,8.2,-3.6,8.19,-2.14,0.009999999999999787,-1.46,1.4600342461736984
770,77.0,8.120000000000001,-3.5799999999999996,8.01,-2.41,0.11000000000000121,-1.1699999999999995,1.1751595636338068
771,77.1,8.2,-3.6,7.69,-2.3,0.5099999999999989,-1.3000000000000003,1.3964598096615597
772,77.2,8.2,-3.6,7.94,-2.08,0.2599999999999989,-1.52,1.5420765220960986
773,77.3,8.2,-3.6,8.19,-2.31,0.009999999999999787,-1.29,1.2900387591076479
774,77.4,8.2,-3.6,8.14,-2.64,0.05999999999999872,-0.96,0.9618731725128837
775,77.5,8.2,-3.6,8.38,-2.87,-0.1800000000000015,-0.73,0.751864349467376
776,77.6,8.2,-3.6,8.54,-2.57,-0.33999999999999986,-1.0300000000000002,1.0846658471621573
777,77.7,8.2,-3.6,8.41,-2.88,-0.21000000000000085,-0.7200000000000002,0.7500000000000004
778,77.8,8.2,-3.6,8.08,-2.94,0.11999999999999922,-0.6600000000000001,0.6708203932499369
779,77.9,8.2,-3.6,7.77,-3.07,0.4299999999999997,-0.5300000000000002,0.6824954212300621
780,78.0,8.22,-3.5799999999999996,8.1,-3.13,0.120000000000001,-0.44999999999999973,0.4657252408878007
781,78.1,8.2,-3.6,7.83,-3.33,0.3699999999999992,-0.27,0.45803929962395085
782,78.2,8.2,-3.6,7.5,-3.38,0.6999999999999993,-0.2200000000000002,0.7337574531137651
783,78.3,8.2,-3.6,7.38,-3.69,0.8199999999999994,0.08999999999999986,0.8249242389456131
784,78.4,8.2,-3.6,7.27,-4.0,0.9299999999999997,0.3999999999999999,1.0123734488813894
785,78.5,8.2,-3.6,7.6,-4.07,0.5999999999999996,0.4700000000000002,0.7621679604916489
786,78.6,8.2,-3.6,7.32,-4.26,0.879999999999999,0.6599999999999997,1.099999999999999
787,78.7,8.2,-3.6,7.52,-3.99,0.6799999999999997,0.3900000000000001,0.7839005038906403
788,78.8,8.2,-3.6,7.71,-4.27,0.4899999999999993,0.6699999999999995,0.8300602387778845
789,78.9,8.2,-3.6,7.91,-4.54,0.28999999999999915,0.94,0.9837174391053558
790,79.0,8.2,-3.6799999999999997,7.67,-4.77,0.5299999999999994,1.0899999999999999,1.2120231020900547
791,79.1,8.2,-3.6,7.7,-4.44,0.4999999999999991,0.8400000000000003,0.9775479527879948
792,79.2,8.2,-3.6,7.36,-4.45,0.839999999999999,0.8500000000000001,1.1950313803411183
793,79.3,8.2,-3.6,7.61,-4.67,0.589999999999999,1.0699999999999998,1.2218837915284737
794,79.4,8.2,-3.6,7.87,-4.88,0.3299999999999992,1.2799999999999998,1.3218547575282236
795,79.5,8.2,-3.6,7.92,-5.21,0.27999999999999936,1.6099999999999999,1.634166454190025
796,79.6,8.2,-3.6,8.13,-5.47,0.06999999999999851,1.8699999999999997,1.8713097017864249
797,79.7,8.2,-3.6,8.3,-5.18,-0.10000000000000142,1.5799999999999996,1.5831613941730638
798,79.8,8.2,-3.6,8.16,-4.88,0.03999999999999915,1.2799999999999998,1.2806248474865694
799,79.9,8.2,-3.6,8.49,-4.86,-0.2900000000000009,1.2600000000000002,1.2929423807734053
800,80.0,8.219999999999999,-3.8,8.81,-4.95,-0.5900000000000016,1.1500000000000004,1.2925169244539905
801,80.1,8.2,-4.24,8.69,-4.64,-0.4900000000000002,0.39999999999999947,0.6325345840347386
802,80.2,8.18,-4.46,8.52,-4.93,-0.33999999999999986,0.46999999999999975,0.5800862004909267
803,80.3,8.1,-4.7,8.64,-5.24,-0.5400000000000009,0.54,0.7636753236814721
804,80.4,8.1,-4.7,8.42,-5.49,-0.3200000000000003,0.79,0.8523496934944016
805,80.5,8.1,-4.7,8.18,-5.71,-0.08000000000000007,1.0099999999999998,1.0131633629380798
806,80.6,8.1,-4.7,8.4,-5.96,-0.3000000000000007,1.2599999999999998,1.2952219886953742
807,80.7,8.1,-4.7,8.62,-5.71,-0.5199999999999996,1.0099999999999998,1.1360017605620156
808,80.8,8.1,-4.7,8.61,-6.05,-0.5099999999999998,1.3499999999999996,1.443121616496683
809,80.9,8.1,-4.7,8.29,-5.98,-0.1899999999999995,1.2800000000000002,1.2940247292845684
810,81.0,8.120000000000001,-4.68,8.59,-6.11,-0.46999999999999886,1.4300000000000006,1.5052574530624323
811,81.1,8.1,-4.7,8.26,-6.12,-0.16000000000000014,1.42,1.4289856542317
812,81.2,8.1,-4.7,8.44,-5.84,-0.33999999999999986,1.1399999999999997,1.1896217886370437
813,81.3,8.1,-4.7,8.22,-5.58,-0.120000000000001,0.8799999999999999,0.8881441324469808
814,81.4,8.1,-4.7,7.89,-5.54,0.20999999999999996,0.8399999999999999,0.8658521813797087
815,81.5,8.1,-4.7,7.61,-5.72,0.4899999999999993,1.0199999999999996,1.1315917991926234
816,81.6,8.1,-4.7,7.28,-5.67,0.8199999999999994,0.9699999999999998,1.2701574705523715
817,81.7,8.1,-4.7,6.98,-5.54,1.1199999999999992,0.8399999999999999,1.3999999999999992
818,81.8,8.1,-4.7,7.21,-5.78,0.8899999999999997,1.08,1.3994641831786905
819,81.9,8.1,-4.7,7.47,-5.58,0.6299999999999999,0.8799999999999999,1.0822661410207748
820,82.0,8.059999999999999,-4.86,7.76,-5.41,0.29999999999999893,0.5499999999999998,0.6264982043070827
821,82.1,7.88,-5.24,7.43,-5.43,0.4500000000000002,0.1899999999999995,0.4884669896727925
822,82.2,7.88,-5.26,7.73,-5.29,0.14999999999999947,0.03000000000000025,0.15297058540778308
823,82.3,7.94,-5.32,7.68,-5.62,0.2600000000000007,0.2999999999999998,0.3969886648255845
824,82.4,7.9,-5.3,7.39,-5.79,0.5100000000000007,0.4900000000000002,0.7072481884034776
825,82.5,7.9,-5.3,7.31,-5.47,0.5900000000000007,0.16999999999999993,0.6140032573203508
826,82.6,7.9,-5.3,7.4,-5.15,0.5,-0.14999999999999947,0.5220153254455274
827,82.7,7.9,-5.3,7.14,-5.35,0.7600000000000007,0.04999999999999982,0.7616429609731852
828,82.8,7.9,-5.3,7.32,-5.63,0.5800000000000001,0.33000000000000007,0.667308024828115
829,82.9,7.9,-5.3,7.15,-5.91,0.75,0.6100000000000003,0.9667471230885564
830,83.0,7.88,-5.38,7.41,-6.11,0.46999999999999975,0.7300000000000004,0.8682165628459297
831,83.1,7.9,-5.3,7.72,-6.22,0.1800000000000006,0.9199999999999999,0.9374433316206372
832,83.2,7.9,-5.3,8.0,-6.04,-0.09999999999999964,0.7400000000000002,0.7467261881037789
833,83.3,7.9,-5.3,8.33,-6.06,-0.4299999999999997,0.7599999999999998,0.8732124598286487
834,83.4,7.9,-5.3,8.02,-5.93,-0.11999999999999922,0.6299999999999999,0.6413267497929582
835,83.5,7.9,-5.3,8.29,-6.13,-0.3899999999999988,0.8300000000000001,0.9170605214488295
836,83.6,7.9,-5.3,7.96,-6.08,-0.05999999999999961,0.7800000000000002,0.782304288624318
837,83.7,7.9,-5.3,8.19,-6.33,-0.28999999999999915,1.0300000000000002,1.0700467279516348
838,83.8,7.9,-5.3,8.04,-6.03,-0.1399999999999988,0.7300000000000004,0.7433034373659254
839,83.9,7.9,-5.3,7.9,-6.33,0.0,1.0300000000000002,1.0300000000000002
840,84.0,7.8199999999999985,-5.42,8.05,-6.04,-0.2300000000000022,0.6200000000000001,0.6612866246946184
841,84.1,7.9,-5.3,7.74,-6.14,0.16000000000000014,0.8399999999999999,0.8551023330572779
842,84.2,7.9,-5.3,8.07,-6.17,-0.16999999999999993,0.8700000000000001,0.8864536084872124
843,84.3,7.9,-5.3,7.75,-6.08,0.15000000000000036,0.7800000000000002,0.7942921376924239
844,84.4,7.9,-5.3,8.03,-6.26,-0.129999999999999,0.96,0.9687620966986682
845,84.5,7.9,-5.3,8.29,-6.06,-0.3899999999999988,0.7599999999999998,0.8542247947700878
846,84.6,7.9,-5.3,7.99,-5.91,-0.08999999999999986,0.6100000000000003,0.6166036003787201
847,84.7,7.9,-5.3,8.19,-5.64,-0.28999999999999915,0.33999999999999986,0.4468780594300859
848,84.8,7.9,-5.3,7.88,-5.75,0.020000000000000462,0.4500000000000002,0.4504442251822085
849,84.9,7.9,-5.3,7.95,-6.08,-0.04999999999999982,0.7800000000000002,0.7816009211867655
850,85.0,7.959999999999999,-5.46,8.28,-6.05,-0.3200000000000003,0.5899999999999999,0.6711929677819933
851,85.1,7.88,-5.92,8.51,-6.29,-0.6299999999999999,0.3700000000000001,0.7306161783043131
852,85.2,7.9,-5.9,8.77,-6.5,-0.8699999999999992,0.5999999999999996,1.0568348972285113
853,85.3,7.9,-5.9,8.81,-6.17,-0.9100000000000001,0.2699999999999996,0.9492101980067429
854,85.4,7.9,-5.9,8.94,-5.86,-1.0399999999999991,-0.040000000000000036,1.040768946500614
855,85.5,7.9,-5.9,8.61,-5.88,-0.7099999999999991,-0.020000000000000462,0.7102816342831896
856,85.6,7.9,-5.9,8.93,-5.99,-1.0299999999999994,0.08999999999999986,1.033924562045026
857,85.7,7.9,-5.9,8.62,-5.87,-0.7199999999999989,-0.03000000000000025,0.7206247289678578
858,85.8,7.9,-5.9,8.3,-5.75,-0.40000000000000036,-0.15000000000000036,0.427200187265877
859,85.9,7.9,-5.9,8.27,-5.41,-0.3699999999999992,-0.4900000000000002,0.6140032573203498
860,86.0,7.94,-5.86,8.38,-5.1,-0.4400000000000004,-0.7600000000000007,0.8781799360040067
861,86.1,7.9,-5.9,8.26,-4.79,-0.35999999999999943,-1.1100000000000003,1.1669190203266036
862,86.2,7.9,-5.9,8.28,-4.46,-0.379999999999999,-1.4400000000000004,1.4892951352905173
863,86.3,7.9,-5.9,8.6,-4.56,-0.6999999999999993,-1.3400000000000007,1.511820095117141
864,86.4,7.9,-5.9,8.92,-4.47,-1.0199999999999996,-1.4300000000000006,1.7565022060902744
865,86.5,7.9,-5.9,8.68,-4.7,-0.7799999999999994,-1.2000000000000002,1.4312232530251874
866,86.6,7.9,-5.9,8.37,-4.83,-0.46999999999999886,-1.0700000000000003,1.1686744627996282
867,86.7,7.9,-5.9,8.26,-4.52,-0.35999999999999943,-1.3800000000000008,1.4261837188805662
868,86.8,7.9,-5.9,8.09,-4.81,-0.1899999999999995,-1.0900000000000007,1.106435718873899
869,86.9,7.9,-5.9,8.26,-5.1,-0.35999999999999943,-0.8000000000000007,0.8772684879784528
870,87.0,7.9,-5.88,8.43,-4.81,-0.5299999999999994,-1.0700000000000003,1.1940686747419513
871,87.1,7.9,-5.9,8.14,-4.97,-0.2400000000000002,-0.9300000000000006,0.9604686356149279
872,87.2,7.9,-5.9,7.9,-5.2,0.0,-0.7000000000000002,0.7000000000000002
873,87.3,7.9,-5.9,7.94,-5.53,-0.040000000000000036,-0.3700000000000001,0.37215588131856797
874,87.4,7.9,-5.9,8.28,-5.55,-0.379999999999999,-0.35000000000000053,0.5166236541235792
875,87.5,7.9,-5.9,8.55,-5.36,-0.6500000000000004,-0.54,0.8450443775329202
876,87.6,7.9,-5.9,8.5,-5.03,-0.5999999999999996,-0.8700000000000001,1.0568348972285122
877,87.7,7.9,-5.9,8.83,-5.01,-0.9299999999999997,-0.8900000000000006,1.287245120402482
878,87.8,7.9,-5.9,8.82,-5.35,-0.9199999999999999,-0.5500000000000007,1.0718675291284836
879,87.9,7.9,-5.9,8.72,-5.66,-0.8200000000000003,-0.2400000000000002,0.8544003745317534
880,88.0,7.959999999999999,-5.88,9.02,-5.51,-1.0600000000000005,-0.3700000000000001,1.1227199116431494
881,88.1,7.9,-5.9,9.25,-5.28,-1.3499999999999996,-0.6200000000000001,1.4855638660118249
882,88.2,7.9,-5.9,9.33,-5.61,-1.4299999999999997,-0.29000000000000004,1.4591093173576815
883,88.3,7.9,-5.9,9.47,-5.91,-1.5700000000000003,0.009999999999999787,1.5700318468107586
884,88.4,7.9,-5.9,9.16,-5.78,-1.2599999999999998,-0.1200000000000001,1.265701386583739
885,88.5,7.9,-5.9,9.42,-5.57,-1.5199999999999996,-0.33000000000000007,1.555409913816933
886,88.6,7.9,-5.9,9.6,-5.85,-1.6999999999999993,-0.05000000000000071,1.7007351351694941
887,88.7,7.9,-5.9,9.77,-5.56,-1.8699999999999992,-0.34000000000000075,1.9006577808748206
888,88.8,7.9,-5.9,9.66,-5.87,-1.7599999999999998,-0.03000000000000025,1.7602556632489497
889,88.9,7.9,-5.9,9.4,-5.67,-1.5,-0.23000000000000043,1.5175308893067054
890,89.0,7.959999999999999,-5.86,9.55,-5.96,-1.5900000000000016,0.09999999999999964,1.5931415505221138
891,89.1,7.9,-5.9,9.55,-6.29,-1.6500000000000004,0.3899999999999997,1.6954645381133753
892,89.2,7.9,-5.9,9.4,-6.59,-1.5,0.6899999999999995,1.6510905486980414
893,89.3,7.9,-5.9,9.43,-6.93,-1.5299999999999994,1.0299999999999994,1.844396920405149
894,89.4,7.9,-5.9,9.74,-7.05,-1.8399999999999999,1.1499999999999995,2.1698156603730183
895,89.5,7.9,-5.9,9.61,-7.35,-1.709999999999999,1.4499999999999993,2.242008028531565
896,89.6,7.9,-5.9,9.85,-7.12,-1.9499999999999993,1.2199999999999998,2.3001956438529305
897,89.7,7.9,-5.9,10.03,-7.41,-2.129999999999999,1.5099999999999998,2.6109385285755
898,89.8,7.9,-5.9,9.61,-7.18,-1.709999999999999,1.2799999999999994,2.1360009363293817
899,89.9,7.9,-5.9,9.83,-6.93,-1.9299999999999997,1.0299999999999994,2.1876471379086704
900,90.0,8.02,-5.9799999999999995,10.16,-7.0,-2.1400000000000006,1.0200000000000005,2.3706539182259405
901,90.1,8.2,-6.24,9.65,-7.29,-1.450000000000001,1.0499999999999998,1.7902513789968164
902,90.2,8.219999999999999,-6.460000000000001,9.88,-7.53,-1.660000000000002,1.0699999999999994,1.9749683541768475
903,90.3,8.2,-6.4,10.11,-7.77,-1.9100000000000001,1.3699999999999992,2.3505318547086316
904,90.4,8.2,-6.4,9.61,-7.48,-1.4100000000000001,1.08,1.7760912138738822
905,90.5,8.4,-6.62,9.94,-7.47,-1.5399999999999991,0.8499999999999996,1.7590054007876146
906,90.6,8.4,-6.6,10.06,-7.78,-1.6600000000000001,1.1800000000000006,2.036663938896155
907,90.7,8.4,-6.6,9.58,-8.05,-1.1799999999999997,1.450000000000001,1.869465164157921
908,90.8,8.4,-6.6,9.27,-8.17,-0.8699999999999992,1.5700000000000003,1.794937324811092
909,90.9,8.4,-6.6,9.24,-7.83,-0.8399999999999999,1.2300000000000004,1.4894629904767693
910,91.0,8.42,-6.74,8.99,-8.05,-0.5700000000000003,1.3100000000000005,1.4286357128393514
911,91.1,8.62,-6.94,9.23,-8.28,-0.6100000000000012,1.339999999999999,1.4723111084278344
912,91.2,8.6,-6.9,8.92,-8.4,-0.3200000000000003,1.5,1.5337535656030274
913,91.3,8.6,-6.9,8.59,-8.35,0.009999999999999787,1.4499999999999993,1.4500344823486089
914,91.4,8.84,-7.220000000000001,8.67,-8.02,0.16999999999999993,0.7999999999999989,0.8178630692236925
915,91.5,9.02,-7.3,8.37,-7.89,0.6500000000000004,0.5899999999999999,0.87783825389419
916,91.6,8.86,-7.32,8.1,-8.08,0.7599999999999998,0.7599999999999998,1.074802307403552
917,91.7,8.9,-7.3,7.82,-8.26,1.08,0.96,1.4449913494550755
918,91.8,8.9,-7.3,8.07,-8.04,0.8300000000000001,0.7399999999999993,1.1119802156513392
919,91.9,8.9,-7.3,7.74,-8.01,1.1600000000000001,0.71,1.3600367642089681
920,92.0,8.82,-7.26,7.67,-7.68,1.1500000000000004,0.41999999999999993,1.2242957159118057
921,92.1,8.9,-7.3,7.45,-7.93,1.4500000000000002,0.6299999999999999,1.5809490820390137
922,92.2,8.9,-7.3,7.68,-7.69,1.2200000000000006,0.39000000000000057,1.2808200498118392
923,92.3,8.9,-7.3,7.96,-7.87,0.9400000000000004,0.5700000000000003,1.0993179703798173
924,92.4,8.5,-7.6,7.99,-7.54,0.5099999999999998,-0.05999999999999961,0.5135172830587104
925,92.5,8.459999999999999,-7.62,8.3,-7.64,0.15999999999999837,0.019999999999999574,0.16124515496596933
926,92.6,8.260000000000002,-7.74,8.62,-7.75,-0.35999999999999766,0.009999999999999787,0.3601388621073798
927,92.7,8.280000000000001,-7.720000000000001,8.34,-7.94,-0.05999999999999872,0.21999999999999975,0.228035085019827
928,92.8,8.260000000000002,-7.779999999999999,8.02,-8.03,0.240000000000002,0.25,0.34655446902327053
929,92.9,8.1,-8.1,8.33,-7.9,-0.23000000000000043,-0.1999999999999993,0.3047950130825633
930,93.0,8.4,-7.88,8.39,-8.23,0.009999999999999787,0.35000000000000053,0.35014282800023244
931,93.1,8.42,-7.9799999999999995,8.12,-8.43,0.3000000000000007,0.4500000000000002,0.540832691319599
932,93.2,8.2,-8.4,7.92,-8.17,0.27999999999999936,-0.23000000000000043,0.36235341863986853
933,93.3,8.2,-8.4,7.65,-8.36,0.5499999999999989,-0.040000000000000924,0.5514526271584885
934,93.4,8.2,-8.4,7.4,-8.14,0.7999999999999989,-0.2599999999999998,0.8411896337925225
935,93.5,8.2,-8.4,7.65,-7.92,0.5499999999999989,-0.4800000000000004,0.7299999999999995
936,93.6,8.2,-8.4,7.82,-7.63,0.379999999999999,-0.7700000000000005,0.8586617494683224
937,93.7,8.2,-8.4,7.57,-7.42,0.629999999999999,-0.9800000000000004,1.1650321883965264
938,93.8,8.2,-8.4,7.24,-7.5,0.9599999999999991,-0.9000000000000004,1.3159027319676782
939,93.9,8.2,-8.4,6.94,-7.63,1.259999999999999,-0.7700000000000005,1.4766516176810285
940,94.0,8.16,-8.4,7.27,-7.66,0.8900000000000006,-0.7400000000000002,1.1574541027617473
941,94.1,8.9,-7.3,7.27,-7.33,1.6300000000000008,0.03000000000000025,1.630276050244253
942,94.2,8.9,-7.3,6.94,-7.25,1.96,-0.04999999999999982,1.9606376513777348
943,94.3,8.9,-7.3,6.87,-7.58,2.0300000000000002,0.28000000000000025,2.049219363562623
944,94.4,8.9,-7.3,6.78,-7.9,2.12,0.6000000000000005,2.203270296627266
945,94.5,8.9,-7.3,6.83,-8.22,2.0700000000000003,0.9200000000000008,2.265237294413105
946,94.6,8.9,-7.3,7.09,-8.02,1.8100000000000005,0.7199999999999998,1.9479476378999518
947,94.7,8.9,-7.3,7.0,-8.34,1.9000000000000004,1.04,2.1660101569475616
948,94.8,8.9,-7.3,6.69,-8.22,2.21,0.9200000000000008,2.393846277437213
949,94.9,8.9,-7.3,6.86,-8.5,2.04,1.2000000000000002,2.3667699507979223
950,95.0,8.66,-7.5,7.11,-8.73,1.5499999999999998,1.2300000000000004,1.9787369708983558
951,95.1,8.1,-7.62,7.39,-8.91,0.71,1.29,1.4724808997063425
952,95.2,8.08,-7.74,7.72,-8.9,0.3600000000000003,1.1600000000000001,1.2145781160551183
953,95.3,7.959999999999999,-7.9,7.51,-9.16,0.4499999999999993,1.2599999999999998,1.337946187258665
954,95.4,7.959999999999999,-7.9,7.72,-9.42,0.23999999999999932,1.5199999999999996,1.5388307249337072
955,95.5,8.0,-7.9,7.76,-9.75,0.2400000000000002,1.8499999999999996,1.8655026132385875
956,95.6,8.0,-7.9,7.52,-9.51,0.4800000000000004,1.6099999999999994,1.6800297616411437
957,95.7,8.0,-7.9,7.51,-9.85,0.4900000000000002,1.9499999999999993,2.010621794371084
958,95.8,8.0,-7.9,7.34,-9.56,0.6600000000000001,1.6600000000000001,1.7863930138690087
959,95.9,8.0,-7.9,7.04,-9.42,0.96,1.5199999999999996,1.7977764043395381
960,96.0,8.02,-7.919999999999999,7.35,-9.53,0.6699999999999999,1.6100000000000003,1.7438463235044541
961,96.1,8.0,-7.9,7.23,-9.84,0.7699999999999996,1.9399999999999995,2.0872230355187242
962,96.2,8.0,-7.9,7.33,-9.52,0.6699999999999999,1.6199999999999992,1.7530829986055987
963,96.3,8.0,-7.9,7.61,-9.34,0.3899999999999997,1.4399999999999995,1.4918780110987622
964,96.4,8.0,-7.9,7.29,-9.42,0.71,1.5199999999999996,1.6776471619503306
965,96.5,8.0,-7.9,7.27,-9.75,0.7300000000000004,1.8499999999999996,1.9888187448835049
966,96.6,8.0,-7.9,7.53,-9.54,0.46999999999999975,1.6399999999999988,1.7060187572239631
967,96.7,8.0,-7.9,7.27,-9.75,0.7300000000000004,1.8499999999999996,1.9888187448835049
968,96.8,8.0,-7.9,7.01,-9.96,0.9900000000000002,2.0600000000000005,2.2855415113272395
969,96.9,8.0,-7.9,7.22,-10.22,0.7800000000000002,2.3200000000000003,2.44761108021679
970,97.0,8.0,-8.08,6.91,-9.68,1.0899999999999999,1.5999999999999996,1.9360010330575752
971,97.1,8.0,-7.9,7.09,-9.4,0.9100000000000001,1.5,1.7544514812328098
972,97.2,8.0,-7.9,7.1,-9.73,0.9000000000000004,1.83,2.039338127922881
973,97.3,8.0,-7.9,6.92,-9.46,1.08,1.5600000000000005,1.897366596101028
974,97.4,8.0,-7.9,6.64,-9.27,1.3600000000000003,1.3699999999999992,1.930414463269481
975,97.5,8.0,-7.9,6.41,-9.51,1.5899999999999999,1.6099999999999994,2.2627858935392005
976,97.6,8.0,-7.9,6.3,-9.83,1.7000000000000002,1.9299999999999997,2.5719447894540814
977,97.7,8.0,-7.9,6.31,-10.16,1.6900000000000004,2.26,2.8220028348674635
978,97.8,8.0,-7.9,6.5,-9.77,1.5,1.8699999999999992,2.3972692798265274
979,97.9,8.0,-7.9,6.37,-10.08,1.63,2.1799999999999997,2.722002939013843
980,98.0,7.9799999999999995,-8.059999999999999,6.61,-9.17,1.3699999999999992,1.1100000000000012,1.7632356620712957
981,98.1,8.0,-7.9,6.87,-8.98,1.13,1.08,1.563105882530035
982,98.2,7.7,-8.42,6.94,-9.3,0.7599999999999998,0.8800000000000008,1.1627553482998911
983,98.3,7.7,-8.459999999999999,7.16,-9.05,0.54,0.5900000000000016,0.7998124780221936
984,98.4,7.7,-8.719999999999999,6.97,-8.78,0.7300000000000004,0.0600000000000005,0.7324616030891999
985,98.5,7.459999999999999,-8.58,6.64,-8.76,0.8199999999999994,0.17999999999999972,0.8395236744726136
986,98.6,7.7,-8.7,6.86,-9.01,0.8399999999999999,0.3100000000000005,0.895377015563835
987,98.7,7.7,-8.7,6.8,-8.68,0.9000000000000004,-0.019999999999999574,0.9002221947941522
988,98.8,7.7,-8.7,6.48,-8.78,1.2199999999999998,0.08000000000000007,1.2226201372462338
989,98.9,7.7,-8.7,6.47,-9.11,1.2300000000000004,0.41000000000000014,1.2965338406690359
990,99.0,7.62,-8.64,6.51,-8.78,1.1100000000000003,0.1399999999999988,1.1187939935484104
991,99.1,7.7,-8.7,6.43,-9.11,1.2700000000000005,0.41000000000000014,1.3345411196362595
992,99.2,7.7,-8.7,6.58,-8.81,1.12,0.11000000000000121,1.1253888216967505
993,99.3,7.7,-8.7,6.35,-8.56,1.3500000000000005,-0.1399999999999988,1.357239846158372
994,99.4,7.7,-8.7,6.38,-8.89,1.3200000000000003,0.19000000000000128,1.3336041391657425
995,99.5,7.7,-8.7,6.18,-8.63,1.5200000000000005,-0.06999999999999851,1.5216109883935516
996,99.6,7.7,-8.7,6.04,-8.33,1.6600000000000001,-0.3699999999999992,1.7007351351694948
997,99.7,7.7,-8.7,5.82,-8.58,1.88,-0.11999999999999922,1.8838258942906585
998,99.8,7.7,-8.7,6.07,-8.36,1.63,-0.33999999999999986,1.6650825805346712
999,99.9,7.7,-8.7,5.75,-8.26,1.9500000000000002,-0.4399999999999995,1.9990247622278219
