Time,Sum Area Coverage,Time/Total Time,Non-Dimensional Area Coverage
0.0,0.0,0.0,0.0
0.1,2699.29,0.001,1.08
0.2,2719.52,0.001,1.088
0.3,2674.05,0.002,1.07
0.4,2642.14,0.003,1.057
0.5,2658.81,0.003,1.064
0.6,2639.29,0.004,1.056
0.7,2648.81,0.005,1.06
0.8,2795.71,0.005,1.118
0.9,2860.95,0.006,1.144
1.0,2760.95,0.007,1.104
1.1,2624.05,0.007,1.05
1.2,2692.62,0.008,1.077
1.3,2929.05,0.009,1.172
1.4,2804.05,0.009,1.122
1.5,2952.14,0.01,1.181
1.6,2910.72,0.011,1.164
1.7,3022.62,0.011,1.209
1.8,3047.62,0.012,1.219
1.9,2975.71,0.013,1.19
2.0,2923.81,0.013,1.17
2.1,2931.91,0.014,1.173
2.2,2923.34,0.015,1.169
2.3,2818.57,0.015,1.127
2.4,2638.81,0.016,1.056
2.5,2695.48,0.017,1.078
2.6,2810.48,0.017,1.124
2.7,2927.14,0.018,1.171
2.8,2985.95,0.019,1.194
2.9,2914.05,0.019,1.166
3.0,2952.62,0.02,1.181
3.1,2807.62,0.021,1.123
3.2,2914.04,0.021,1.166
3.3,2763.57,0.022,1.105
3.4,2989.52,0.023,1.196
3.5,2822.38,0.023,1.129
3.6,2989.28,0.024,1.196
3.7,2977.14,0.025,1.191
3.8,2962.38,0.025,1.185
3.9,2850.95,0.026,1.14
4.0,2961.66,0.027,1.185
4.1,2931.43,0.027,1.173
4.2,2929.52,0.028,1.172
4.3,2845.32,0.029,1.138
4.4,2864.84,0.029,1.146
4.5,3039.84,0.03,1.216
4.6,2858.49,0.031,1.143
4.7,3121.98,0.031,1.249
4.8,3031.98,0.032,1.213
4.9,2977.38,0.033,1.191
5.0,3212.62,0.033,1.285
5.1,3002.38,0.034,1.201
5.2,2915.95,0.035,1.166
5.3,2880.79,0.035,1.152
5.4,2929.05,0.036,1.172
5.5,2928.81,0.037,1.172
5.6,3011.98,0.037,1.205
5.7,2958.17,0.038,1.183
5.8,3318.17,0.039,1.327
5.9,3169.52,0.039,1.268
6.0,2926.43,0.04,1.171
6.1,2664.52,0.041,1.066
6.2,2730.32,0.041,1.092
6.3,2658.09,0.042,1.063
6.4,2561.19,0.043,1.024
6.5,2882.85,0.043,1.153
6.6,2909.76,0.044,1.164
6.7,3114.52,0.045,1.246
6.8,3144.52,0.045,1.258
6.9,3115.95,0.046,1.246
7.0,3054.6,0.047,1.222
7.1,3178.81,0.047,1.272
7.2,3036.43,0.048,1.215
7.3,2713.97,0.049,1.086
7.4,2869.76,0.049,1.148
7.5,3099.44,0.05,1.24
7.6,3084.2,0.051,1.234
7.7,2861.2,0.051,1.144
7.8,2680.24,0.052,1.072
7.9,2891.2,0.053,1.156
8.0,3107.38,0.053,1.243
8.1,3218.1,0.054,1.287
8.2,3159.05,0.055,1.264
8.3,3511.58,0.055,1.405
8.4,3078.25,0.056,1.231
8.5,2718.49,0.057,1.087
8.6,2721.98,0.057,1.089
8.7,2942.94,0.058,1.177
8.8,2909.28,0.059,1.164
8.9,2748.81,0.059,1.1
9.0,2823.42,0.06,1.129
9.1,2695.4,0.061,1.078
9.2,3010.17,0.061,1.204
9.3,2883.82,0.062,1.154
9.4,2688.82,0.063,1.076
9.5,3012.94,0.063,1.205
9.6,3451.51,0.064,1.381
9.7,3429.6,0.065,1.372
9.8,3329.92,0.065,1.332
9.9,3183.57,0.066,1.273
10.0,3251.67,0.067,1.301
10.1,3028.89,0.067,1.212
10.2,2945.56,0.068,1.178
10.3,3059.92,0.069,1.224
10.4,3333.67,0.069,1.333
10.5,2958.36,0.07,1.183
10.6,2895.02,0.071,1.158
10.7,2850.34,0.071,1.14
10.8,3075.98,0.072,1.23
10.9,2895.98,0.073,1.158
11.0,2810.98,0.073,1.124
11.1,3207.65,0.074,1.283
11.2,2937.65,0.075,1.175
11.3,2896.45,0.075,1.159
11.4,3080.09,0.076,1.232
11.5,2802.31,0.077,1.121
11.6,2964.64,0.077,1.186
11.7,3042.73,0.078,1.217
11.8,3081.22,0.079,1.232
11.9,2974.64,0.079,1.19
12.0,3314.64,0.08,1.326
12.1,3254.64,0.081,1.302
12.2,3817.97,0.081,1.527
12.3,3734.64,0.082,1.494
12.4,3481.3,0.083,1.393
12.5,3297.97,0.083,1.319
12.6,3794.4,0.084,1.518
12.7,3560.02,0.085,1.424
12.8,3521.6,0.085,1.409
12.9,3768.27,0.086,1.507
13.0,3348.27,0.087,1.339
13.1,3298.27,0.087,1.319
13.2,3274.63,0.088,1.31
13.3,3556.6,0.089,1.423
13.4,3568.19,0.089,1.427
13.5,3725.08,0.09,1.49
13.6,3645.32,0.091,1.458
13.7,3568.5,0.091,1.427
13.8,3078.5,0.092,1.231
13.9,3301.84,0.093,1.321
14.0,3217.82,0.093,1.287
14.1,3609.63,0.094,1.444
14.2,3316.46,0.095,1.327
14.3,3534.85,0.095,1.414
14.4,3491.22,0.096,1.396
14.5,3516.62,0.097,1.407
14.6,3540.91,0.097,1.416
14.7,3657.97,0.098,1.463
14.8,3381.3,0.099,1.353
14.9,3394.06,0.099,1.358
15.0,3670.04,0.1,1.468
15.1,3571.94,0.101,1.429
15.2,3240.05,0.101,1.296
15.3,3384.81,0.102,1.354
15.4,3516.61,0.103,1.407
15.5,3335.41,0.103,1.334
15.6,3381.07,0.104,1.352
15.7,3286.77,0.105,1.315
15.8,3346.61,0.105,1.339
15.9,3492.38,0.106,1.397
16.0,3189.7,0.107,1.276
16.1,3405.9,0.107,1.362
16.2,3465.76,0.108,1.386
16.3,3199.75,0.109,1.28
16.4,3272.54,0.109,1.309
16.5,3281.41,0.11,1.313
16.6,3187.67,0.111,1.275
16.7,3186.98,0.111,1.275
16.8,3263.94,0.112,1.306
16.9,3547.58,0.113,1.419
17.0,3760.31,0.113,1.504
17.1,3564.55,0.114,1.426
17.2,3546.37,0.115,1.419
17.3,3297.06,0.115,1.319
17.4,3145.49,0.116,1.258
17.5,3421.3,0.117,1.369
17.6,3637.74,0.117,1.455
17.7,3622.58,0.118,1.449
17.8,3452.13,0.119,1.381
17.9,3189.4,0.119,1.276
18.0,3038.21,0.12,1.215
18.1,3494.57,0.121,1.398
18.2,3625.76,0.121,1.45
18.3,3575.46,0.122,1.43
18.4,4192.13,0.123,1.677
18.5,3740.31,0.123,1.496
18.6,3455.46,0.124,1.382
18.7,3752.13,0.125,1.501
18.8,4257.28,0.125,1.703
18.9,4223.94,0.126,1.69
19.0,4284.65,0.127,1.714
19.1,4441.06,0.127,1.776
19.2,4284.4,0.128,1.714
19.3,4153.12,0.129,1.661
19.4,4276.17,0.129,1.71
19.5,4154.95,0.13,1.662
19.6,4574.55,0.131,1.83
19.7,4308.29,0.131,1.723
19.8,4293.14,0.132,1.717
19.9,4029.8,0.133,1.612
20.0,4431.22,0.133,1.772
20.1,4341.07,0.134,1.736
20.2,3972.88,0.135,1.589
20.3,4169.25,0.135,1.668
20.4,4206.47,0.136,1.683
20.5,4237.31,0.137,1.695
20.6,3856.15,0.137,1.542
20.7,4081.3,0.138,1.633
20.8,3996.15,0.139,1.598
20.9,3977.97,0.139,1.591
21.0,4316.07,0.14,1.726
21.1,3622.97,0.141,1.449
21.2,3880.1,0.141,1.552
21.3,3598.59,0.142,1.439
21.4,3985.17,0.143,1.594
21.5,4224.53,0.143,1.69
21.6,4734.85,0.144,1.894
21.7,4000.32,0.145,1.6
21.8,4411.92,0.145,1.765
21.9,4492.68,0.146,1.797
22.0,4435.7,0.147,1.774
22.1,4440.36,0.147,1.776
22.2,4050.9,0.148,1.62
22.3,3906.52,0.149,1.563
22.4,3986.96,0.149,1.595
22.5,4192.52,0.15,1.677
22.6,4059.57,0.151,1.624
22.7,4205.32,0.151,1.682
22.8,4573.11,0.152,1.829
22.9,4698.65,0.153,1.879
23.0,4655.47,0.153,1.862
23.1,4219.76,0.154,1.688
23.2,3959.76,0.155,1.584
23.3,3938.53,0.155,1.575
23.4,3535.35,0.156,1.414
23.5,4142.02,0.157,1.657
23.6,4080.02,0.157,1.632
23.7,4436.72,0.158,1.775
23.8,4115.35,0.159,1.646
23.9,4019.1,0.159,1.608
24.0,3960.61,0.16,1.584
24.1,4340.61,0.161,1.736
24.2,4159.7,0.161,1.664
24.3,4124.86,0.162,1.65
24.4,4048.82,0.163,1.62
24.5,4299.33,0.163,1.72
24.6,3727.82,0.164,1.491
24.7,3686.3,0.165,1.475
24.8,3976.45,0.165,1.591
24.9,4201.6,0.166,1.681
25.0,4356.4,0.167,1.743
25.1,4457.08,0.167,1.783
25.2,4551.84,0.168,1.821
25.3,4588.09,0.169,1.835
25.4,4214.44,0.169,1.686
25.5,4007.14,0.17,1.603
25.6,3994.04,0.171,1.598
25.7,3933.06,0.171,1.573
25.8,4457.68,0.172,1.783
25.9,4394.58,0.173,1.758
26.0,4290.71,0.173,1.716
26.1,4318.66,0.174,1.727
26.2,4568.42,0.175,1.827
26.3,4585.09,0.175,1.834
26.4,4433.81,0.176,1.774
26.5,4615.86,0.177,1.846
26.6,4233.81,0.177,1.694
26.7,4150.47,0.178,1.66
26.8,4224.25,0.179,1.69
26.9,4282.73,0.179,1.713
27.0,4358.94,0.18,1.744
27.1,4305.16,0.181,1.722
27.2,4467.51,0.181,1.787
27.3,4540.84,0.182,1.816
27.4,4153.88,0.183,1.662
27.5,3675.7,0.183,1.47
27.6,3835.7,0.184,1.534
27.7,4002.36,0.185,1.601
27.8,4407.51,0.185,1.763
27.9,4152.36,0.186,1.661
28.0,4041.82,0.187,1.617
28.1,4695.46,0.187,1.878
28.2,4362.13,0.188,1.745
28.3,4262.13,0.189,1.705
28.4,4110.84,0.189,1.644
28.5,4440.31,0.19,1.776
28.6,4338.79,0.191,1.736
28.7,4340.31,0.191,1.736
28.8,4540.31,0.192,1.816
28.9,4835.2,0.193,1.934
29.0,4713.38,0.193,1.885
29.1,4500.62,0.194,1.8
29.2,4115.62,0.195,1.646
29.3,3850.14,0.195,1.54
29.4,3880.24,0.196,1.552
29.5,4188.96,0.197,1.676
29.6,4094.94,0.197,1.638
29.7,4252.73,0.198,1.701
29.8,4434.25,0.199,1.774
29.9,4262.97,0.199,1.705
30.0,4370.61,0.2,1.748
30.1,4672.47,0.201,1.869
30.2,4517.32,0.201,1.807
30.3,4919.9,0.202,1.968
30.4,5183.27,0.203,2.073
30.5,4934.65,0.203,1.974
30.6,4753.14,0.204,1.901
30.7,4632.88,0.205,1.853
30.8,4682.52,0.205,1.873
30.9,4674.28,0.206,1.87
31.0,4603.98,0.207,1.842
31.1,4874.12,0.207,1.95
31.2,4648.96,0.208,1.86
31.3,4766.6,0.209,1.907
31.4,4819.4,0.209,1.928
31.5,5211.92,0.21,2.085
31.6,5067.31,0.211,2.027
31.7,5020.34,0.211,2.008
31.8,4710.41,0.212,1.884
31.9,4878.27,0.213,1.951
32.0,4537.88,0.213,1.815
32.1,4409.4,0.214,1.764
32.2,4569.1,0.215,1.828
32.3,4137.58,0.215,1.655
32.4,4231.15,0.216,1.692
32.5,4580.61,0.217,1.832
32.6,4061.24,0.217,1.624
32.7,3859.95,0.218,1.544
32.8,4120.4,0.219,1.648
32.9,3925.38,0.219,1.57
33.0,4719.27,0.22,1.888
33.1,4815.47,0.221,1.926
33.2,5186.92,0.221,2.075
33.3,4911.5,0.222,1.965
33.4,4975.81,0.223,1.99
33.5,4740.4,0.223,1.896
33.6,5224.12,0.224,2.09
33.7,5375.32,0.225,2.15
33.8,4700.1,0.225,1.88
33.9,4692.54,0.226,1.877
34.0,4419.21,0.227,1.768
34.1,4421.22,0.227,1.768
34.2,4373.03,0.228,1.749
34.3,4432.67,0.229,1.773
34.4,5162.58,0.229,2.065
34.5,5004.72,0.23,2.002
34.6,4524.03,0.231,1.81
34.7,4607.97,0.231,1.843
34.8,5180.34,0.232,2.072
34.9,5230.76,0.233,2.092
35.0,5110.73,0.233,2.044
35.1,4928.27,0.234,1.971
35.2,4384.64,0.235,1.754
35.3,4549.3,0.235,1.82
35.4,4810.19,0.236,1.924
35.5,4844.64,0.237,1.938
35.6,5362.16,0.237,2.145
35.7,5616.45,0.238,2.247
35.8,5437.28,0.239,2.175
35.9,5178.52,0.239,2.071
36.0,4969.59,0.24,1.988
36.1,4867.22,0.241,1.947
36.2,4887.14,0.241,1.955
36.3,4860.34,0.242,1.944
36.4,5375.49,0.243,2.15
36.5,4948.74,0.243,1.979
36.6,5083.12,0.244,2.033
36.7,5097.58,0.245,2.039
36.8,4874.33,0.245,1.95
36.9,4899.48,0.246,1.96
37.0,4811.85,0.247,1.925
37.1,4912.39,0.247,1.965
37.2,4829.16,0.248,1.932
37.3,4703.59,0.249,1.881
37.4,4600.89,0.249,1.84
37.5,4677.24,0.25,1.871
37.6,4386.8,0.251,1.755
37.7,4450.76,0.251,1.78
37.8,4597.97,0.252,1.839
37.9,4626.0,0.253,1.85
38.0,5074.18,0.253,2.03
38.1,4770.61,0.254,1.908
38.2,4448.12,0.255,1.779
38.3,4464.78,0.255,1.786
38.4,4758.12,0.256,1.903
38.5,4739.7,0.257,1.896
38.6,4635.46,0.257,1.854
38.7,4627.28,0.258,1.851
38.8,4399.63,0.259,1.76
38.9,4274.87,0.259,1.71
39.0,4085.09,0.26,1.634
39.1,3994.78,0.261,1.598
39.2,4205.8,0.261,1.682
39.3,4553.57,0.262,1.821
39.4,4492.69,0.263,1.797
39.5,4367.31,0.263,1.747
39.6,4457.83,0.264,1.783
39.7,4781.57,0.265,1.913
39.8,4370.48,0.265,1.748
39.9,4721.22,0.266,1.888
40.0,4978.04,0.267,1.991
40.1,4974.64,0.267,1.99
40.2,4596.99,0.268,1.839
40.3,4478.12,0.269,1.791
40.4,4062.97,0.269,1.625
40.5,4051.22,0.27,1.62
40.6,4138.27,0.271,1.655
40.7,4144.78,0.271,1.658
40.8,4472.73,0.272,1.789
40.9,4551.3,0.273,1.821
41.0,4914.25,0.273,1.966
41.1,4510.17,0.274,1.804
41.2,4446.77,0.275,1.779
41.3,4128.58,0.275,1.651
41.4,4623.2,0.276,1.849
41.5,4255.25,0.277,1.702
41.6,4775.94,0.277,1.91
41.7,4588.38,0.278,1.835
41.8,4827.99,0.279,1.931
41.9,4693.46,0.279,1.877
42.0,4716.63,0.28,1.887
42.1,4705.11,0.281,1.882
42.2,4668.44,0.281,1.867
42.3,4538.98,0.282,1.816
42.4,4114.99,0.283,1.646
42.5,4579.75,0.283,1.832
42.6,4815.65,0.284,1.926
42.7,4650.37,0.285,1.86
42.8,4564.75,0.285,1.826
42.9,4747.7,0.286,1.899
43.0,4706.93,0.287,1.883
43.1,4514.11,0.287,1.806
43.2,4220.78,0.288,1.688
43.3,4430.78,0.289,1.772
43.4,4422.06,0.289,1.769
43.5,4897.44,0.29,1.959
43.6,5030.78,0.291,2.012
43.7,4614.11,0.291,1.846
43.8,4514.11,0.292,1.806
43.9,4247.44,0.293,1.699
44.0,4454.11,0.293,1.782
44.1,4604.11,0.294,1.842
44.2,4637.44,0.295,1.855
44.3,4738.72,0.295,1.895
44.4,4788.73,0.296,1.915
44.5,4822.06,0.297,1.929
44.6,4833.3,0.297,1.933
44.7,4858.86,0.298,1.944
44.8,4755.2,0.299,1.902
44.9,4369.07,0.299,1.748
45.0,4533.86,0.3,1.814
45.1,4432.82,0.301,1.773
45.2,4454.66,0.301,1.782
45.3,4300.2,0.302,1.72
45.4,4032.07,0.303,1.613
45.5,4348.56,0.303,1.739
45.6,4254.84,0.304,1.702
45.7,4425.4,0.305,1.77
45.8,4659.49,0.305,1.864
45.9,4504.64,0.306,1.802
46.0,4834.07,0.307,1.934
46.1,4802.94,0.307,1.921
46.2,4563.71,0.308,1.825
46.3,4716.56,0.309,1.887
46.4,4219.09,0.309,1.688
46.5,4163.58,0.31,1.665
46.6,4231.03,0.311,1.692
46.7,4522.42,0.311,1.809
46.8,4749.42,0.312,1.9
46.9,4653.56,0.313,1.861
47.0,4399.9,0.313,1.76
47.1,4357.36,0.314,1.743
47.2,4095.2,0.315,1.638
47.3,4278.53,0.315,1.711
47.4,4472.58,0.316,1.789
47.5,4649.3,0.317,1.86
47.6,4540.74,0.317,1.816
47.7,4214.99,0.318,1.686
47.8,4492.69,0.319,1.797
47.9,4292.33,0.319,1.717
48.0,4313.21,0.32,1.725
48.1,4749.68,0.321,1.9
48.2,4585.81,0.321,1.834
48.3,4360.35,0.322,1.744
48.4,3976.04,0.323,1.59
48.5,4178.48,0.323,1.671
48.6,4266.24,0.324,1.706
48.7,4417.91,0.325,1.767
48.8,4340.56,0.325,1.736
48.9,4281.1,0.326,1.712
49.0,4188.55,0.327,1.675
49.1,4049.51,0.327,1.62
49.2,4403.08,0.328,1.761
49.3,4222.23,0.329,1.689
49.4,4235.88,0.329,1.694
49.5,4469.21,0.33,1.788
49.6,4525.02,0.331,1.81
49.7,4507.97,0.331,1.803
49.8,4929.87,0.332,1.972
49.9,4783.12,0.333,1.913
50.0,4628.27,0.333,1.851
50.1,4523.51,0.334,1.809
50.2,4838.59,0.335,1.935
50.3,4842.23,0.335,1.937
50.4,4963.42,0.336,1.985
50.5,4891.45,0.337,1.957
50.6,4716.3,0.337,1.887
50.7,4837.88,0.338,1.935
50.8,4761.84,0.339,1.905
50.9,4383.12,0.339,1.753
51.0,4389.33,0.34,1.756
51.1,4556.69,0.341,1.823
51.2,4089.48,0.341,1.636
51.3,4834.64,0.342,1.934
51.4,5052.01,0.343,2.021
51.5,5307.51,0.343,2.123
51.6,5594.87,0.344,2.238
51.7,5202.01,0.345,2.081
51.8,5023.44,0.345,2.009
51.9,4983.81,0.346,1.994
52.0,5173.66,0.347,2.069
52.1,5360.74,0.347,2.144
52.2,5200.88,0.348,2.08
52.3,4845.24,0.349,1.938
52.4,4478.57,0.349,1.791
52.5,4921.37,0.35,1.969
52.6,5048.51,0.351,2.019
52.7,5440.48,0.351,2.176
52.8,5094.04,0.352,2.038
52.9,4749.0,0.353,1.9
53.0,4156.71,0.353,1.663
53.1,4989.95,0.354,1.996
53.2,4735.16,0.355,1.894
53.3,4932.39,0.355,1.973
53.4,4909.25,0.356,1.964
53.5,4425.34,0.357,1.77
53.6,4538.64,0.357,1.815
53.7,4863.6,0.358,1.945
53.8,5110.91,0.359,2.044
53.9,5181.32,0.359,2.073
54.0,5151.7,0.36,2.061
54.1,5113.88,0.361,2.046
54.2,4964.93,0.361,1.986
54.3,4793.78,0.362,1.918
54.4,5182.5,0.363,2.073
54.5,4906.6,0.363,1.963
54.6,4989.93,0.364,1.996
54.7,5013.27,0.365,2.005
54.8,5441.22,0.365,2.176
54.9,5519.79,0.366,2.208
55.0,4926.45,0.367,1.971
55.1,4482.5,0.367,1.793
55.2,4802.83,0.368,1.921
55.3,4983.06,0.369,1.993
55.4,4953.45,0.369,1.981
55.5,5167.37,0.37,2.067
55.6,5126.41,0.371,2.051
55.7,4559.75,0.371,1.824
55.8,4562.94,0.372,1.825
55.9,4813.0,0.373,1.925
56.0,4571.35,0.373,1.829
56.1,4805.78,0.374,1.922
56.2,4752.66,0.375,1.901
56.3,4599.12,0.375,1.84
56.4,4574.8,0.376,1.83
56.5,4865.22,0.377,1.946
56.6,4122.37,0.377,1.649
56.7,4372.33,0.378,1.749
56.8,4565.58,0.379,1.826
56.9,4588.76,0.379,1.836
57.0,4676.94,0.38,1.871
57.1,4478.37,0.381,1.791
57.2,4384.81,0.381,1.754
57.3,4197.97,0.382,1.679
57.4,4147.72,0.383,1.659
57.5,4705.58,0.383,1.882
57.6,4410.28,0.384,1.764
57.7,4330.79,0.385,1.732
57.8,4328.35,0.385,1.731
57.9,4164.13,0.386,1.666
58.0,4150.47,0.387,1.66
58.1,4063.21,0.387,1.625
58.2,3804.25,0.388,1.522
58.3,4026.15,0.389,1.61
58.4,4209.96,0.389,1.684
58.5,4654.7,0.39,1.862
58.6,4659.4,0.391,1.864
58.7,4574.4,0.391,1.83
58.8,4236.69,0.392,1.695
58.9,4270.76,0.393,1.708
59.0,4760.76,0.393,1.904
59.1,4686.3,0.394,1.875
59.2,4734.64,0.395,1.894
59.3,4321.3,0.395,1.729
59.4,4781.06,0.396,1.912
59.5,4842.58,0.397,1.937
59.6,5007.13,0.397,2.003
59.7,4711.06,0.398,1.884
59.8,4066.47,0.399,1.627
59.9,4329.8,0.399,1.732
60.0,4731.62,0.4,1.893
60.1,4645.79,0.401,1.858
60.2,4709.12,0.401,1.884
60.3,4126.33,0.402,1.651
60.4,4575.08,0.403,1.83
60.5,4212.88,0.403,1.685
60.6,4436.22,0.404,1.774
60.7,4909.85,0.405,1.964
60.8,4916.52,0.405,1.967
60.9,4716.52,0.406,1.887
61.0,4528.03,0.407,1.811
61.1,4578.04,0.407,1.831
61.2,4446.54,0.408,1.779
61.3,4849.55,0.409,1.94
61.4,4257.97,0.409,1.703
61.5,3961.07,0.41,1.584
61.6,4152.58,0.411,1.661
61.7,4252.58,0.411,1.701
61.8,4702.58,0.412,1.881
61.9,4402.58,0.413,1.761
62.0,4354.4,0.413,1.742
62.1,4337.73,0.414,1.735
62.2,4144.55,0.415,1.658
62.3,4092.82,0.415,1.637
62.4,4561.06,0.416,1.824
62.5,4486.86,0.417,1.795
62.6,4126.86,0.417,1.651
62.7,4641.62,0.418,1.857
62.8,4394.95,0.419,1.758
62.9,4911.62,0.419,1.965
63.0,4649.8,0.42,1.86
63.1,4483.22,0.421,1.793
63.2,4917.28,0.421,1.967
63.3,5084.64,0.422,2.034
63.4,4947.58,0.423,1.979
63.5,5294.33,0.423,2.118
63.6,4899.25,0.424,1.96
63.7,5382.58,0.425,2.153
63.8,4901.47,0.425,1.961
63.9,5157.82,0.426,2.063
64.0,4815.33,0.427,1.926
64.1,5380.24,0.427,2.152
64.2,4995.8,0.428,1.998
64.3,5037.78,0.429,2.015
64.4,5168.42,0.429,2.067
64.5,4851.42,0.43,1.941
64.6,4580.94,0.431,1.832
64.7,4812.04,0.431,1.925
64.8,4818.44,0.432,1.927
64.9,4169.96,0.433,1.668
65.0,4078.98,0.433,1.632
65.1,4101.78,0.434,1.641
65.2,4224.04,0.435,1.69
65.3,4109.01,0.435,1.644
65.4,4808.83,0.436,1.924
65.5,4907.68,0.437,1.963
65.6,5050.86,0.437,2.02
65.7,5368.12,0.438,2.147
65.8,5220.32,0.439,2.088
65.9,4945.71,0.439,1.978
66.0,4670.71,0.44,1.868
66.1,4602.14,0.441,1.841
66.2,4558.9,0.441,1.824
66.3,4796.45,0.442,1.919
66.4,4822.73,0.443,1.929
66.5,4851.22,0.443,1.94
66.6,4389.7,0.444,1.756
66.7,4578.12,0.445,1.831
66.8,4554.25,0.445,1.822
66.9,4749.1,0.446,1.9
67.0,4579.1,0.447,1.832
67.1,4955.76,0.447,1.982
67.2,4919.72,0.448,1.968
67.3,4750.84,0.449,1.9
67.4,4680.84,0.449,1.872
67.5,5130.84,0.45,2.052
67.6,5139.33,0.451,2.056
67.7,4897.51,0.451,1.959
67.8,4856.0,0.452,1.942
67.9,4979.16,0.453,1.992
68.0,4922.3,0.453,1.969
68.1,4863.59,0.454,1.945
68.2,5177.4,0.455,2.071
68.3,5019.78,0.455,2.008
68.4,5084.76,0.456,2.034
68.5,4974.96,0.457,1.99
68.6,4964.4,0.457,1.986
68.7,4647.43,0.458,1.859
68.8,4912.17,0.459,1.965
68.9,4912.17,0.459,1.965
69.0,4928.83,0.46,1.972
69.1,4879.73,0.461,1.952
69.2,4762.83,0.461,1.905
69.3,5102.83,0.462,2.041
69.4,5259.49,0.463,2.104
69.5,5676.16,0.463,2.27
69.6,5468.39,0.464,2.187
69.7,5428.39,0.465,2.171
69.8,5214.52,0.465,2.086
69.9,5381.19,0.466,2.152
70.0,5213.86,0.467,2.086
70.1,5221.25,0.467,2.088
70.2,4897.2,0.468,1.959
70.3,4609.01,0.469,1.844
70.4,4894.78,0.469,1.958
70.5,4701.45,0.47,1.881
70.6,4562.22,0.471,1.825
70.7,4615.01,0.471,1.846
70.8,5526.62,0.472,2.211
70.9,4863.12,0.473,1.945
71.0,4915.02,0.473,1.966
71.1,5391.69,0.474,2.157
71.2,5209.81,0.475,2.084
71.3,5256.45,0.475,2.103
71.4,5501.68,0.476,2.201
71.5,5196.69,0.477,2.079
71.6,5171.47,0.477,2.069
71.7,4685.48,0.478,1.874
71.8,4278.29,0.479,1.711
71.9,4482.03,0.479,1.793
72.0,4672.58,0.48,1.869
72.1,4465.38,0.481,1.786
72.2,4559.68,0.481,1.824
72.3,4729.6,0.482,1.892
72.4,4570.23,0.483,1.828
72.5,4456.53,0.483,1.783
72.6,4353.45,0.484,1.741
72.7,4365.07,0.485,1.746
72.8,5039.78,0.485,2.016
72.9,4862.06,0.486,1.945
73.0,4494.36,0.487,1.798
73.1,4607.58,0.487,1.843
73.2,4534.81,0.488,1.814
73.3,5020.76,0.489,2.008
73.4,5058.15,0.489,2.023
73.5,4646.3,0.49,1.859
73.6,4571.27,0.491,1.829
73.7,4604.73,0.491,1.842
73.8,4826.56,0.492,1.931
73.9,4860.35,0.493,1.944
74.0,4901.5,0.493,1.961
74.1,4496.03,0.494,1.798
74.2,4121.18,0.495,1.648
74.3,4744.33,0.495,1.898
74.4,4976.38,0.496,1.991
74.5,4656.88,0.497,1.863
74.6,4797.19,0.497,1.919
74.7,5212.95,0.498,2.085
74.8,4919.0,0.499,1.968
74.9,4971.84,0.499,1.989
75.0,4907.7,0.5,1.963
75.1,4822.26,0.501,1.929
75.2,4964.76,0.501,1.986
75.3,4386.23,0.502,1.754
75.4,4669.25,0.503,1.868
75.5,4586.23,0.503,1.834
75.6,4597.21,0.504,1.839
75.7,4040.99,0.505,1.616
75.8,4714.58,0.505,1.886
75.9,4496.45,0.506,1.799
76.0,4620.14,0.507,1.848
76.1,4820.14,0.507,1.928
76.2,4316.06,0.508,1.726
76.3,4459.4,0.509,1.784
76.4,4251.6,0.509,1.701
76.5,4819.03,0.51,1.928
76.6,4461.83,0.511,1.785
76.7,4486.75,0.511,1.795
76.8,4411.6,0.512,1.765
76.9,4507.73,0.513,1.803
77.0,4520.66,0.513,1.808
77.1,4367.32,0.514,1.747
77.2,4481.19,0.515,1.792
77.3,4449.14,0.515,1.78
77.4,4632.47,0.516,1.853
77.5,4860.45,0.517,1.944
77.6,4785.06,0.517,1.914
77.7,4663.01,0.518,1.865
77.8,4896.34,0.519,1.959
77.9,5014.11,0.519,2.006
78.0,4685.06,0.52,1.874
78.1,4508.4,0.521,1.803
78.2,4668.4,0.521,1.867
78.3,4450.45,0.522,1.78
78.4,4649.16,0.523,1.86
78.5,4436.45,0.523,1.775
78.6,4509.16,0.524,1.804
78.7,4332.42,0.525,1.733
78.8,4407.7,0.525,1.763
78.9,4425.65,0.526,1.77
79.0,4510.26,0.527,1.804
79.1,4816.03,0.527,1.926
79.2,4864.93,0.528,1.946
79.3,4981.21,0.529,1.992
79.4,5081.78,0.529,2.033
79.5,4585.32,0.53,1.834
79.6,4756.92,0.531,1.903
79.7,4338.27,0.531,1.735
79.8,4039.55,0.532,1.616
79.9,3885.5,0.533,1.554
80.0,4169.81,0.533,1.668
80.1,4067.63,0.534,1.627
80.2,4213.51,0.535,1.685
80.3,4154.49,0.535,1.662
80.4,5009.28,0.536,2.004
80.5,4416.25,0.537,1.766
80.6,4681.63,0.537,1.873
80.7,4527.02,0.538,1.811
80.8,4270.53,0.539,1.708
80.9,4393.85,0.539,1.758
81.0,4258.15,0.54,1.703
81.1,4349.1,0.541,1.74
81.2,4546.19,0.541,1.818
81.3,4328.53,0.542,1.731
81.4,4157.29,0.543,1.663
81.5,4010.62,0.543,1.604
81.6,3962.67,0.544,1.585
81.7,3898.92,0.545,1.56
81.8,3829.4,0.545,1.532
81.9,4194.24,0.546,1.678
82.0,4226.12,0.547,1.69
82.1,4691.86,0.547,1.877
82.2,4357.16,0.548,1.743
82.3,5081.5,0.549,2.033
82.4,4829.06,0.549,1.932
82.5,5037.99,0.55,2.015
82.6,4619.51,0.551,1.848
82.7,4984.98,0.551,1.994
82.8,4486.83,0.552,1.795
82.9,4679.03,0.553,1.872
83.0,4746.98,0.553,1.899
83.1,4405.01,0.554,1.762
83.2,4662.08,0.555,1.865
83.3,5105.57,0.555,2.042
83.4,4982.53,0.556,1.993
83.5,4984.43,0.557,1.994
83.6,4900.38,0.557,1.96
83.7,4907.92,0.558,1.963
83.8,5045.55,0.559,2.018
83.9,5165.79,0.559,2.066
84.0,5207.92,0.56,2.083
84.1,4809.26,0.561,1.924
84.2,5062.03,0.561,2.025
84.3,4835.52,0.562,1.934
84.4,5106.7,0.563,2.043
84.5,5169.59,0.563,2.068
84.6,5194.81,0.564,2.078
84.7,4829.8,0.565,1.932
84.8,4980.75,0.565,1.992
84.9,5058.45,0.566,2.023
85.0,5008.89,0.567,2.004
85.1,4883.85,0.567,1.954
85.2,4869.51,0.568,1.948
85.3,4829.19,0.569,1.932
85.4,5047.94,0.569,2.019
85.5,4469.04,0.57,1.788
85.6,4408.91,0.571,1.764
85.7,4824.87,0.571,1.93
85.8,4499.95,0.572,1.8
85.9,4704.61,0.573,1.882
86.0,4778.2,0.573,1.911
86.1,4674.15,0.574,1.87
86.2,4715.38,0.575,1.886
86.3,4439.45,0.575,1.776
86.4,4654.67,0.576,1.862
86.5,4694.99,0.577,1.878
86.6,4591.87,0.577,1.837
86.7,4431.64,0.578,1.773
86.8,4330.17,0.579,1.732
86.9,4197.31,0.579,1.679
87.0,4048.91,0.58,1.62
87.1,4244.87,0.581,1.698
87.2,4496.17,0.581,1.798
87.3,4832.22,0.582,1.933
87.4,4637.08,0.583,1.855
87.5,4660.55,0.583,1.864
87.6,4455.19,0.584,1.782
87.7,4619.58,0.585,1.848
87.8,4817.76,0.585,1.927
87.9,4700.17,0.586,1.88
88.0,4853.12,0.587,1.941
88.1,4627.61,0.587,1.851
88.2,4681.75,0.588,1.873
88.3,4851.24,0.589,1.94
88.4,4934.58,0.589,1.974
88.5,5001.75,0.59,2.001
88.6,5019.68,0.591,2.008
88.7,5018.39,0.591,2.007
88.8,5074.52,0.592,2.03
88.9,4667.94,0.593,1.867
89.0,4558.48,0.593,1.823
89.1,4468.86,0.594,1.788
89.2,5138.48,0.595,2.055
89.3,5060.35,0.595,2.024
89.4,5172.18,0.596,2.069
89.5,5620.46,0.597,2.248
89.6,5460.09,0.597,2.184
89.7,5155.79,0.598,2.062
89.8,5167.18,0.599,2.067
89.9,4970.46,0.599,1.988
90.0,4983.76,0.6,1.994
90.1,5462.18,0.601,2.185
90.2,5241.8,0.601,2.097
90.3,5230.17,0.602,2.092
90.4,5092.57,0.603,2.037
90.5,5505.37,0.603,2.202
90.6,5439.98,0.604,2.176
90.7,5399.45,0.605,2.16
90.8,5188.7,0.605,2.075
90.9,4898.35,0.606,1.959
91.0,5551.45,0.607,2.221
91.1,5360.73,0.607,2.144
91.2,4656.05,0.608,1.862
91.3,4812.55,0.609,1.925
91.4,4798.47,0.609,1.919
91.5,4368.64,0.61,1.747
91.6,4568.64,0.611,1.827
91.7,4583.08,0.611,1.833
91.8,5126.42,0.612,2.051
91.9,5028.21,0.613,2.011
92.0,5109.93,0.613,2.044
92.1,5173.5,0.614,2.069
92.2,4778.88,0.615,1.912
92.3,4679.24,0.615,1.872
92.4,4738.83,0.616,1.896
92.5,5065.65,0.617,2.026
92.6,5595.3,0.617,2.238
92.7,5216.93,0.618,2.087
92.8,5154.22,0.619,2.062
92.9,4288.88,0.619,1.716
93.0,4184.81,0.62,1.674
93.1,4256.83,0.621,1.703
93.2,5031.27,0.621,2.013
93.3,5185.26,0.622,2.074
93.4,4786.16,0.623,1.914
93.5,4739.37,0.623,1.896
93.6,4433.98,0.624,1.774
93.7,4538.83,0.625,1.816
93.8,4918.6,0.625,1.967
93.9,4798.6,0.626,1.919
94.0,5146.78,0.627,2.059
94.1,5613.45,0.627,2.245
94.2,5479.49,0.628,2.192
94.3,4975.26,0.629,1.99
94.4,5077.19,0.629,2.031
94.5,4906.65,0.63,1.963
94.6,5187.87,0.631,2.075
94.7,5100.65,0.631,2.04
94.8,5004.22,0.632,2.002
94.9,4728.21,0.633,1.891
95.0,4566.03,0.633,1.826
95.1,4750.26,0.634,1.9
95.2,5174.88,0.635,2.07
95.3,5002.83,0.635,2.001
95.4,5129.49,0.636,2.052
95.5,4834.88,0.637,1.934
95.6,4539.16,0.637,1.816
95.7,4783.78,0.638,1.914
95.8,4411.73,0.639,1.765
95.9,4661.73,0.639,1.865
96.0,4810.45,0.64,1.924
96.1,4709.79,0.641,1.884
96.2,5225.35,0.641,2.09
96.3,5087.88,0.642,2.035
96.4,4796.21,0.643,1.918
96.5,4952.88,0.643,1.981
96.6,5250.26,0.644,2.1
96.7,5273.59,0.645,2.109
96.8,5183.6,0.645,2.073
96.9,4783.12,0.646,1.913
97.0,4814.88,0.647,1.926
97.1,4897.88,0.647,1.959
97.2,4938.98,0.648,1.976
97.3,4805.65,0.649,1.922
97.4,4855.65,0.649,1.942
97.5,4764.88,0.65,1.906
97.6,4731.54,0.651,1.893
97.7,5078.98,0.651,2.032
97.8,4954.88,0.652,1.982
97.9,4645.65,0.653,1.858
98.0,4875.65,0.653,1.95
98.1,4764.88,0.654,1.906
98.2,5014.88,0.655,2.006
98.3,5001.54,0.655,2.001
98.4,5214.88,0.656,2.086
98.5,5176.93,0.657,2.071
98.6,5382.31,0.657,2.153
98.7,4848.98,0.658,1.94
98.8,4974.99,0.659,1.99
98.9,5204.75,0.659,2.082
99.0,5491.03,0.66,2.196
99.1,5444.22,0.661,2.178
99.2,5005.65,0.661,2.002
99.3,4999.78,0.662,2.0
99.4,4814.55,0.663,1.926
99.5,4625.35,0.663,1.85
99.6,4671.4,0.664,1.869
99.7,5104.73,0.665,2.042
99.8,4762.5,0.665,1.905
99.9,4629.16,0.666,1.852
100.0,4814.73,0.667,1.926
100.1,4947.11,0.667,1.979
100.2,5040.54,0.668,2.016
100.3,4771.31,0.669,1.909
100.4,4464.39,0.669,1.786
100.5,4551.12,0.67,1.82
100.6,4503.89,0.671,1.802
100.7,4488.32,0.671,1.795
100.8,4561.33,0.672,1.825
100.9,4281.12,0.673,1.712
101.0,4219.09,0.673,1.688
101.1,4462.42,0.674,1.785
101.2,4253.71,0.675,1.701
101.3,4730.19,0.675,1.892
101.4,4262.42,0.676,1.705
101.5,4323.52,0.677,1.729
101.6,4240.19,0.677,1.696
101.7,4621.14,0.678,1.848
101.8,4604.48,0.679,1.842
101.9,4637.81,0.679,1.855
102.0,4847.81,0.68,1.939
102.1,4613.38,0.681,1.845
102.2,4603.38,0.681,1.841
102.3,4590.37,0.682,1.836
102.4,4752.42,0.683,1.901
102.5,4938.32,0.683,1.975
102.6,4939.84,0.684,1.976
102.7,4674.45,0.685,1.87
102.8,4126.69,0.685,1.651
102.9,4209.81,0.686,1.684
103.0,4055.24,0.687,1.622
103.1,4550.02,0.687,1.82
103.2,4538.54,0.688,1.815
103.3,4412.01,0.689,1.765
103.4,4301.12,0.689,1.72
103.5,4430.24,0.69,1.772
103.6,4116.72,0.691,1.647
103.7,4087.02,0.691,1.635
103.8,4147.63,0.692,1.659
103.9,4146.39,0.693,1.659
104.0,4683.65,0.693,1.873
104.1,4440.02,0.694,1.776
104.2,4437.58,0.695,1.775
104.3,4463.04,0.695,1.785
104.4,4584.85,0.696,1.834
104.5,4623.12,0.697,1.849
104.6,4780.91,0.697,1.912
104.7,4889.66,0.698,1.956
104.8,5025.22,0.699,2.01
104.9,4935.65,0.699,1.974
105.0,5128.29,0.7,2.051
105.1,4960.61,0.701,1.984
105.2,5027.58,0.701,2.011
105.3,4815.92,0.702,1.926
105.4,4384.57,0.703,1.754
105.5,4481.45,0.703,1.793
105.6,4490.92,0.704,1.796
105.7,4299.4,0.705,1.72
105.8,4023.66,0.705,1.609
105.9,4278.66,0.706,1.711
106.0,4359.49,0.707,1.744
106.1,4211.39,0.707,1.685
106.2,4331.99,0.708,1.733
106.3,5000.32,0.709,2.0
106.4,4580.26,0.709,1.832
106.5,4825.55,0.71,1.93
106.6,4698.05,0.711,1.879
106.7,4679.56,0.711,1.872
106.8,4589.95,0.712,1.836
106.9,4677.07,0.713,1.871
107.0,4805.96,0.713,1.922
107.1,4781.84,0.714,1.913
107.2,5078.12,0.715,2.031
107.3,5099.33,0.715,2.04
107.4,4464.48,0.716,1.786
107.5,4634.87,0.717,1.854
107.6,4563.12,0.717,1.825
107.7,4736.45,0.718,1.895
107.8,4654.63,0.719,1.862
107.9,5387.9,0.719,2.155
108.0,4976.0,0.72,1.99
108.1,4754.57,0.721,1.902
108.2,4472.81,0.721,1.789
108.3,4439.48,0.722,1.776
108.4,4464.86,0.723,1.786
108.5,4594.57,0.723,1.838
108.6,4738.58,0.724,1.895
108.7,4905.81,0.725,1.962
108.8,4658.12,0.725,1.863
108.9,4697.22,0.726,1.879
109.0,4619.68,0.727,1.848
109.1,4909.83,0.727,1.964
109.2,5012.07,0.728,2.005
109.3,4803.25,0.729,1.921
109.4,4959.6,0.729,1.984
109.5,5235.3,0.73,2.094
109.6,4942.93,0.731,1.977
109.7,5172.69,0.731,2.069
109.8,5171.41,0.732,2.069
109.9,5559.59,0.733,2.224
110.0,5318.79,0.733,2.128
110.1,5221.21,0.734,2.088
110.2,4927.54,0.735,1.971
110.3,5206.53,0.735,2.083
110.4,5404.48,0.736,2.162
110.5,5138.35,0.737,2.055
110.6,4998.74,0.737,1.999
110.7,4966.69,0.738,1.987
110.8,5478.59,0.739,2.191
110.9,5772.96,0.739,2.309
111.0,5340.91,0.74,2.136
111.1,5415.72,0.741,2.166
111.2,5046.6,0.741,2.019
111.3,4960.34,0.742,1.984
111.4,5149.1,0.743,2.06
111.5,5425.02,0.743,2.17
111.6,5373.36,0.744,2.149
111.7,5156.46,0.745,2.063
111.8,4838.51,0.745,1.935
111.9,5283.12,0.746,2.113
112.0,4815.41,0.747,1.926
112.1,4612.61,0.747,1.845
112.2,4954.12,0.748,1.982
112.3,5054.36,0.749,2.022
112.4,5321.53,0.749,2.129
112.5,4783.59,0.75,1.913
112.6,4636.68,0.751,1.855
112.7,5018.92,0.751,2.008
112.8,5252.25,0.752,2.101
112.9,4763.92,0.753,1.906
113.0,4642.81,0.753,1.857
113.1,4764.86,0.754,1.906
113.2,5105.09,0.755,2.042
113.3,4993.82,0.755,1.998
113.4,4847.16,0.756,1.939
113.5,5298.68,0.757,2.119
113.6,4995.43,0.757,1.998
113.7,5034.87,0.758,2.014
113.8,5071.06,0.759,2.028
113.9,5028.82,0.759,2.012
114.0,4995.7,0.76,1.998
114.1,4900.65,0.761,1.96
114.2,5098.37,0.761,2.039
114.3,5145.19,0.762,2.058
114.4,5321.39,0.763,2.129
114.5,5127.2,0.763,2.051
114.6,5040.05,0.764,2.016
114.7,4971.57,0.765,1.989
114.8,4561.3,0.765,1.825
114.9,4590.35,0.766,1.836
115.0,4952.94,0.767,1.981
115.1,4742.94,0.767,1.897
115.2,4754.52,0.768,1.902
115.3,5072.88,0.769,2.029
115.4,4596.58,0.769,1.839
115.5,5283.78,0.77,2.114
115.6,5012.35,0.771,2.005
115.7,4986.34,0.771,1.995
115.8,5303.24,0.772,2.121
115.9,4997.19,0.773,1.999
116.0,4753.31,0.773,1.901
116.1,4528.18,0.774,1.811
116.2,4438.88,0.775,1.776
116.3,4382.87,0.775,1.753
116.4,4496.11,0.776,1.798
116.5,4555.67,0.777,1.822
116.6,4443.31,0.777,1.777
116.7,4386.41,0.778,1.755
116.8,4673.8,0.779,1.87
116.9,4938.62,0.779,1.975
117.0,4666.28,0.78,1.867
117.1,4648.48,0.781,1.859
117.2,5280.16,0.781,2.112
117.3,5167.49,0.782,2.067
117.4,4827.49,0.783,1.931
117.5,4835.5,0.783,1.934
117.6,4827.28,0.784,1.931
117.7,4502.86,0.785,1.801
117.8,4655.09,0.785,1.862
117.9,4730.56,0.786,1.892
118.0,4796.11,0.787,1.918
118.1,4960.55,0.787,1.984
118.2,4949.94,0.788,1.98
118.3,4666.35,0.789,1.867
118.4,4597.07,0.789,1.839
118.5,4880.64,0.79,1.952
118.6,5107.04,0.791,2.043
118.7,5301.17,0.791,2.12
118.8,5066.65,0.792,2.027
118.9,4976.57,0.793,1.991
119.0,4929.9,0.793,1.972
119.1,4921.42,0.794,1.969
119.2,4842.64,0.795,1.937
119.3,4749.76,0.795,1.9
119.4,4943.71,0.796,1.977
119.5,4631.37,0.797,1.853
119.6,4839.85,0.797,1.936
119.7,4789.16,0.798,1.916
119.8,4860.08,0.799,1.944
119.9,4822.04,0.799,1.929
120.0,4744.53,0.8,1.898
120.1,4776.96,0.801,1.911
120.2,4812.03,0.801,1.925
120.3,4315.77,0.802,1.726
120.4,4578.95,0.803,1.832
120.5,4564.18,0.803,1.826
120.6,4494.5,0.804,1.798
120.7,4710.75,0.805,1.884
120.8,5025.66,0.805,2.01
120.9,4970.18,0.806,1.988
121.0,5076.62,0.807,2.031
121.1,4923.15,0.807,1.969
121.2,4989.81,0.808,1.996
121.3,4997.37,0.809,1.999
121.4,4953.14,0.809,1.981
121.5,4648.85,0.81,1.86
121.6,4752.19,0.811,1.901
121.7,4530.86,0.811,1.812
121.8,4394.19,0.812,1.758
121.9,4629.96,0.813,1.852
122.0,5022.91,0.813,2.009
122.1,4637.29,0.814,1.855
122.2,4980.62,0.815,1.992
122.3,4963.14,0.815,1.985
122.4,4712.68,0.816,1.885
122.5,4307.83,0.817,1.723
122.6,4587.29,0.817,1.835
122.7,5033.21,0.818,2.013
122.8,5247.83,0.819,2.099
122.9,5040.69,0.819,2.016
123.0,4934.33,0.82,1.974
123.1,4801.84,0.821,1.921
123.2,4783.2,0.821,1.913
123.3,4768.05,0.822,1.907
123.4,4983.2,0.823,1.993
123.5,4906.3,0.823,1.963
123.6,5098.59,0.824,2.039
123.7,4584.36,0.825,1.834
123.8,4764.59,0.825,1.906
123.9,4346.11,0.826,1.738
124.0,4224.06,0.827,1.69
124.1,4932.85,0.827,1.973
124.2,4723.93,0.828,1.89
124.3,5091.18,0.829,2.036
124.4,4459.21,0.829,1.784
124.5,4943.14,0.83,1.977
124.6,5162.01,0.831,2.065
124.7,5001.09,0.831,2.0
124.8,4912.03,0.832,1.965
124.9,4890.94,0.833,1.956
125.0,4818.23,0.833,1.927
125.1,5051.18,0.834,2.02
125.2,4893.54,0.835,1.957
125.3,4868.16,0.835,1.947
125.4,4864.63,0.836,1.946
125.5,4937.07,0.837,1.975
125.6,4994.78,0.837,1.998
125.7,5086.83,0.838,2.035
125.8,5003.5,0.839,2.001
125.9,5079.51,0.839,2.032
126.0,5262.61,0.84,2.105
126.1,4982.52,0.841,1.993
126.2,5068.65,0.841,2.027
126.3,4888.89,0.842,1.956
126.4,5050.7,0.843,2.02
126.5,4992.93,0.843,1.997
126.6,5054.36,0.844,2.022
126.7,5081.03,0.845,2.032
126.8,5178.8,0.845,2.072
126.9,5265.88,0.846,2.106
127.0,5547.69,0.847,2.219
127.1,5365.87,0.847,2.146
127.2,5255.88,0.848,2.102
127.3,5273.82,0.849,2.11
127.4,5183.82,0.849,2.074
127.5,5350.49,0.85,2.14
127.6,5496.18,0.851,2.198
127.7,5315.88,0.851,2.126
127.8,5200.49,0.852,2.08
127.9,5181.6,0.853,2.073
128.0,4598.27,0.853,1.839
128.1,4798.27,0.854,1.919
128.2,4652.01,0.855,1.861
128.3,4835.34,0.855,1.934
128.4,4668.67,0.856,1.867
128.5,5285.34,0.857,2.114
128.6,5135.34,0.857,2.054
128.7,5022.96,0.858,2.009
128.8,5212.96,0.859,2.085
128.9,5012.96,0.859,2.005
129.0,5079.63,0.86,2.032
129.1,5635.34,0.861,2.254
129.2,5185.34,0.861,2.074
129.3,5193.65,0.862,2.077
129.4,5213.89,0.863,2.086
129.5,4843.89,0.863,1.938
129.6,4843.89,0.864,1.938
129.7,4780.55,0.865,1.912
129.8,4897.22,0.865,1.959
129.9,5092.46,0.866,2.037
130.0,5191.18,0.867,2.076
130.1,5269.66,0.867,2.108
130.2,4936.32,0.868,1.975
130.3,5002.99,0.869,2.001
130.4,5133.76,0.869,2.054
130.5,5247.65,0.87,2.099
130.6,5518.05,0.871,2.207
130.7,5422.11,0.871,2.169
130.8,5355.44,0.872,2.142
130.9,5536.02,0.873,2.214
131.0,5251.5,0.873,2.101
131.1,5161.68,0.874,2.065
131.2,5251.92,0.875,2.101
131.3,5214.06,0.875,2.086
131.4,5442.22,0.876,2.177
131.5,5352.76,0.877,2.141
131.6,5354.82,0.877,2.142
131.7,5331.28,0.878,2.133
131.8,5331.01,0.879,2.132
131.9,5232.43,0.879,2.093
132.0,5491.24,0.88,2.196
132.1,5381.1,0.881,2.152
132.2,5205.86,0.881,2.082
132.3,5218.57,0.882,2.087
132.4,5465.24,0.883,2.186
132.5,5305.63,0.883,2.122
132.6,5841.75,0.884,2.337
132.7,5759.93,0.885,2.304
132.8,5578.42,0.885,2.231
132.9,5261.75,0.886,2.105
133.0,5378.42,0.887,2.151
133.1,5481.45,0.887,2.193
133.2,5681.45,0.888,2.273
133.3,5508.11,0.889,2.203
133.4,5699.72,0.889,2.28
133.5,5434.87,0.89,2.174
133.6,5470.02,0.891,2.188
133.7,5478.42,0.891,2.191
133.8,5576.6,0.892,2.231
133.9,5678.42,0.893,2.271
134.0,5359.93,0.893,2.144
134.1,5249.93,0.894,2.1
134.2,5143.27,0.895,2.057
134.3,5320.02,0.895,2.128
134.4,5316.6,0.896,2.127
134.5,5622.96,0.897,2.249
134.6,5528.12,0.897,2.211
134.7,5516.6,0.898,2.207
134.8,5163.66,0.899,2.065
134.9,5227.96,0.899,2.091
135.0,5008.12,0.9,2.003
135.1,5008.12,0.901,2.003
135.2,5329.63,0.901,2.132
135.3,5593.27,0.902,2.237
135.4,5301.14,0.903,2.12
135.5,5402.66,0.903,2.161
135.6,5649.72,0.904,2.26
135.7,5645.17,0.905,2.258
135.8,5725.96,0.905,2.29
135.9,5629.72,0.906,2.252
136.0,5366.3,0.907,2.147
136.1,5358.42,0.907,2.143
136.2,5302.96,0.908,2.121
136.3,5574.78,0.909,2.23
136.4,5620.02,0.909,2.248
136.5,5888.12,0.91,2.355
136.6,5788.12,0.911,2.315
136.7,5574.78,0.911,2.23
136.8,5543.66,0.912,2.217
136.9,5546.69,0.913,2.219
137.0,5548.52,0.913,2.219
137.1,5548.52,0.914,2.219
137.2,5566.7,0.915,2.227
137.3,5366.7,0.915,2.147
137.4,5499.02,0.916,2.2
137.5,5521.25,0.917,2.208
137.6,5299.02,0.917,2.12
137.7,5317.21,0.918,2.127
137.8,5517.21,0.919,2.207
137.9,5817.21,0.919,2.327
138.0,5917.21,0.92,2.367
138.1,5517.21,0.921,2.207
138.2,5615.69,0.921,2.246
138.3,5713.87,0.922,2.286
138.4,5513.87,0.923,2.206
138.5,5513.87,0.923,2.206
138.6,5713.87,0.924,2.286
138.7,5783.87,0.925,2.314
138.8,5782.06,0.925,2.313
138.9,5982.36,0.926,2.393
139.0,5980.54,0.927,2.392
139.1,5944.78,0.927,2.378
139.2,6048.42,0.928,2.419
139.3,5963.27,0.929,2.385
139.4,5894.78,0.929,2.358
139.5,5411.45,0.93,2.165
139.6,5429.93,0.931,2.172
139.7,5711.45,0.931,2.285
139.8,5791.14,0.932,2.316
139.9,5791.14,0.933,2.316
140.0,5597.81,0.933,2.239
140.1,5601.45,0.934,2.241
140.2,5399.63,0.935,2.16
140.3,5491.14,0.935,2.196
140.4,5589.33,0.936,2.236
140.5,5329.93,0.937,2.132
140.6,5429.93,0.937,2.172
140.7,5628.12,0.938,2.251
140.8,5611.45,0.939,2.245
140.9,5613.27,0.939,2.245
141.0,5529.93,0.94,2.212
141.1,5803.27,0.941,2.321
141.2,5794.78,0.941,2.318
141.3,5597.81,0.942,2.239
141.4,5591.14,0.943,2.236
141.5,5611.45,0.943,2.245
141.6,5694.78,0.944,2.278
141.7,5503.27,0.945,2.201
141.8,5729.93,0.945,2.292
141.9,5628.12,0.946,2.251
142.0,5403.27,0.947,2.161
142.1,5490.02,0.947,2.196
142.2,5386.38,0.948,2.155
142.3,5329.93,0.949,2.132
142.4,5413.27,0.949,2.165
142.5,5353.05,0.95,2.141
142.6,5354.87,0.951,2.142
142.7,5579.93,0.951,2.232
142.8,5586.38,0.952,2.235
142.9,5684.56,0.953,2.274
143.0,5711.45,0.953,2.285
143.1,5729.93,0.954,2.292
143.2,5865.08,0.955,2.346
143.3,5666.9,0.955,2.267
143.4,5866.9,0.956,2.347
143.5,5866.9,0.957,2.347
143.6,5666.9,0.957,2.267
143.7,5766.9,0.958,2.307
143.8,5666.9,0.959,2.267
143.9,5666.9,0.959,2.267
144.0,5866.9,0.96,2.347
144.1,5866.9,0.961,2.347
144.2,5866.9,0.961,2.347
144.3,5866.9,0.962,2.347
144.4,5866.9,0.963,2.347
144.5,6066.9,0.963,2.427
144.6,6066.9,0.964,2.427
144.7,5911.45,0.965,2.365
144.8,5765.08,0.965,2.306
144.9,5766.9,0.966,2.307
145.0,5966.9,0.967,2.387
145.1,5866.9,0.967,2.347
145.2,5866.9,0.968,2.347
145.3,5866.9,0.969,2.347
145.4,5866.9,0.969,2.347
145.5,5866.9,0.97,2.347
145.6,5866.9,0.971,2.347
145.7,5666.9,0.971,2.267
145.8,5765.08,0.972,2.306
145.9,5963.27,0.973,2.385
146.0,5684.56,0.973,2.274
146.1,5680.93,0.974,2.272
146.2,5684.56,0.975,2.274
146.3,5684.56,0.975,2.274
146.4,5899.63,0.976,2.36
146.5,5928.12,0.977,2.371
146.6,5965.08,0.977,2.386
146.7,5765.08,0.978,2.306
146.8,5711.45,0.979,2.285
146.9,5811.45,0.979,2.325
147.0,6066.9,0.98,2.427
147.1,5913.27,0.981,2.365
147.2,5884.56,0.981,2.354
147.3,5884.56,0.982,2.354
147.4,5879.18,0.983,2.352
147.5,5691.14,0.983,2.276
147.6,5884.56,0.984,2.354
147.7,5691.14,0.985,2.276
147.8,5596.6,0.985,2.239
147.9,5557.81,0.986,2.223
148.0,5535.39,0.987,2.214
148.1,5879.18,0.987,2.352
148.2,5784.56,0.988,2.314
148.3,5691.14,0.989,2.276
148.4,5709.63,0.989,2.284
148.5,5689.33,0.99,2.276
148.6,5679.18,0.991,2.272
148.7,5679.18,0.991,2.272
148.8,5674.58,0.992,2.27
148.9,5674.58,0.993,2.27
149.0,5679.18,0.993,2.272
149.1,5711.45,0.994,2.285
149.2,5866.9,0.995,2.347
149.3,5966.9,0.995,2.387
149.4,6066.9,0.996,2.427
149.5,5965.08,0.997,2.386
149.6,5965.08,0.997,2.386
149.7,6066.9,0.998,2.427
149.8,6066.9,0.999,2.427
149.9,6066.9,0.999,2.427
