Time,Average Abs(zi-z_goal)/range,Sum Linear Coverage,Time/Total Time,max_x,max_y,min_x,min_y,Perimeter,Sum Linear Coverage/Perimeter
0.0,0.278,0.0,0.0,24.4,12.9,-24.8,-10.0,144.2,0.0
0.1,0.278,67.7,0.001,24.4,12.9,-24.8,-9.9,144.0,0.47
0.2,0.274,67.7,0.001,24.4,12.8,-24.9,-9.8,143.8,0.471
0.3,0.266,67.7,0.002,24.4,12.8,-24.8,-9.8,143.6,0.471
0.4,0.26,67.7,0.003,24.5,12.8,-24.8,-9.8,143.8,0.471
0.5,0.254,67.7,0.003,24.5,12.8,-24.8,-9.9,144.0,0.47
0.6,0.249,67.7,0.004,24.5,12.8,-24.9,-9.8,144.0,0.47
0.7,0.243,67.7,0.005,24.5,12.8,-24.9,-9.7,143.8,0.471
0.8,0.237,67.7,0.005,24.5,12.8,-24.8,-9.8,143.8,0.471
0.9,0.232,67.7,0.006,24.5,12.8,-24.8,-9.9,144.0,0.47
1.0,0.229,67.7,0.007,24.5,12.9,-24.8,-9.8,144.0,0.47
1.1,0.226,67.7,0.007,24.5,12.9,-24.8,-9.9,144.2,0.469
1.2,0.221,67.7,0.008,24.4,12.9,-24.9,-9.9,144.2,0.469
1.3,0.215,67.7,0.009,24.3,12.9,-24.9,-10.0,144.2,0.469
1.4,0.208,67.7,0.009,24.2,12.9,-24.9,-9.9,143.8,0.471
1.5,0.201,67.7,0.01,24.0,12.8,-24.9,-9.9,143.2,0.473
1.6,0.196,67.7,0.011,23.9,12.8,-24.9,-9.9,143.0,0.473
1.7,0.189,67.7,0.011,23.8,12.8,-24.8,-9.8,142.4,0.475
1.8,0.186,67.7,0.012,23.6,12.7,-24.7,-9.8,141.6,0.478
1.9,0.191,67.7,0.013,23.5,12.6,-24.7,-9.9,141.4,0.479
2.0,0.197,67.7,0.013,23.3,12.6,-24.7,-9.9,141.0,0.48
2.1,0.203,67.7,0.014,23.1,12.5,-24.8,-10.0,140.8,0.481
2.2,0.209,67.7,0.015,23.0,12.4,-24.8,-10.0,140.4,0.482
2.3,0.213,67.7,0.015,22.8,12.4,-24.8,-10.0,140.0,0.484
2.4,0.219,67.7,0.016,22.6,12.3,-24.8,-10.0,139.4,0.486
2.5,0.225,67.7,0.017,22.4,12.2,-24.8,-10.1,139.0,0.487
2.6,0.227,67.7,0.017,22.4,12.1,-24.9,-10.1,139.0,0.487
2.7,0.228,67.7,0.018,22.4,12.0,-24.8,-10.2,138.8,0.488
2.8,0.23,67.7,0.019,22.5,11.8,-24.8,-10.3,138.8,0.488
2.9,0.232,67.7,0.019,22.5,11.5,-24.8,-10.3,138.2,0.49
3.0,0.236,67.7,0.02,22.5,11.4,-24.7,-10.5,138.2,0.49
3.1,0.236,67.7,0.021,22.5,11.1,-24.6,-10.8,138.0,0.491
3.2,0.238,67.7,0.021,22.5,11.0,-24.7,-10.7,137.8,0.491
3.3,0.24,67.7,0.022,22.5,10.8,-24.6,-10.8,137.4,0.493
3.4,0.239,67.7,0.023,22.5,10.6,-24.5,-11.0,137.2,0.493
3.5,0.241,67.7,0.023,22.3,10.4,-24.3,-11.2,136.4,0.496
3.6,0.242,67.7,0.024,22.1,10.3,-24.2,-11.5,136.2,0.497
3.7,0.243,67.7,0.025,21.8,10.2,-24.2,-11.7,135.8,0.499
3.8,0.243,67.7,0.025,21.6,10.0,-24.1,-11.8,135.0,0.501
3.9,0.243,67.7,0.026,21.5,9.8,-24.0,-11.9,134.4,0.504
4.0,0.242,67.7,0.027,21.3,9.8,-23.9,-12.2,134.4,0.504
4.1,0.242,67.7,0.027,21.3,9.7,-23.8,-12.5,134.6,0.503
4.2,0.243,67.7,0.028,21.1,9.5,-23.8,-12.8,134.4,0.504
4.3,0.243,67.7,0.029,21.0,9.4,-23.7,-12.9,134.0,0.505
4.4,0.243,67.7,0.029,20.8,9.3,-23.7,-13.1,133.8,0.506
4.5,0.243,67.7,0.03,20.6,9.2,-23.7,-13.4,133.8,0.506
4.6,0.241,67.7,0.031,20.4,9.1,-23.5,-13.5,133.0,0.509
4.7,0.241,67.7,0.031,20.2,9.0,-23.4,-13.8,132.8,0.51
4.8,0.239,67.7,0.032,20.0,8.9,-23.3,-13.9,132.2,0.512
4.9,0.237,67.7,0.033,19.8,8.8,-23.2,-14.0,131.6,0.514
5.0,0.235,67.7,0.033,19.6,8.7,-23.0,-14.2,131.0,0.517
5.1,0.234,67.7,0.034,19.5,8.5,-22.9,-14.4,130.6,0.518
5.2,0.233,67.7,0.035,19.3,8.4,-22.8,-14.5,130.0,0.521
5.3,0.231,67.7,0.035,19.1,8.3,-22.7,-14.7,129.6,0.522
5.4,0.231,67.7,0.036,19.0,8.1,-22.5,-14.9,129.0,0.525
5.5,0.23,67.7,0.037,18.9,8.0,-22.5,-15.0,128.8,0.526
5.6,0.228,67.7,0.037,18.7,7.9,-22.4,-15.1,128.2,0.528
5.7,0.224,67.7,0.038,18.5,7.8,-22.3,-15.4,128.0,0.529
5.8,0.221,67.7,0.039,18.3,7.7,-22.1,-15.6,127.4,0.531
5.9,0.218,67.7,0.039,18.1,7.5,-22.0,-15.9,127.0,0.533
6.0,0.214,67.7,0.04,18.0,7.4,-21.8,-16.0,126.4,0.536
6.1,0.211,67.7,0.041,17.8,7.3,-21.6,-16.2,125.8,0.538
6.2,0.207,67.7,0.041,17.6,7.2,-21.4,-16.3,125.0,0.542
6.3,0.206,67.7,0.042,17.4,7.1,-21.4,-16.4,124.6,0.543
6.4,0.204,67.7,0.043,17.3,7.0,-21.4,-16.5,124.4,0.544
6.5,0.2,67.7,0.043,17.1,6.8,-21.5,-16.5,123.8,0.547
6.6,0.196,67.7,0.044,16.9,6.8,-21.3,-16.7,123.4,0.549
6.7,0.192,67.7,0.045,16.7,6.6,-21.1,-16.8,122.4,0.553
6.8,0.19,67.7,0.045,16.5,6.5,-21.1,-16.9,122.0,0.555
6.9,0.186,67.7,0.046,16.4,6.4,-20.8,-16.8,120.8,0.56
7.0,0.183,67.7,0.047,16.2,6.3,-20.8,-16.6,119.8,0.565
7.1,0.181,67.7,0.047,16.0,6.2,-20.6,-16.5,118.6,0.571
7.2,0.178,67.7,0.048,15.8,6.0,-20.6,-16.5,117.8,0.575
7.3,0.175,67.7,0.049,15.7,5.8,-20.3,-16.5,116.6,0.581
7.4,0.171,67.7,0.049,15.5,5.7,-20.2,-16.5,115.8,0.585
7.5,0.167,67.7,0.05,15.3,5.5,-20.1,-16.5,114.8,0.59
7.6,0.164,67.7,0.051,15.2,5.3,-20.0,-16.3,113.6,0.596
7.7,0.16,67.7,0.051,15.1,5.1,-19.8,-16.1,112.2,0.603
7.8,0.158,67.7,0.052,14.9,4.9,-19.8,-16.1,111.4,0.608
7.9,0.153,67.7,0.053,14.7,4.7,-19.7,-15.8,109.8,0.617
8.0,0.15,67.7,0.053,14.5,4.5,-19.6,-15.5,108.2,0.626
8.1,0.146,67.7,0.054,14.3,4.3,-19.5,-15.4,107.0,0.633
8.2,0.142,67.7,0.055,14.2,4.1,-19.5,-15.3,106.2,0.637
8.3,0.138,67.7,0.055,14.0,3.9,-19.3,-15.2,104.8,0.646
8.4,0.134,67.7,0.056,13.9,3.6,-19.3,-15.1,103.8,0.652
8.5,0.131,67.7,0.057,13.7,3.4,-19.3,-14.9,102.6,0.66
8.6,0.128,67.7,0.057,13.5,3.2,-19.2,-14.7,101.2,0.669
8.7,0.124,67.7,0.058,13.3,3.0,-19.3,-14.6,100.4,0.674
8.8,0.12,67.7,0.059,13.1,2.8,-19.3,-14.6,99.6,0.68
8.9,0.116,67.7,0.059,13.0,2.7,-19.2,-14.5,98.8,0.685
9.0,0.113,67.7,0.06,12.8,2.5,-19.2,-14.3,97.6,0.694
9.1,0.11,67.7,0.061,12.7,2.4,-19.1,-14.2,96.8,0.699
9.2,0.107,67.7,0.061,12.5,2.3,-19.0,-14.0,95.6,0.708
9.3,0.102,67.7,0.062,12.3,2.0,-19.0,-14.0,94.6,0.716
9.4,0.099,45.14,0.063,12.2,1.8,-19.0,-13.9,93.8,0.481
9.5,0.097,45.14,0.063,12.0,1.6,-18.9,-13.7,92.4,0.489
9.6,0.094,45.14,0.064,11.8,1.5,-18.9,-13.7,91.8,0.492
9.7,0.092,45.14,0.065,11.6,1.3,-18.8,-13.4,90.2,0.5
9.8,0.089,45.14,0.065,11.4,1.0,-18.7,-13.3,88.8,0.508
9.9,0.087,45.14,0.066,11.3,0.8,-18.6,-13.2,87.8,0.514
10.0,0.086,45.14,0.067,11.1,0.7,-18.6,-13.0,86.8,0.52
10.1,0.085,45.14,0.067,10.9,0.8,-18.5,-12.9,86.2,0.524
10.2,0.084,45.14,0.068,10.8,0.8,-18.4,-12.6,85.2,0.53
10.3,0.084,45.14,0.069,10.6,0.9,-18.3,-12.5,84.6,0.534
10.4,0.081,45.14,0.069,10.5,0.8,-18.3,-12.3,83.8,0.539
10.5,0.078,45.14,0.07,10.3,0.7,-18.0,-12.1,82.2,0.549
10.6,0.075,45.14,0.071,10.2,0.6,-17.9,-12.1,81.6,0.553
10.7,0.075,45.14,0.071,10.0,0.7,-17.6,-12.0,80.6,0.56
10.8,0.074,45.14,0.072,9.9,0.8,-17.6,-12.0,80.6,0.56
10.9,0.071,45.14,0.073,9.7,0.6,-17.4,-11.8,79.0,0.571
11.0,0.07,45.14,0.073,9.6,0.5,-17.3,-11.8,78.4,0.576
11.1,0.068,45.14,0.074,9.4,0.5,-17.2,-11.6,77.4,0.583
11.2,0.067,45.14,0.075,9.3,0.5,-17.1,-11.6,77.0,0.586
11.3,0.065,45.14,0.075,9.1,0.5,-16.8,-11.6,76.0,0.594
11.4,0.063,45.14,0.076,9.0,0.5,-16.8,-11.6,75.8,0.596
11.5,0.061,45.14,0.077,8.8,0.5,-16.5,-11.6,74.8,0.603
11.6,0.058,45.14,0.077,8.6,0.5,-16.3,-11.5,73.8,0.612
11.7,0.057,45.14,0.078,8.5,0.4,-16.3,-11.4,73.2,0.617
11.8,0.056,45.14,0.079,8.3,0.5,-16.2,-11.3,72.6,0.622
11.9,0.055,45.14,0.079,8.1,0.5,-16.0,-11.2,71.6,0.63
12.0,0.053,45.14,0.08,7.9,0.5,-15.9,-11.1,70.8,0.638
12.1,0.05,45.14,0.081,7.7,0.5,-15.7,-11.1,70.0,0.645
12.2,0.047,45.14,0.081,7.6,0.3,-15.6,-11.0,69.0,0.654
12.3,0.045,45.14,0.082,7.4,0.2,-15.5,-10.9,68.0,0.664
12.4,0.043,45.14,0.083,7.2,0.3,-15.2,-11.0,67.4,0.67
12.5,0.043,45.14,0.083,7.1,0.3,-15.2,-10.9,67.0,0.674
12.6,0.041,45.14,0.084,6.9,0.3,-15.0,-10.8,66.0,0.684
12.7,0.038,45.14,0.085,6.8,0.2,-14.9,-10.7,65.2,0.692
12.8,0.035,45.14,0.085,6.6,0.0,-14.8,-10.8,64.4,0.701
12.9,0.033,45.14,0.086,6.4,-0.0,-14.6,-10.8,63.6,0.71
13.0,0.031,45.14,0.087,6.3,-0.1,-14.6,-10.7,63.0,0.717
13.1,0.029,45.14,0.087,6.1,-0.1,-14.4,-10.7,62.2,0.726
13.2,0.027,45.14,0.088,5.9,-0.2,-14.2,-10.8,61.4,0.735
13.3,0.025,45.14,0.089,5.8,-0.1,-14.0,-10.8,61.0,0.74
13.4,0.025,45.14,0.089,5.6,-0.0,-14.0,-10.7,60.6,0.745
13.5,0.024,45.14,0.09,5.4,-0.0,-13.9,-10.7,60.0,0.752
13.6,0.022,45.14,0.091,5.3,-0.1,-13.7,-10.7,59.2,0.762
13.7,0.018,45.14,0.091,5.1,-0.3,-13.5,-10.9,58.4,0.773
13.8,0.017,45.14,0.092,5.0,-0.2,-13.5,-10.9,58.4,0.773
13.9,0.015,45.14,0.093,4.8,-0.2,-13.3,-11.0,57.8,0.781
14.0,0.014,45.14,0.093,4.7,-0.2,-13.3,-11.0,57.6,0.784
14.1,0.012,45.14,0.094,4.6,-0.2,-13.2,-11.2,57.6,0.784
14.2,0.008,45.14,0.095,4.4,-0.3,-12.9,-11.2,56.4,0.8
14.3,0.006,45.14,0.095,4.2,-0.5,-12.9,-11.2,55.6,0.812
14.4,0.005,45.14,0.096,4.4,-0.4,-12.7,-11.3,56.0,0.806
14.5,0.006,45.14,0.097,4.4,-0.2,-12.6,-11.3,56.2,0.803
14.6,0.005,45.14,0.097,4.6,-0.0,-12.5,-11.3,56.8,0.795
14.7,0.004,45.14,0.098,4.7,-0.1,-12.3,-11.5,56.8,0.795
14.8,0.004,45.14,0.099,4.7,-0.4,-12.2,-11.4,55.8,0.809
14.9,0.005,45.14,0.099,4.8,-0.5,-12.3,-11.3,55.8,0.809
15.0,0.006,45.14,0.1,5.1,-0.5,-12.3,-11.3,56.4,0.8
15.1,0.007,45.14,0.101,5.3,-0.5,-12.2,-11.4,56.8,0.795
15.2,0.007,45.14,0.101,5.4,-0.7,-12.2,-11.5,56.8,0.795
15.3,0.007,45.14,0.102,5.6,-0.8,-12.2,-11.5,57.0,0.792
15.4,0.009,45.14,0.103,5.4,-0.8,-12.2,-11.6,56.8,0.795
15.5,0.01,45.14,0.103,5.5,-0.8,-12.1,-11.6,56.8,0.795
15.6,0.01,45.14,0.104,5.5,-0.9,-12.1,-11.6,56.6,0.798
15.7,0.012,45.14,0.105,5.5,-0.9,-12.2,-11.6,56.8,0.795
15.8,0.012,45.14,0.105,5.8,-0.8,-12.2,-11.7,57.8,0.781
15.9,0.014,45.14,0.106,6.0,-1.0,-12.2,-11.8,58.0,0.778
16.0,0.015,45.14,0.107,6.1,-1.0,-12.2,-11.9,58.4,0.773
16.1,0.016,45.14,0.107,6.0,-0.9,-12.2,-11.8,58.2,0.776
16.2,0.017,45.14,0.108,5.8,-0.9,-12.3,-11.8,58.0,0.778
16.3,0.017,45.14,0.109,5.5,-1.0,-12.2,-11.8,57.0,0.792
16.4,0.018,45.14,0.109,5.4,-1.0,-12.2,-11.7,56.6,0.798
16.5,0.02,45.14,0.11,5.2,-1.1,-12.2,-11.7,56.0,0.806
16.6,0.021,45.14,0.111,5.2,-1.2,-12.1,-11.7,55.6,0.812
16.7,0.022,45.14,0.111,5.0,-1.4,-12.0,-11.7,54.6,0.827
16.8,0.023,45.14,0.112,4.8,-1.6,-12.1,-11.8,54.2,0.833
16.9,0.024,45.14,0.113,4.8,-1.7,-12.0,-11.8,53.8,0.839
17.0,0.026,45.14,0.113,4.8,-1.6,-12.1,-11.8,54.2,0.833
17.1,0.028,45.14,0.114,4.7,-1.5,-12.0,-11.7,53.8,0.839
17.2,0.032,45.14,0.115,4.5,-1.5,-12.0,-11.8,53.6,0.842
17.3,0.035,45.14,0.115,4.4,-1.5,-12.0,-11.9,53.6,0.842
17.4,0.038,45.14,0.116,4.2,-1.5,-11.9,-11.9,53.0,0.852
17.5,0.04,45.14,0.117,4.0,-1.5,-12.0,-11.9,52.8,0.855
17.6,0.042,45.14,0.117,3.8,-1.7,-12.0,-12.0,52.2,0.865
17.7,0.043,45.14,0.118,3.7,-1.8,-12.1,-12.0,52.0,0.868
17.8,0.048,45.14,0.119,4.0,-1.8,-12.0,-12.1,52.6,0.858
17.9,0.051,45.14,0.119,4.1,-1.7,-12.1,-12.0,53.0,0.852
18.0,0.053,45.14,0.12,3.9,-1.8,-12.0,-11.9,52.0,0.868
18.1,0.054,45.14,0.121,3.6,-1.8,-12.1,-11.9,51.6,0.875
18.2,0.056,45.14,0.121,3.3,-1.8,-12.1,-11.8,50.8,0.889
18.3,0.058,45.14,0.122,3.1,-1.8,-12.1,-11.9,50.6,0.892
18.4,0.061,45.14,0.123,3.2,-1.9,-12.1,-12.0,50.8,0.889
18.5,0.064,45.14,0.123,3.3,-1.8,-12.1,-12.0,51.2,0.882
18.6,0.065,45.14,0.124,3.4,-1.8,-12.0,-11.9,51.0,0.885
18.7,0.066,45.14,0.125,3.3,-2.0,-12.0,-12.0,50.6,0.892
18.8,0.071,45.14,0.125,3.6,-1.9,-11.9,-12.1,51.4,0.878
18.9,0.071,45.14,0.126,3.7,-2.0,-11.9,-12.1,51.4,0.878
19.0,0.071,45.14,0.127,3.5,-2.1,-11.9,-12.0,50.6,0.892
19.1,0.073,45.14,0.127,3.4,-2.0,-11.9,-12.0,50.6,0.892
19.2,0.074,45.14,0.128,3.2,-2.1,-11.9,-11.9,49.8,0.906
19.3,0.075,45.14,0.129,3.3,-2.2,-11.9,-11.8,49.6,0.91
19.4,0.077,45.14,0.129,3.3,-2.3,-11.8,-11.9,49.4,0.914
19.5,0.081,45.14,0.13,3.5,-2.4,-11.8,-12.0,49.8,0.906
19.6,0.083,45.14,0.131,3.5,-2.4,-11.7,-12.1,49.8,0.906
19.7,0.086,45.14,0.131,3.4,-2.3,-11.7,-12.2,50.0,0.903
19.8,0.087,45.14,0.132,3.3,-2.3,-11.8,-12.1,49.8,0.906
19.9,0.091,45.14,0.133,3.1,-2.3,-11.8,-12.2,49.6,0.91
20.0,0.095,45.14,0.133,3.0,-2.3,-11.7,-12.3,49.4,0.914
20.1,0.097,45.14,0.134,2.8,-2.2,-11.7,-12.3,49.2,0.917
20.2,0.099,45.14,0.135,2.6,-2.2,-11.7,-12.3,48.8,0.925
20.3,0.099,45.14,0.135,2.5,-2.2,-11.7,-12.2,48.4,0.933
20.4,0.102,45.14,0.136,2.3,-2.2,-11.7,-12.3,48.2,0.937
20.5,0.105,45.14,0.137,2.0,-2.3,-11.7,-12.4,47.6,0.948
20.6,0.107,45.14,0.137,1.8,-2.4,-11.7,-12.5,47.2,0.956
20.7,0.109,45.14,0.138,1.8,-2.3,-11.8,-12.5,47.6,0.948
20.8,0.111,45.14,0.139,1.8,-2.2,-11.9,-12.5,48.0,0.94
20.9,0.111,45.14,0.139,1.6,-2.4,-12.0,-12.5,47.4,0.952
21.0,0.111,45.14,0.14,1.6,-2.4,-12.0,-12.5,47.4,0.952
21.1,0.112,45.14,0.141,1.5,-2.5,-11.9,-12.6,47.0,0.96
21.2,0.113,45.14,0.141,1.6,-2.6,-12.0,-12.7,47.4,0.952
21.3,0.114,45.14,0.142,1.3,-2.6,-12.0,-12.8,47.0,0.96
21.4,0.115,45.14,0.143,1.4,-2.7,-12.1,-12.9,47.4,0.952
21.5,0.114,45.14,0.143,1.3,-2.7,-12.1,-12.9,47.2,0.956
21.6,0.112,45.14,0.144,1.1,-2.8,-12.1,-12.8,46.4,0.973
21.7,0.113,45.14,0.145,1.1,-2.9,-12.2,-12.9,46.6,0.969
21.8,0.113,45.14,0.145,1.1,-2.9,-12.2,-13.0,46.8,0.965
21.9,0.112,45.14,0.146,1.0,-3.1,-12.3,-13.0,46.4,0.973
22.0,0.112,45.14,0.147,0.9,-3.2,-12.4,-13.0,46.2,0.977
22.1,0.112,45.14,0.147,0.6,-3.3,-12.5,-13.0,45.6,0.99
22.2,0.112,45.14,0.148,0.4,-3.4,-12.5,-13.0,45.0,1.003
22.3,0.112,45.14,0.149,0.2,-3.5,-12.5,-13.1,44.6,1.012
22.4,0.111,45.14,0.149,0.0,-3.6,-12.5,-13.2,44.2,1.021
22.5,0.11,45.14,0.15,-0.0,-3.6,-12.3,-13.3,44.0,1.026
22.6,0.11,45.14,0.151,0.0,-3.6,-12.3,-13.4,44.2,1.021
22.7,0.111,45.14,0.151,-0.0,-3.7,-12.3,-13.5,44.2,1.021
22.8,0.11,45.14,0.152,-0.1,-3.7,-12.1,-13.7,44.0,1.026
22.9,0.11,45.14,0.153,-0.2,-3.7,-12.1,-13.9,44.2,1.021
23.0,0.108,45.14,0.153,-0.3,-3.8,-11.9,-14.0,43.6,1.035
23.1,0.107,45.14,0.154,-0.6,-3.8,-11.9,-14.1,43.2,1.045
23.2,0.105,45.14,0.155,-0.7,-3.8,-11.7,-14.3,43.0,1.05
23.3,0.104,45.14,0.155,-0.8,-3.8,-11.7,-14.6,43.4,1.04
23.4,0.102,45.14,0.156,-0.9,-3.9,-11.5,-14.7,42.8,1.055
23.5,0.1,45.14,0.157,-1.0,-3.7,-11.5,-14.9,43.4,1.04
23.6,0.097,45.14,0.157,-1.2,-3.5,-11.4,-15.0,43.4,1.04
23.7,0.096,45.14,0.158,-1.4,-3.4,-11.4,-15.2,43.6,1.035
23.8,0.095,45.14,0.159,-1.5,-3.5,-11.4,-15.5,43.8,1.031
23.9,0.095,45.14,0.159,-1.6,-3.6,-11.4,-15.6,43.6,1.035
24.0,0.093,45.14,0.16,-1.8,-3.5,-11.3,-15.7,43.4,1.04
24.1,0.091,45.14,0.161,-2.1,-3.4,-11.3,-15.8,43.2,1.045
24.2,0.091,45.14,0.161,-2.3,-3.4,-11.3,-15.7,42.6,1.06
24.3,0.091,45.14,0.162,-2.4,-3.4,-11.4,-15.7,42.6,1.06
24.4,0.091,45.14,0.163,-2.2,-3.4,-11.5,-15.7,43.2,1.045
24.5,0.09,45.14,0.163,-1.8,-3.3,-11.4,-15.7,44.0,1.026
24.6,0.088,45.14,0.164,-1.7,-3.3,-11.4,-15.6,44.0,1.026
24.7,0.087,45.14,0.165,-1.8,-3.3,-11.5,-15.6,44.0,1.026
24.8,0.086,45.14,0.165,-1.9,-3.4,-11.4,-15.6,43.4,1.04
24.9,0.085,45.14,0.166,-2.1,-3.4,-11.4,-15.5,42.8,1.055
25.0,0.083,45.14,0.167,-2.1,-3.3,-11.3,-15.5,42.8,1.055
25.1,0.081,45.14,0.167,-2.1,-3.2,-11.2,-15.6,43.0,1.05
25.2,0.079,45.14,0.168,-2.2,-3.1,-11.2,-15.6,43.0,1.05
25.3,0.077,45.14,0.169,-2.2,-2.8,-10.9,-15.5,42.8,1.055
25.4,0.074,45.14,0.169,-2.3,-2.6,-10.8,-15.6,43.0,1.05
25.5,0.073,45.14,0.17,-2.4,-2.5,-10.8,-15.5,42.8,1.055
25.6,0.072,45.14,0.171,-2.5,-2.4,-10.8,-15.5,42.8,1.055
25.7,0.069,45.14,0.171,-2.5,-2.3,-10.6,-15.5,42.6,1.06
25.8,0.068,45.14,0.172,-2.5,-2.1,-10.5,-15.4,42.6,1.06
25.9,0.066,45.14,0.173,-2.7,-2.2,-10.5,-15.3,41.8,1.08
26.0,0.065,45.14,0.173,-2.7,-2.2,-10.5,-15.3,41.8,1.08
26.1,0.064,45.14,0.174,-2.7,-2.2,-10.7,-15.5,42.6,1.06
26.2,0.064,45.14,0.175,-2.6,-2.2,-10.8,-15.7,43.4,1.04
26.3,0.063,45.14,0.175,-2.5,-2.1,-10.9,-16.0,44.6,1.012
26.4,0.061,45.14,0.176,-2.4,-2.0,-10.9,-16.2,45.4,0.994
26.5,0.059,45.14,0.177,-2.5,-1.9,-11.1,-16.3,46.0,0.981
26.6,0.057,45.14,0.177,-2.7,-1.8,-11.3,-16.5,46.6,0.969
26.7,0.056,45.14,0.178,-2.7,-1.5,-11.5,-16.5,47.6,0.948
26.8,0.055,45.14,0.179,-2.7,-1.6,-11.6,-16.6,47.8,0.944
26.9,0.053,45.14,0.179,-2.7,-1.7,-11.6,-16.7,47.8,0.944
27.0,0.051,45.14,0.18,-2.6,-1.9,-11.8,-16.7,48.0,0.94
27.1,0.049,45.14,0.181,-2.5,-1.8,-11.8,-16.8,48.6,0.929
27.2,0.047,45.14,0.181,-2.4,-1.6,-11.8,-16.9,49.4,0.914
27.3,0.047,45.14,0.182,-2.2,-1.4,-11.9,-17.1,50.8,0.889
27.4,0.047,45.14,0.183,-2.1,-1.5,-12.0,-17.2,51.2,0.882
27.5,0.047,45.14,0.183,-2.0,-1.6,-12.2,-17.4,52.0,0.868
27.6,0.045,45.14,0.184,-2.1,-1.8,-12.4,-17.5,52.0,0.868
27.7,0.044,45.14,0.185,-2.1,-1.7,-12.6,-17.6,52.8,0.855
27.8,0.042,45.14,0.185,-2.3,-1.6,-12.8,-17.7,53.2,0.848
27.9,0.04,45.14,0.186,-2.5,-1.5,-13.0,-17.8,53.6,0.842
28.0,0.038,45.14,0.187,-2.7,-1.3,-13.0,-18.0,54.0,0.836
28.1,0.036,45.14,0.187,-2.8,-1.0,-13.1,-18.2,55.0,0.821
28.2,0.036,45.14,0.188,-2.8,-1.0,-13.3,-18.4,55.8,0.809
28.3,0.035,45.14,0.189,-2.7,-1.2,-13.4,-18.5,56.0,0.806
28.4,0.033,45.14,0.189,-2.7,-1.3,-13.5,-18.5,56.0,0.806
28.5,0.032,45.14,0.19,-2.8,-1.4,-13.5,-18.6,55.8,0.809
28.6,0.03,45.14,0.191,-2.9,-1.5,-13.6,-18.8,56.0,0.806
28.7,0.027,45.14,0.191,-3.0,-1.6,-13.6,-19.0,56.0,0.806
28.8,0.025,45.14,0.192,-3.0,-1.8,-13.6,-19.1,55.8,0.809
28.9,0.023,45.14,0.193,-2.9,-2.1,-13.7,-19.3,56.0,0.806
29.0,0.022,45.14,0.193,-2.8,-2.1,-13.7,-19.4,56.4,0.8
29.1,0.02,45.14,0.194,-2.9,-2.0,-13.8,-19.6,57.0,0.792
29.2,0.018,45.14,0.195,-2.9,-1.7,-13.9,-19.7,58.0,0.778
29.3,0.017,45.14,0.195,-2.8,-1.3,-13.9,-19.9,59.4,0.76
29.4,0.015,45.14,0.196,-2.9,-1.3,-14.1,-20.0,59.8,0.755
29.5,0.013,45.14,0.197,-2.9,-1.4,-14.1,-20.2,60.0,0.752
29.6,0.012,45.14,0.197,-2.9,-1.5,-14.1,-20.4,60.2,0.75
29.7,0.01,45.14,0.198,-2.9,-1.8,-14.3,-20.6,60.4,0.747
29.8,0.008,45.14,0.199,-2.8,-1.6,-14.4,-20.8,61.6,0.733
29.9,0.008,45.14,0.199,-2.7,-1.2,-14.6,-20.8,63.0,0.717
30.0,0.007,45.14,0.2,-2.8,-1.0,-14.6,-20.9,63.4,0.712
30.1,0.005,45.14,0.201,-2.7,-0.9,-14.8,-21.0,64.4,0.701
30.2,0.003,45.14,0.201,-2.7,-1.0,-14.8,-21.2,64.6,0.699
30.3,0.001,45.14,0.202,-2.8,-1.2,-14.6,-21.1,63.4,0.712
30.4,0.002,45.14,0.203,-2.9,-1.0,-14.6,-21.1,63.6,0.71
30.5,0.004,45.14,0.203,-2.7,-0.8,-14.6,-21.2,64.6,0.699
30.6,0.004,45.14,0.204,-2.7,-0.5,-14.6,-21.2,65.2,0.692
30.7,0.005,45.14,0.205,-2.7,-0.4,-14.5,-21.1,65.0,0.694
30.8,0.006,45.14,0.205,-2.5,-0.2,-14.5,-20.9,65.4,0.69
30.9,0.007,45.14,0.206,-2.4,-0.1,-14.4,-20.8,65.4,0.69
31.0,0.007,45.14,0.207,-2.4,-0.4,-14.4,-20.6,64.4,0.701
31.1,0.007,45.14,0.207,-2.5,-0.6,-14.4,-20.3,63.2,0.714
31.2,0.007,45.14,0.208,-2.5,-0.9,-14.2,-20.2,62.0,0.728
31.3,0.007,45.14,0.209,-2.5,-1.0,-14.1,-19.9,61.0,0.74
31.4,0.008,45.14,0.209,-2.3,-0.8,-13.9,-19.7,61.0,0.74
31.5,0.008,45.14,0.21,-2.3,-0.9,-13.8,-19.5,60.2,0.75
31.6,0.008,45.14,0.211,-2.4,-1.0,-13.8,-19.2,59.2,0.762
31.7,0.009,45.14,0.211,-2.5,-1.2,-13.5,-19.1,57.8,0.781
31.8,0.01,45.14,0.212,-2.4,-1.3,-13.3,-18.9,57.0,0.792
31.9,0.01,45.14,0.213,-2.5,-1.1,-13.3,-18.8,57.0,0.792
32.0,0.01,45.14,0.213,-2.5,-1.1,-13.1,-18.6,56.2,0.803
32.1,0.011,45.14,0.214,-2.4,-0.9,-12.9,-18.5,56.2,0.803
32.2,0.013,45.14,0.215,-2.3,-0.9,-12.8,-18.4,56.0,0.806
32.3,0.013,45.14,0.215,-2.5,-1.1,-12.6,-18.2,54.4,0.83
32.4,0.013,45.14,0.216,-2.6,-1.3,-12.4,-18.0,53.0,0.852
32.5,0.013,45.14,0.217,-2.7,-1.4,-12.2,-17.8,51.8,0.871
32.6,0.014,45.14,0.217,-2.8,-1.4,-12.1,-17.7,51.2,0.882
32.7,0.015,45.14,0.218,-2.9,-1.7,-12.1,-17.5,50.0,0.903
32.8,0.015,45.14,0.219,-3.1,-1.9,-12.1,-17.4,49.0,0.921
32.9,0.016,45.14,0.219,-3.2,-2.1,-12.1,-17.2,48.0,0.94
33.0,0.017,45.14,0.22,-3.3,-2.3,-12.1,-16.9,46.8,0.965
33.1,0.018,45.14,0.221,-3.4,-2.5,-11.9,-16.7,45.4,0.994
33.2,0.02,45.14,0.221,-3.6,-2.7,-11.7,-16.5,43.8,1.031
33.3,0.02,45.14,0.222,-3.6,-2.8,-11.6,-16.3,43.0,1.05
33.4,0.021,45.14,0.223,-3.8,-3.0,-11.5,-16.1,41.6,1.085
33.5,0.022,45.14,0.223,-4.0,-3.2,-11.5,-16.0,40.6,1.112
33.6,0.023,45.14,0.224,-4.1,-3.2,-11.5,-15.9,40.2,1.123
33.7,0.024,45.14,0.225,-4.3,-3.4,-11.5,-15.7,39.0,1.157
33.8,0.024,45.14,0.225,-4.5,-3.5,-11.5,-15.6,38.2,1.182
33.9,0.025,45.14,0.226,-4.7,-3.7,-11.4,-15.4,36.8,1.227
34.0,0.026,45.14,0.227,-4.9,-3.7,-11.4,-15.3,36.2,1.247
34.1,0.026,45.14,0.227,-5.0,-3.7,-11.4,-15.1,35.6,1.268
34.2,0.027,30.09,0.228,-5.2,-3.8,-11.4,-14.9,34.6,0.87
34.3,0.027,30.09,0.229,-5.3,-3.8,-11.3,-14.6,33.6,0.896
34.4,0.028,30.09,0.229,-5.4,-3.9,-11.2,-14.4,32.6,0.923
34.5,0.028,30.09,0.23,-5.6,-3.9,-11.2,-14.2,31.8,0.946
34.6,0.027,30.09,0.231,-5.8,-3.9,-11.2,-14.0,31.0,0.971
34.7,0.027,30.09,0.231,-6.0,-4.0,-11.2,-13.8,30.0,1.003
34.8,0.027,22.57,0.232,-6.3,-4.2,-11.1,-13.7,28.6,0.789
34.9,0.027,22.57,0.233,-6.5,-4.3,-11.0,-13.4,27.2,0.83
35.0,0.027,22.57,0.233,-6.8,-4.4,-11.0,-13.3,26.2,0.861
35.1,0.027,22.57,0.234,-7.0,-4.5,-11.1,-13.1,25.4,0.889
35.2,0.027,22.57,0.235,-7.1,-4.5,-11.0,-12.9,24.6,0.917
35.3,0.027,22.57,0.235,-7.4,-4.6,-10.9,-12.7,23.2,0.973
35.4,0.026,22.57,0.236,-7.6,-4.6,-10.9,-12.4,22.2,1.017
35.5,0.025,22.57,0.237,-7.8,-4.5,-10.8,-12.2,21.4,1.055
35.6,0.024,22.57,0.237,-7.9,-4.5,-10.7,-12.0,20.6,1.096
35.7,0.024,22.57,0.238,-8.1,-4.5,-10.6,-11.7,19.4,1.163
35.8,0.023,22.57,0.239,-8.3,-4.4,-10.6,-11.5,18.8,1.201
35.9,0.022,22.57,0.239,-8.6,-4.2,-10.6,-11.3,18.2,1.24
36.0,0.021,22.57,0.24,-8.7,-4.1,-10.6,-11.0,17.6,1.282
36.1,0.021,22.57,0.241,-8.6,-4.1,-10.6,-10.8,17.4,1.297
36.2,0.021,22.57,0.241,-8.6,-4.0,-10.6,-10.4,16.8,1.343
36.3,0.021,22.57,0.242,-8.8,-3.9,-10.5,-10.2,16.0,1.411
36.4,0.02,22.57,0.243,-8.9,-3.7,-10.4,-10.0,15.6,1.447
36.5,0.02,22.57,0.243,-8.9,-3.7,-10.3,-9.7,14.8,1.525
36.6,0.021,22.57,0.244,-8.9,-3.8,-10.3,-9.6,14.4,1.567
36.7,0.02,22.57,0.245,-9.0,-3.6,-10.2,-9.3,13.8,1.636
36.8,0.02,22.57,0.245,-9.1,-3.4,-10.2,-9.2,13.8,1.636
36.9,0.02,22.57,0.246,-9.2,-3.4,-10.3,-8.9,13.2,1.71
37.0,0.021,22.57,0.247,-9.3,-3.3,-10.2,-8.7,12.6,1.791
37.1,0.022,22.57,0.247,-9.3,-3.2,-10.3,-8.6,12.8,1.763
37.2,0.021,22.57,0.248,-9.2,-3.0,-10.3,-8.3,12.8,1.763
37.3,0.02,22.57,0.249,-9.4,-2.8,-10.3,-8.1,12.4,1.82
37.4,0.02,22.57,0.249,-9.5,-2.5,-10.4,-7.9,12.6,1.791
37.5,0.02,22.57,0.25,-9.6,-2.4,-10.5,-7.8,12.6,1.791
37.6,0.019,22.57,0.251,-9.7,-2.1,-10.5,-7.5,12.4,1.82
37.7,0.019,22.57,0.251,-9.8,-2.2,-10.5,-7.2,11.4,1.98
37.8,0.019,22.57,0.252,-9.8,-2.1,-10.5,-6.9,11.0,2.052
37.9,0.02,22.57,0.253,-10.0,-1.8,-10.5,-6.7,10.8,2.09
38.0,0.02,22.57,0.253,-10.1,-1.5,-10.5,-6.5,10.8,2.09
38.1,0.021,22.57,0.254,-10.1,-1.6,-10.4,-6.4,10.2,2.213
38.2,0.022,22.57,0.255,-10.1,-1.6,-10.5,-6.2,10.0,2.257
38.3,0.022,22.57,0.255,-10.1,-1.2,-10.6,-6.0,10.6,2.129
38.4,0.02,22.57,0.256,-10.1,-0.9,-10.6,-5.7,10.6,2.129
38.5,0.02,22.57,0.257,-10.2,-0.8,-10.6,-5.6,10.4,2.17
38.6,0.019,22.57,0.257,-10.3,-0.7,-10.6,-5.3,9.8,2.303
38.7,0.019,22.57,0.258,-10.2,-0.4,-10.7,-5.0,10.2,2.213
38.8,0.019,22.57,0.259,-10.3,-0.5,-10.8,-4.9,9.8,2.303
38.9,0.019,22.57,0.259,-10.2,-0.3,-11.0,-4.7,10.4,2.17
39.0,0.018,22.57,0.26,-10.4,-0.1,-11.1,-4.6,10.4,2.17
39.1,0.018,22.57,0.261,-10.5,0.0,-11.2,-4.4,10.2,2.213
39.2,0.018,22.57,0.261,-10.5,0.1,-11.2,-4.1,9.8,2.303
39.3,0.018,22.57,0.262,-10.4,0.2,-11.1,-3.9,9.6,2.351
39.4,0.017,22.57,0.263,-10.4,0.3,-11.2,-3.8,9.8,2.303
39.5,0.017,22.57,0.263,-10.5,0.3,-11.2,-3.7,9.4,2.401
39.6,0.018,22.57,0.264,-10.7,0.3,-11.2,-3.5,8.6,2.624
39.7,0.019,22.57,0.265,-10.7,0.4,-11.1,-3.3,8.2,2.752
39.8,0.019,22.57,0.265,-10.6,0.6,-11.1,-3.2,8.6,2.624
39.9,0.017,22.57,0.266,-10.7,0.9,-11.1,-3.0,8.6,2.624
40.0,0.017,22.57,0.267,-10.8,0.9,-11.1,-2.9,8.2,2.752
40.1,0.018,22.57,0.267,-10.7,0.8,-11.0,-2.8,7.8,2.894
40.2,0.018,22.57,0.268,-10.7,0.7,-11.2,-2.5,7.4,3.05
40.3,0.016,22.57,0.269,-10.7,1.0,-11.4,-2.2,7.8,2.894
40.4,0.014,22.57,0.269,-10.8,1.1,-11.4,-1.9,7.2,3.135
40.5,0.013,22.57,0.27,-10.8,1.3,-11.4,-1.6,7.0,3.224
40.6,0.013,22.57,0.271,-10.9,1.3,-11.3,-1.4,6.2,3.64
40.7,0.014,22.57,0.271,-10.8,1.3,-11.4,-1.1,6.0,3.762
40.8,0.013,22.57,0.272,-10.7,1.4,-11.4,-1.0,6.2,3.64
40.9,0.012,22.57,0.273,-10.8,1.5,-11.4,-0.7,5.6,4.03
41.0,0.011,22.57,0.273,-10.9,1.8,-11.4,-0.5,5.6,4.03
41.1,0.01,22.57,0.274,-10.9,1.9,-11.3,-0.3,5.2,4.34
41.2,0.01,22.57,0.275,-10.7,1.9,-11.5,-0.1,5.6,4.03
41.3,0.012,22.57,0.275,-10.6,1.7,-11.5,0.0,5.2,4.34
41.4,0.011,22.57,0.276,-10.6,1.8,-11.4,0.1,5.0,4.514
41.5,0.01,22.57,0.277,-10.6,2.0,-11.4,0.2,5.2,4.34
41.6,0.009,22.57,0.277,-10.7,2.2,-11.4,0.4,5.0,4.514
41.7,0.009,22.57,0.278,-10.5,2.4,-11.6,0.5,6.0,3.762
41.8,0.01,22.57,0.279,-10.5,2.4,-11.8,0.6,6.2,3.64
41.9,0.009,22.57,0.279,-10.5,2.7,-11.9,0.7,6.8,3.319
42.0,0.009,22.57,0.28,-10.3,2.8,-12.1,1.0,7.2,3.135
42.1,0.008,22.57,0.281,-10.3,2.9,-12.2,1.3,7.0,3.224
42.2,0.008,22.57,0.281,-10.1,3.0,-12.1,1.5,7.0,3.224
42.3,0.009,22.57,0.282,-10.0,3.2,-12.0,1.6,7.2,3.135
42.4,0.008,22.57,0.283,-9.8,3.4,-11.8,1.7,7.4,3.05
42.5,0.008,22.57,0.283,-9.7,3.4,-11.7,1.9,7.0,3.224
42.6,0.008,22.57,0.284,-9.5,3.7,-11.6,2.0,7.6,2.97
42.7,0.008,22.57,0.285,-9.4,3.8,-11.5,2.1,7.6,2.97
42.8,0.008,22.57,0.285,-9.3,3.8,-11.5,2.3,7.4,3.05
42.9,0.007,22.57,0.286,-9.3,3.9,-11.6,2.6,7.2,3.135
43.0,0.005,22.57,0.287,-9.4,4.0,-11.5,2.8,6.6,3.42
43.1,0.004,22.57,0.287,-9.1,4.2,-11.6,3.1,7.2,3.135
43.2,0.003,22.57,0.288,-8.8,4.3,-12.0,3.3,8.4,2.687
43.3,0.003,22.57,0.289,-8.5,4.4,-12.3,3.4,9.6,2.351
43.4,0.004,22.57,0.289,-8.2,4.3,-12.5,3.4,10.4,2.17
43.5,0.004,22.57,0.29,-8.1,4.4,-12.7,3.4,11.2,2.015
43.6,0.004,22.57,0.291,-8.2,4.3,-12.9,3.4,11.2,2.015
43.7,0.003,22.57,0.291,-8.4,4.4,-13.1,3.4,11.4,1.98
43.8,0.002,22.57,0.292,-8.6,4.5,-13.2,3.4,11.4,1.98
43.9,0.002,22.57,0.293,-8.5,4.5,-13.6,3.2,12.8,1.763
44.0,0.003,22.57,0.293,-8.2,4.4,-13.6,3.3,13.0,1.736
44.1,0.003,22.57,0.294,-7.9,4.5,-13.4,3.4,13.2,1.71
44.2,0.003,22.57,0.295,-7.8,4.4,-13.3,3.4,13.0,1.736
44.3,0.002,22.57,0.295,-7.8,4.5,-13.4,3.5,13.2,1.71
44.4,0.002,22.57,0.296,-7.6,4.6,-13.5,3.5,14.0,1.612
44.5,0.004,22.57,0.297,-7.2,4.7,-13.8,3.3,16.0,1.411
44.6,0.004,22.57,0.297,-6.9,4.7,-13.8,3.4,16.4,1.376
44.7,0.003,22.57,0.298,-6.8,4.6,-13.6,3.4,16.0,1.411
44.8,0.003,22.57,0.299,-6.5,4.7,-13.4,3.5,16.2,1.393
44.9,0.002,22.57,0.299,-6.2,4.6,-13.1,3.6,15.8,1.428
45.0,0.003,22.57,0.3,-5.8,4.5,-13.2,3.6,16.6,1.36
45.1,0.004,22.57,0.301,-5.7,4.5,-13.3,3.5,17.2,1.312
45.2,0.003,22.57,0.301,-5.7,4.6,-13.5,3.5,17.8,1.268
45.3,0.002,22.57,0.302,-5.5,4.6,-13.8,3.7,18.4,1.227
45.4,0.003,22.57,0.303,-5.2,4.6,-14.2,3.6,20.0,1.128
45.5,0.004,22.57,0.303,-5.2,4.4,-14.4,3.5,20.2,1.117
45.6,0.003,22.57,0.304,-5.4,4.5,-14.6,3.7,20.0,1.128
45.7,0.003,22.57,0.305,-5.5,4.6,-14.7,3.7,20.2,1.117
45.8,0.004,22.57,0.305,-5.6,4.5,-14.7,3.7,19.8,1.14
45.9,0.004,22.57,0.306,-5.6,4.4,-14.5,3.7,19.2,1.176
46.0,0.005,22.57,0.307,-5.5,4.4,-14.2,3.6,19.0,1.188
46.1,0.005,22.57,0.307,-5.4,4.2,-14.0,3.7,18.2,1.24
46.2,0.006,22.57,0.308,-5.5,4.0,-13.8,3.9,16.8,1.343
46.3,0.005,22.57,0.309,-5.6,4.1,-13.6,3.9,16.4,1.376
46.4,0.006,22.57,0.309,-5.8,4.4,-13.3,3.8,16.2,1.393
46.5,0.006,22.57,0.31,-6.0,4.4,-13.1,3.8,15.4,1.466
46.6,0.005,22.57,0.311,-6.1,4.4,-12.9,3.9,14.6,1.546
46.7,0.005,22.57,0.311,-6.3,4.4,-12.7,3.9,13.8,1.636
46.8,0.005,22.57,0.312,-6.4,4.3,-12.5,3.8,13.2,1.71
46.9,0.005,22.57,0.313,-6.2,4.3,-12.3,3.8,13.2,1.71
47.0,0.007,22.57,0.313,-5.9,4.3,-12.1,3.7,13.6,1.66
47.1,0.007,22.57,0.314,-5.6,4.4,-11.9,3.7,14.0,1.612
47.2,0.007,22.57,0.315,-5.5,4.4,-11.6,3.8,13.4,1.684
47.3,0.008,22.57,0.315,-5.2,4.5,-11.4,3.7,14.0,1.612
47.4,0.009,22.57,0.316,-4.9,4.4,-11.3,3.7,14.2,1.589
47.5,0.008,22.57,0.317,-4.7,4.5,-11.1,3.7,14.4,1.567
47.6,0.01,22.57,0.317,-4.6,4.5,-10.9,3.6,14.4,1.567
47.7,0.01,22.57,0.318,-4.4,4.4,-10.8,3.7,14.2,1.589
47.8,0.01,22.57,0.319,-4.3,4.5,-10.5,3.8,13.8,1.636
47.9,0.008,22.57,0.319,-4.3,4.6,-10.3,4.0,13.2,1.71
48.0,0.008,22.57,0.32,-4.1,4.7,-10.1,4.1,13.2,1.71
48.1,0.009,22.57,0.321,-3.9,4.7,-9.8,4.1,13.0,1.736
48.2,0.007,22.57,0.321,-3.6,4.7,-9.6,4.2,13.0,1.736
48.3,0.008,22.57,0.322,-3.7,4.7,-9.3,4.2,12.2,1.85
48.4,0.007,22.57,0.323,-3.6,4.8,-9.1,4.3,12.0,1.881
48.5,0.008,22.57,0.323,-3.4,4.9,-8.8,4.3,12.0,1.881
48.6,0.008,22.57,0.324,-3.1,5.0,-8.7,4.2,12.8,1.763
48.7,0.008,22.57,0.325,-3.1,5.1,-8.4,4.2,12.4,1.82
48.8,0.008,22.57,0.325,-3.2,5.1,-8.2,4.2,11.8,1.913
48.9,0.008,22.57,0.326,-3.3,5.2,-8.1,4.3,11.4,1.98
49.0,0.008,22.57,0.327,-3.4,5.4,-8.0,4.3,11.4,1.98
49.1,0.007,22.57,0.327,-3.6,5.6,-7.7,4.4,10.6,2.129
49.2,0.006,22.57,0.328,-3.9,5.7,-7.6,4.6,9.6,2.351
49.3,0.005,22.57,0.329,-4.1,5.9,-7.7,4.7,9.6,2.351
49.4,0.004,22.57,0.329,-4.4,6.1,-7.9,4.8,9.6,2.351
49.5,0.005,22.57,0.33,-4.3,6.2,-8.3,4.7,11.0,2.052
49.6,0.006,22.57,0.331,-4.3,6.2,-8.5,4.6,11.6,1.946
49.7,0.005,22.57,0.331,-4.4,6.3,-8.7,4.7,11.8,1.913
49.8,0.005,22.57,0.332,-4.6,6.2,-8.6,4.8,10.8,2.09
49.9,0.006,22.57,0.333,-4.8,6.2,-8.4,4.9,9.8,2.303
50.0,0.007,22.57,0.333,-5.1,6.3,-8.1,5.0,8.6,2.624
50.1,0.008,22.57,0.334,-5.3,6.2,-7.9,5.1,7.4,3.05
50.2,0.007,22.57,0.335,-5.4,6.1,-7.7,5.3,6.2,3.64
50.3,0.007,22.57,0.335,-5.4,6.0,-7.5,5.5,5.2,4.34
50.4,0.006,22.57,0.336,-5.4,5.9,-7.3,5.7,4.2,5.374
50.5,0.007,22.57,0.337,-5.5,6.0,-7.1,5.7,3.8,5.939
50.6,0.007,22.57,0.337,-5.4,6.0,-6.9,5.6,3.8,5.939
50.7,0.005,22.57,0.338,-5.3,6.1,-6.7,5.7,3.6,6.269
50.8,0.004,22.57,0.339,-5.3,6.2,-6.7,5.9,3.4,6.638
50.9,0.004,22.57,0.339,-5.1,6.4,-6.5,5.8,4.0,5.642
51.0,0.004,22.57,0.34,-4.8,6.7,-6.4,5.6,5.4,4.18
51.1,0.004,22.57,0.341,-4.8,6.8,-6.3,5.4,5.8,3.891
51.2,0.004,22.57,0.341,-4.9,6.9,-6.4,5.5,5.8,3.891
51.3,0.005,22.57,0.342,-5.0,7.0,-6.6,5.6,6.0,3.762
51.4,0.005,22.57,0.343,-5.3,7.1,-6.8,5.8,5.6,4.03
51.5,0.004,22.57,0.343,-5.5,7.3,-7.0,6.0,5.6,4.03
51.6,0.005,22.57,0.344,-5.7,7.5,-7.2,6.1,5.8,3.891
51.7,0.004,22.57,0.345,-5.8,7.5,-7.1,6.2,5.2,4.34
51.8,0.004,22.57,0.345,-5.9,7.4,-7.0,6.4,4.2,5.374
51.9,0.004,22.57,0.346,-6.1,7.5,-6.8,6.6,3.2,7.053
52.0,0.004,22.57,0.347,-6.0,7.5,-6.9,6.8,3.2,7.053
52.1,0.004,22.57,0.347,-5.8,7.4,-6.9,7.0,3.0,7.523
52.2,0.004,22.57,0.348,-5.7,7.3,-6.8,7.0,2.8,8.061
52.3,0.004,22.57,0.349,-5.4,7.4,-6.8,7.0,3.6,6.269
52.4,0.002,22.57,0.349,-5.3,7.5,-6.6,6.9,3.8,5.939
52.5,0.002,22.57,0.35,-5.1,7.5,-6.4,6.8,4.0,5.642
52.6,0.004,22.57,0.351,-4.9,7.6,-6.3,6.6,4.8,4.702
52.7,0.003,22.57,0.351,-4.6,7.9,-6.3,6.4,6.4,3.527
52.8,0.003,22.57,0.352,-4.4,8.1,-6.5,6.3,7.8,2.894
52.9,0.004,22.57,0.353,-4.2,8.4,-6.8,6.0,10.0,2.257
53.0,0.005,22.57,0.353,-4.1,8.5,-6.9,5.9,10.8,2.09
53.1,0.004,22.57,0.354,-4.2,8.8,-6.9,6.0,11.0,2.052
53.2,0.004,22.57,0.355,-4.3,8.9,-6.8,6.3,10.2,2.213
53.3,0.004,22.57,0.355,-4.5,9.1,-6.9,6.5,10.0,2.257
53.4,0.005,22.57,0.356,-4.7,9.1,-7.1,6.6,9.8,2.303
53.5,0.007,22.57,0.357,-4.9,9.1,-7.2,6.7,9.4,2.401
53.6,0.008,22.57,0.357,-5.0,9.0,-7.2,6.8,8.8,2.565
53.7,0.008,22.57,0.358,-5.1,8.8,-7.0,7.0,7.4,3.05
53.8,0.008,22.57,0.359,-5.2,8.8,-6.7,7.2,6.2,3.64
53.9,0.008,22.57,0.359,-5.3,8.9,-6.4,7.3,5.4,4.18
54.0,0.007,22.57,0.36,-5.4,9.2,-6.3,7.6,5.0,4.514
54.1,0.007,22.57,0.361,-5.4,9.2,-6.3,7.9,4.4,5.13
54.2,0.007,22.57,0.361,-5.4,9.2,-6.3,8.2,3.8,5.939
54.3,0.007,22.57,0.362,-5.3,9.3,-6.2,8.4,3.6,6.269
54.4,0.006,22.57,0.363,-5.2,9.4,-6.0,8.6,3.2,7.053
54.5,0.006,22.57,0.363,-5.1,9.5,-5.8,8.8,2.8,8.061
54.6,0.005,22.57,0.364,-5.0,9.6,-5.5,9.0,2.2,10.259
54.7,0.005,22.57,0.365,-4.7,9.7,-5.5,9.0,3.0,7.523
54.8,0.005,22.57,0.365,-4.5,9.9,-5.3,9.2,3.0,7.523
54.9,0.005,22.57,0.366,-4.4,10.1,-5.1,9.4,2.8,8.061
55.0,0.004,22.57,0.367,-4.3,10.2,-5.2,9.6,3.0,7.523
55.1,0.005,22.57,0.367,-4.2,10.3,-5.2,9.7,3.2,7.053
55.2,0.004,22.57,0.368,-4.1,10.2,-5.0,9.5,3.2,7.053
55.3,0.004,22.57,0.369,-3.8,10.3,-4.8,9.4,3.8,5.939
55.4,0.004,22.57,0.369,-3.6,10.2,-4.8,9.3,4.2,5.374
55.5,0.005,22.57,0.37,-3.4,10.1,-4.7,9.2,4.4,5.13
55.6,0.005,22.57,0.371,-3.2,10.0,-4.6,9.1,4.6,4.907
55.7,0.004,22.57,0.371,-2.9,10.2,-4.5,8.9,5.8,3.891
55.8,0.005,22.57,0.372,-2.7,10.3,-4.5,8.7,6.8,3.319
55.9,0.005,22.57,0.373,-2.5,10.2,-4.4,8.6,7.0,3.224
56.0,0.005,22.57,0.373,-2.4,10.1,-4.3,8.4,7.2,3.135
56.1,0.006,22.57,0.374,-2.2,10.0,-4.1,8.1,7.6,2.97
56.2,0.007,22.57,0.375,-2.1,9.9,-4.0,7.9,7.8,2.894
56.3,0.008,22.57,0.375,-1.9,9.7,-3.9,7.8,7.8,2.894
56.4,0.009,22.57,0.376,-2.0,9.5,-3.7,7.8,6.8,3.319
56.5,0.01,22.57,0.377,-2.0,9.4,-3.6,7.9,6.2,3.64
56.6,0.011,22.57,0.377,-2.2,9.3,-3.5,8.1,5.0,4.514
56.7,0.013,22.57,0.378,-2.3,9.2,-3.4,8.3,4.0,5.642
56.8,0.013,22.57,0.379,-2.3,9.2,-3.2,8.4,3.4,6.638
56.9,0.013,22.57,0.379,-2.4,9.1,-2.9,8.7,1.8,12.539
57.0,0.014,22.57,0.38,-2.2,9.3,-2.9,8.7,2.6,8.681
57.1,0.015,22.57,0.381,-2.3,9.3,-3.0,8.8,2.4,9.404
57.2,0.016,22.57,0.381,-2.2,9.6,-2.9,8.9,2.8,8.061
57.3,0.017,22.57,0.382,-2.3,9.6,-2.8,9.0,2.2,10.259
57.4,0.019,22.57,0.383,-2.2,9.6,-2.8,9.1,2.2,10.259
57.5,0.019,22.57,0.383,-2.2,9.7,-2.7,9.1,2.2,10.259
57.6,0.02,22.57,0.384,-2.2,9.7,-2.6,9.2,1.8,12.539
57.7,0.021,22.57,0.385,-2.2,9.8,-2.7,9.3,2.0,11.285
57.8,0.022,22.57,0.385,-1.9,9.8,-2.6,9.3,2.4,9.404
57.9,0.023,22.57,0.386,-1.8,9.8,-2.6,9.3,2.6,8.681
58.0,0.023,22.57,0.387,-1.9,9.8,-2.4,9.2,2.2,10.259
58.1,0.023,22.57,0.387,-1.7,9.9,-2.3,9.3,2.4,9.404
58.2,0.023,22.57,0.388,-1.5,9.8,-2.2,9.3,2.4,9.404
58.3,0.025,22.57,0.389,-1.5,9.8,-2.2,9.3,2.4,9.404
58.4,0.025,22.57,0.389,-1.5,9.7,-2.0,9.3,1.8,12.539
58.5,0.025,22.57,0.39,-1.3,9.9,-2.0,9.3,2.6,8.681
58.6,0.026,22.57,0.391,-1.4,9.9,-1.9,9.3,2.2,10.259
58.7,0.027,22.57,0.391,-1.2,9.9,-2.0,9.4,2.6,8.681
58.8,0.027,22.57,0.392,-1.0,9.9,-1.7,9.2,2.8,8.061
58.9,0.027,22.57,0.393,-0.9,9.7,-1.4,9.1,2.2,10.259
59.0,0.028,22.57,0.393,-0.6,9.7,-1.4,9.0,3.0,7.523
59.1,0.028,22.57,0.394,-0.5,9.7,-1.4,8.9,3.4,6.638
59.2,0.028,22.57,0.395,-0.4,9.6,-1.2,8.8,3.2,7.053
59.3,0.027,22.57,0.395,-0.1,9.5,-0.9,8.7,3.2,7.053
59.4,0.027,22.57,0.396,-0.0,9.4,-0.8,8.6,3.2,7.053
59.5,0.027,22.57,0.397,0.1,9.2,-0.5,8.6,2.4,9.404
59.6,0.027,22.57,0.397,0.2,9.1,-0.2,8.5,2.0,11.285
59.7,0.026,22.57,0.398,0.6,9.1,-0.2,8.2,3.4,6.638
59.8,0.025,22.57,0.399,0.9,9.0,-0.2,8.1,4.0,5.642
59.9,0.023,22.57,0.399,1.1,8.9,0.1,8.1,3.6,6.269
60.0,0.022,22.57,0.4,1.4,8.8,0.4,8.1,3.4,6.638
60.1,0.021,22.57,0.401,1.7,8.6,0.5,8.0,3.6,6.269
60.2,0.019,22.57,0.401,2.0,8.5,0.8,8.0,3.4,6.638
60.3,0.018,22.57,0.402,2.1,8.3,1.0,7.9,3.0,7.523
60.4,0.015,22.57,0.403,2.5,8.4,1.2,7.8,3.8,5.939
60.5,0.014,22.57,0.403,2.8,8.3,1.4,7.8,3.8,5.939
60.6,0.012,22.57,0.404,3.0,8.2,1.5,7.8,3.8,5.939
60.7,0.01,22.57,0.405,3.2,8.2,1.6,7.9,3.8,5.939
60.8,0.01,22.57,0.405,3.3,8.4,1.7,7.9,4.2,5.374
60.9,0.009,22.57,0.406,3.4,8.5,1.9,8.0,4.0,5.642
61.0,0.008,22.57,0.407,3.5,8.6,2.1,8.1,3.8,5.939
61.1,0.006,22.57,0.407,3.5,8.5,2.3,8.1,3.2,7.053
61.2,0.005,22.57,0.408,3.4,8.4,2.6,8.0,2.4,9.404
61.3,0.004,22.57,0.409,3.4,8.8,2.9,7.6,3.4,6.638
61.4,0.003,22.57,0.409,3.3,9.1,3.0,7.1,4.6,4.907
61.5,0.003,22.57,0.41,3.3,9.3,3.2,7.0,4.8,4.702
61.6,0.003,22.57,0.411,3.4,9.6,3.2,7.2,5.2,4.34
61.7,0.003,22.57,0.411,3.4,9.9,3.2,7.3,5.6,4.03
61.8,0.005,22.57,0.412,3.2,9.9,3.1,7.5,5.0,4.514
61.9,0.005,22.57,0.413,3.3,9.7,3.1,7.7,4.4,5.13
62.0,0.004,22.57,0.413,3.6,9.6,3.0,7.5,5.4,4.18
62.1,0.005,22.57,0.414,3.8,9.4,3.0,7.3,5.8,3.891
62.2,0.004,22.57,0.415,3.9,9.3,3.2,7.2,5.6,4.03
62.3,0.005,22.57,0.415,3.9,9.1,3.2,7.1,5.4,4.18
62.4,0.003,22.57,0.416,3.9,8.9,3.4,6.9,5.0,4.514
62.5,0.002,22.57,0.417,3.8,8.6,3.4,6.7,4.6,4.907
62.6,0.003,22.57,0.417,3.7,8.4,3.4,6.3,4.8,4.702
62.7,0.004,22.57,0.418,3.8,8.3,3.3,6.2,5.2,4.34
62.8,0.006,22.57,0.419,3.7,8.4,3.2,6.1,5.6,4.03
62.9,0.007,22.57,0.419,3.7,8.5,3.0,6.0,6.4,3.527
63.0,0.006,22.57,0.42,3.9,8.3,3.1,5.9,6.4,3.527
63.1,0.005,22.57,0.421,3.9,8.1,3.1,5.8,6.2,3.64
63.2,0.006,22.57,0.421,3.8,7.9,3.2,5.7,5.6,4.03
63.3,0.007,22.57,0.422,3.7,7.7,3.2,5.4,5.6,4.03
63.4,0.007,22.57,0.423,3.9,7.5,3.2,5.2,6.0,3.762
63.5,0.005,22.57,0.423,4.0,7.3,3.3,5.2,5.6,4.03
63.6,0.005,22.57,0.424,4.0,7.2,3.4,5.1,5.4,4.18
63.7,0.004,22.57,0.425,4.0,7.0,3.5,4.9,5.2,4.34
63.8,0.004,22.57,0.425,3.9,6.8,3.6,4.7,4.8,4.702
63.9,0.004,22.57,0.426,3.9,6.7,3.8,4.6,4.4,5.13
64.0,0.003,22.57,0.427,4.1,6.5,3.8,4.6,4.4,5.13
64.1,0.003,22.57,0.427,4.1,6.5,3.8,4.7,4.2,5.374
64.2,0.003,22.57,0.428,4.1,6.8,3.9,4.9,4.2,5.374
64.3,0.004,22.57,0.429,4.1,6.9,3.9,4.9,4.4,5.13
64.4,0.004,22.57,0.429,4.1,6.7,3.9,4.8,4.2,5.374
64.5,0.003,22.57,0.43,4.1,6.6,3.9,4.5,4.6,4.907
64.6,0.001,22.57,0.431,4.3,6.4,4.0,4.5,4.4,5.13
64.7,0.001,22.57,0.431,4.3,6.1,4.0,4.4,4.0,5.642
64.8,0.002,22.57,0.432,4.3,6.5,4.0,4.1,5.4,4.18
64.9,0.004,22.57,0.433,4.3,6.9,3.9,3.7,7.2,3.135
65.0,0.005,22.57,0.433,4.2,7.0,3.7,3.5,8.0,2.821
65.1,0.004,22.57,0.434,4.3,6.8,3.7,3.4,8.0,2.821
65.2,0.004,22.57,0.435,4.2,6.6,3.7,3.5,7.2,3.135
65.3,0.004,22.57,0.435,4.2,6.4,3.8,3.7,6.2,3.64
65.4,0.004,22.57,0.436,4.2,6.2,3.8,3.8,5.6,4.03
65.5,0.004,22.57,0.437,4.1,6.0,3.6,3.7,5.6,4.03
65.6,0.004,22.57,0.437,4.2,5.9,3.6,3.6,5.8,3.891
65.7,0.005,22.57,0.438,4.1,5.8,3.6,3.7,5.2,4.34
65.8,0.002,22.57,0.439,4.3,5.6,3.7,3.9,4.6,4.907
65.9,0.001,22.57,0.439,4.5,5.8,3.8,3.8,5.4,4.18
66.0,0.002,22.57,0.44,4.5,6.2,3.6,3.5,7.2,3.135
66.1,0.004,22.57,0.441,4.6,6.6,3.5,3.2,9.0,2.508
66.2,0.004,22.57,0.441,4.6,6.7,3.4,3.0,9.8,2.303
66.3,0.003,22.57,0.442,4.5,6.5,3.2,2.8,10.0,2.257
66.4,0.004,22.57,0.443,4.5,6.3,3.1,2.9,9.6,2.351
66.5,0.004,22.57,0.443,4.6,6.1,3.3,3.1,8.6,2.624
66.6,0.004,22.57,0.444,4.6,6.0,3.4,3.3,7.8,2.894
66.7,0.004,22.57,0.445,4.6,6.1,3.5,3.6,7.2,3.135
66.8,0.003,22.57,0.445,4.5,6.0,3.7,3.5,6.6,3.42
66.9,0.003,22.57,0.446,4.4,5.8,3.7,3.4,6.2,3.64
67.0,0.004,22.57,0.447,4.5,5.6,3.5,3.3,6.6,3.42
67.1,0.004,22.57,0.447,4.5,5.4,3.6,3.2,6.2,3.64
67.2,0.003,22.57,0.448,4.5,5.2,3.8,3.2,5.4,4.18
67.3,0.002,22.57,0.449,4.5,5.0,4.0,3.3,4.4,5.13
67.4,0.004,22.57,0.449,4.5,4.9,3.9,3.3,4.4,5.13
67.5,0.004,22.57,0.45,4.4,4.7,3.8,3.1,4.4,5.13
67.6,0.004,22.57,0.451,4.5,4.5,3.8,2.9,4.6,4.907
67.7,0.004,22.57,0.451,4.5,4.4,3.8,3.0,4.2,5.374
67.8,0.003,22.57,0.452,4.5,4.3,3.9,2.9,4.0,5.642
67.9,0.003,22.57,0.453,4.5,4.0,4.1,3.1,2.6,8.681
68.0,0.003,22.57,0.453,4.5,3.8,4.2,3.1,2.0,11.285
68.1,0.003,22.57,0.454,4.7,3.8,4.1,3.0,2.8,8.061
68.2,0.005,22.57,0.455,4.8,3.8,4.0,3.0,3.2,7.053
68.3,0.005,22.57,0.455,4.8,3.9,4.1,3.1,3.0,7.523
68.4,0.006,22.57,0.456,5.0,4.1,4.3,3.2,3.2,7.053
68.5,0.005,22.57,0.457,5.3,4.1,4.3,3.1,4.0,5.642
68.6,0.004,22.57,0.457,5.6,4.1,4.6,3.2,3.8,5.939
68.7,0.004,22.57,0.458,5.6,4.0,4.7,3.2,3.4,6.638
68.8,0.004,22.57,0.459,5.7,4.1,4.8,3.3,3.4,6.638
68.9,0.005,22.57,0.459,5.9,4.3,5.0,3.3,3.8,5.939
69.0,0.004,22.57,0.46,6.2,4.3,5.2,3.5,3.6,6.269
69.1,0.004,22.57,0.461,6.4,4.4,5.3,3.6,3.8,5.939
69.2,0.004,22.57,0.461,6.5,4.3,5.5,3.6,3.4,6.638
69.3,0.005,22.57,0.462,6.8,4.3,5.7,3.6,3.6,6.269
69.4,0.006,22.57,0.463,6.9,4.6,5.8,3.6,4.2,5.374
69.5,0.006,22.57,0.463,7.0,4.7,6.1,3.6,4.0,5.642
69.6,0.004,22.57,0.464,7.1,4.4,6.3,3.4,3.6,6.269
69.7,0.005,22.57,0.465,7.1,4.2,6.4,3.4,3.0,7.523
69.8,0.005,22.57,0.465,7.4,4.2,6.5,3.4,3.4,6.638
69.9,0.004,22.57,0.466,7.5,4.0,6.6,3.1,3.6,6.269
70.0,0.004,22.57,0.467,7.8,3.9,6.6,2.9,4.4,5.13
70.1,0.003,22.57,0.467,7.9,3.7,6.7,2.8,4.2,5.374
70.2,0.003,22.57,0.468,8.0,3.7,6.8,2.8,4.2,5.374
70.3,0.005,22.57,0.469,8.2,3.7,7.0,2.9,4.0,5.642
70.4,0.006,22.57,0.469,8.5,3.7,7.1,3.1,4.0,5.642
70.5,0.007,22.57,0.47,8.8,3.6,7.3,3.2,3.8,5.939
70.6,0.007,22.57,0.471,9.0,3.5,7.5,3.1,3.8,5.939
70.7,0.008,22.57,0.471,9.1,3.5,7.7,3.1,3.6,6.269
70.8,0.009,22.57,0.472,9.3,3.6,7.8,3.1,4.0,5.642
70.9,0.01,22.57,0.473,9.5,3.5,8.1,3.0,3.8,5.939
71.0,0.012,22.57,0.473,9.6,3.5,8.3,3.1,3.4,6.638
71.1,0.013,22.57,0.474,10.0,3.6,8.5,3.1,4.0,5.642
71.2,0.014,22.57,0.475,10.2,3.6,8.6,3.1,4.2,5.374
71.3,0.016,22.57,0.475,10.4,3.6,8.7,3.0,4.6,4.907
71.4,0.017,22.57,0.476,10.6,3.5,8.9,3.1,4.2,5.374
71.5,0.017,22.57,0.477,10.7,3.5,9.1,3.0,4.2,5.374
71.6,0.018,22.57,0.477,10.8,3.5,9.3,2.9,4.2,5.374
71.7,0.019,22.57,0.478,11.0,3.4,9.5,2.8,4.2,5.374
71.8,0.02,22.57,0.479,11.2,3.4,9.7,2.9,4.0,5.642
71.9,0.022,22.57,0.479,11.4,3.4,9.9,2.8,4.2,5.374
72.0,0.023,22.57,0.48,11.6,3.4,10.1,2.6,4.6,4.907
72.1,0.024,22.57,0.481,11.9,3.3,10.3,2.7,4.4,5.13
72.2,0.024,22.57,0.481,12.1,3.1,10.5,2.7,4.0,5.642
72.3,0.025,22.57,0.482,12.3,2.9,10.7,2.6,3.8,5.939
72.4,0.025,22.57,0.483,12.4,2.8,10.9,2.3,4.0,5.642
72.5,0.024,22.57,0.483,12.4,2.5,11.1,2.1,3.4,6.638
72.6,0.024,22.57,0.484,12.4,2.4,11.2,1.9,3.4,6.638
72.7,0.024,22.57,0.485,12.4,2.1,11.4,1.6,3.0,7.523
72.8,0.024,22.57,0.485,12.5,2.0,11.4,1.3,3.6,6.269
72.9,0.024,22.57,0.486,12.5,1.9,11.5,1.0,3.8,5.939
73.0,0.025,22.57,0.487,12.4,1.8,11.5,0.9,3.6,6.269
73.1,0.026,22.57,0.487,12.5,1.6,11.6,0.8,3.4,6.638
73.2,0.026,22.57,0.488,12.6,1.5,11.7,0.5,3.8,5.939
73.3,0.024,22.57,0.489,12.7,1.3,11.8,0.2,4.0,5.642
73.4,0.025,22.57,0.489,12.7,1.1,11.8,0.1,3.8,5.939
73.5,0.024,22.57,0.49,12.7,0.8,11.9,-0.2,3.6,6.269
73.6,0.023,22.57,0.491,12.8,0.5,12.0,-0.5,3.6,6.269
73.7,0.023,22.57,0.491,12.8,0.2,12.1,-0.6,3.0,7.523
73.8,0.023,22.57,0.492,13.0,0.1,12.2,-0.9,3.6,6.269
73.9,0.021,22.57,0.493,13.0,-0.1,12.2,-1.1,3.6,6.269
74.0,0.021,22.57,0.493,13.0,-0.3,12.3,-1.4,3.6,6.269
74.1,0.02,22.57,0.494,13.1,-0.5,12.4,-1.7,3.8,5.939
74.2,0.02,22.57,0.495,13.1,-0.6,12.5,-1.9,3.8,5.939
74.3,0.02,22.57,0.495,13.2,-0.7,12.5,-2.1,4.2,5.374
74.4,0.02,22.57,0.496,13.2,-0.9,12.6,-2.2,3.8,5.939
74.5,0.02,22.57,0.497,13.2,-1.0,12.7,-2.4,3.8,5.939
74.6,0.019,22.57,0.497,13.4,-1.1,12.7,-2.6,4.4,5.13
74.7,0.02,22.57,0.498,13.4,-1.2,12.8,-2.7,4.2,5.374
74.8,0.019,22.57,0.499,13.5,-1.4,12.9,-2.7,3.8,5.939
74.9,0.019,22.57,0.499,13.6,-1.6,13.0,-2.9,3.8,5.939
75.0,0.02,22.57,0.5,13.7,-1.6,13.1,-3.0,4.0,5.642
75.1,0.019,22.57,0.501,13.8,-1.9,13.2,-3.2,3.8,5.939
75.2,0.019,22.57,0.501,13.9,-2.1,13.4,-3.2,3.2,7.053
75.3,0.019,22.57,0.502,14.2,-2.1,13.4,-3.4,4.2,5.374
75.4,0.018,22.57,0.503,14.3,-2.4,13.5,-3.7,4.2,5.374
75.5,0.017,22.57,0.503,14.3,-2.5,13.5,-3.9,4.4,5.13
75.6,0.016,22.57,0.504,14.3,-2.8,13.6,-4.0,3.8,5.939
75.7,0.016,22.57,0.505,14.1,-2.9,13.4,-4.1,3.8,5.939
75.8,0.016,22.57,0.505,14.0,-3.0,13.3,-4.1,3.6,6.269
75.9,0.014,22.57,0.506,13.8,-3.2,13.1,-4.2,3.4,6.638
76.0,0.014,22.57,0.507,13.7,-3.4,13.0,-4.3,3.2,7.053
76.1,0.013,22.57,0.507,13.4,-3.5,12.8,-4.5,3.2,7.053
76.2,0.011,22.57,0.508,13.5,-3.7,12.6,-4.7,3.8,5.939
76.3,0.01,22.57,0.509,13.4,-3.9,12.4,-4.8,3.8,5.939
76.4,0.01,22.57,0.509,13.2,-4.2,12.3,-4.7,2.8,8.061
76.5,0.01,22.57,0.51,13.1,-4.2,12.1,-4.7,3.0,7.523
76.6,0.009,22.57,0.511,12.9,-4.3,11.8,-4.9,3.4,6.638
76.7,0.007,22.57,0.511,12.7,-4.6,11.7,-5.1,3.0,7.523
76.8,0.007,22.57,0.512,12.5,-4.6,11.6,-5.3,3.2,7.053
76.9,0.006,22.57,0.513,12.3,-4.7,11.6,-5.5,3.0,7.523
77.0,0.006,22.57,0.513,12.2,-4.9,11.6,-5.6,2.6,8.681
77.1,0.004,22.57,0.514,12.0,-5.1,11.5,-5.8,2.4,9.404
77.2,0.003,22.57,0.515,12.2,-5.3,11.3,-5.9,3.0,7.523
77.3,0.003,22.57,0.515,12.4,-5.2,11.1,-6.0,4.2,5.374
77.4,0.005,22.57,0.516,12.7,-5.1,11.2,-6.0,4.8,4.702
77.5,0.005,22.57,0.517,12.8,-5.2,11.3,-6.1,4.8,4.702
77.6,0.004,22.57,0.517,12.6,-5.4,11.4,-6.0,3.6,6.269
77.7,0.005,22.57,0.518,12.4,-5.5,11.5,-6.0,2.8,8.061
77.8,0.005,22.57,0.519,12.2,-5.6,11.4,-6.0,2.4,9.404
77.9,0.003,22.57,0.519,12.2,-5.8,11.3,-6.1,2.4,9.404
78.0,0.003,22.57,0.52,11.9,-5.9,11.1,-6.3,2.4,9.404
78.1,0.004,22.57,0.521,11.8,-5.9,10.9,-6.2,2.4,9.404
78.2,0.006,22.57,0.521,11.8,-5.8,10.9,-6.2,2.6,8.681
78.3,0.005,22.57,0.522,11.7,-5.8,10.8,-6.2,2.6,8.681
78.4,0.005,22.57,0.523,11.5,-5.8,10.5,-6.1,2.6,8.681
78.5,0.005,22.57,0.523,11.5,-6.0,10.5,-6.2,2.4,9.404
78.6,0.005,22.57,0.524,11.3,-6.1,10.4,-6.3,2.2,10.259
78.7,0.006,22.57,0.525,11.3,-6.0,10.2,-6.2,2.6,8.681
78.8,0.007,22.57,0.525,11.3,-6.0,9.9,-6.3,3.4,6.638
78.9,0.007,22.57,0.526,11.2,-6.0,9.7,-6.2,3.4,6.638
79.0,0.006,22.57,0.527,11.1,-6.0,9.5,-6.3,3.8,5.939
79.1,0.006,22.57,0.527,10.9,-6.1,9.3,-6.2,3.4,6.638
79.2,0.006,22.57,0.528,10.6,-6.1,9.2,-6.3,3.2,7.053
79.3,0.006,22.57,0.529,10.3,-6.0,9.1,-6.3,3.0,7.523
79.4,0.006,22.57,0.529,10.3,-5.9,9.0,-6.5,3.8,5.939
79.5,0.005,22.57,0.53,10.1,-6.0,8.9,-6.6,3.6,6.269
79.6,0.005,22.57,0.531,9.8,-6.2,9.0,-6.6,2.4,9.404
79.7,0.007,22.57,0.531,9.9,-6.2,8.9,-6.6,2.8,8.061
79.8,0.008,22.57,0.532,9.8,-6.3,8.7,-6.5,2.6,8.681
79.9,0.008,22.57,0.533,9.9,-6.4,8.6,-6.7,3.2,7.053
80.0,0.007,22.57,0.533,9.8,-6.6,8.4,-6.8,3.2,7.053
80.1,0.006,22.57,0.534,9.6,-6.7,8.2,-6.9,3.2,7.053
80.2,0.007,22.57,0.535,9.4,-6.7,8.2,-6.9,2.8,8.061
80.3,0.007,22.57,0.535,9.3,-6.7,8.1,-7.1,3.2,7.053
80.4,0.008,22.57,0.536,9.1,-6.8,8.2,-7.2,2.6,8.681
80.5,0.007,22.57,0.537,8.9,-7.0,8.0,-7.4,2.6,8.681
80.6,0.006,22.57,0.537,8.7,-7.1,8.0,-7.7,2.6,8.681
80.7,0.006,22.57,0.538,8.5,-7.3,8.0,-7.7,1.8,12.539
80.8,0.007,22.57,0.539,8.6,-7.3,7.9,-7.9,2.6,8.681
80.9,0.007,22.57,0.539,8.5,-7.4,7.8,-8.0,2.6,8.681
81.0,0.007,22.57,0.54,8.4,-7.5,7.9,-8.2,2.4,9.404
81.1,0.006,22.57,0.541,8.3,-7.7,7.7,-8.6,3.0,7.523
81.2,0.007,22.57,0.541,8.4,-7.9,7.8,-8.8,3.0,7.523
81.3,0.007,22.57,0.542,8.5,-8.2,7.9,-9.0,2.8,8.061
81.4,0.008,22.57,0.543,8.4,-8.4,8.0,-9.2,2.4,9.404
81.5,0.01,22.57,0.543,8.6,-8.5,8.1,-9.5,3.0,7.523
81.6,0.011,22.57,0.544,8.8,-8.6,8.2,-9.7,3.4,6.638
81.7,0.012,22.57,0.545,8.8,-8.9,8.3,-10.0,3.2,7.053
81.8,0.011,22.57,0.545,8.8,-9.1,8.3,-10.1,3.0,7.523
81.9,0.011,22.57,0.546,8.8,-9.4,8.2,-10.4,3.2,7.053
82.0,0.011,22.57,0.547,8.8,-9.6,8.2,-10.6,3.2,7.053
82.1,0.012,22.57,0.547,8.6,-9.7,8.0,-10.5,2.8,8.061
82.2,0.011,22.57,0.548,8.4,-9.8,7.7,-10.4,2.6,8.681
82.3,0.012,22.57,0.549,8.2,-9.6,7.4,-10.3,3.0,7.523
82.4,0.012,22.57,0.549,8.0,-9.5,7.2,-10.2,3.0,7.523
82.5,0.013,22.57,0.55,7.8,-9.5,7.0,-10.0,2.6,8.681
82.6,0.014,22.57,0.551,7.7,-9.3,6.8,-9.9,3.0,7.523
82.7,0.015,22.57,0.551,7.5,-9.3,6.6,-9.8,2.8,8.061
82.8,0.015,22.57,0.552,7.3,-9.0,6.4,-9.9,3.6,6.269
82.9,0.015,22.57,0.553,7.2,-8.9,6.3,-9.9,3.8,5.939
83.0,0.016,22.57,0.553,7.0,-8.8,6.2,-9.8,3.6,6.269
83.1,0.016,22.57,0.554,6.7,-8.8,6.0,-9.6,3.0,7.523
83.2,0.016,22.57,0.555,6.4,-8.7,5.9,-9.5,2.6,8.681
83.3,0.015,22.57,0.555,6.3,-8.7,5.5,-9.5,3.2,7.053
83.4,0.016,22.57,0.556,6.2,-8.6,5.3,-9.4,3.4,6.638
83.5,0.015,22.57,0.557,6.0,-8.6,5.0,-9.3,3.4,6.638
83.6,0.015,22.57,0.557,5.9,-8.6,4.9,-9.1,3.0,7.523
83.7,0.014,22.57,0.558,5.6,-8.4,4.6,-9.0,3.2,7.053
83.8,0.013,22.57,0.559,5.3,-8.3,4.5,-9.0,3.0,7.523
83.9,0.013,22.57,0.559,5.2,-8.3,4.4,-9.0,3.0,7.523
84.0,0.012,22.57,0.56,5.1,-8.2,4.2,-9.0,3.4,6.638
84.1,0.011,22.57,0.561,5.0,-8.1,3.9,-8.8,3.6,6.269
84.2,0.01,22.57,0.561,4.7,-8.0,3.6,-8.7,3.6,6.269
84.3,0.01,22.57,0.562,4.6,-7.9,3.5,-8.6,3.6,6.269
84.4,0.009,22.57,0.563,4.4,-7.8,3.4,-8.5,3.4,6.638
84.5,0.008,22.57,0.563,4.1,-7.7,3.1,-8.4,3.4,6.638
84.6,0.007,22.57,0.564,4.1,-7.6,2.8,-8.4,4.2,5.374
84.7,0.007,22.57,0.565,3.8,-7.6,2.8,-8.4,3.6,6.269
84.8,0.005,22.57,0.565,3.6,-7.5,2.7,-8.3,3.4,6.638
84.9,0.005,22.57,0.566,3.5,-7.5,2.6,-8.2,3.2,7.053
85.0,0.005,22.57,0.567,3.4,-7.5,2.5,-8.1,3.0,7.523
85.1,0.004,22.57,0.567,3.1,-7.6,2.4,-8.1,2.4,9.404
85.2,0.003,22.57,0.568,3.1,-7.5,2.6,-8.3,2.6,8.681
85.3,0.004,22.57,0.569,3.4,-7.5,2.3,-8.5,4.2,5.374
85.4,0.004,22.57,0.569,3.5,-7.5,2.3,-8.5,4.4,5.13
85.5,0.005,22.57,0.57,3.3,-7.3,2.3,-8.4,4.2,5.374
85.6,0.005,22.57,0.571,3.1,-7.2,2.5,-8.1,3.0,7.523
85.7,0.004,22.57,0.571,2.9,-7.2,2.4,-8.0,2.6,8.681
85.8,0.003,22.57,0.572,2.8,-7.3,2.4,-8.1,2.4,9.404
85.9,0.002,22.57,0.573,2.6,-7.4,2.3,-8.2,2.2,10.259
86.0,0.002,22.57,0.573,2.7,-7.2,2.2,-8.4,3.4,6.638
86.1,0.004,22.57,0.574,2.8,-6.8,2.3,-8.7,4.8,4.702
86.2,0.005,22.57,0.575,2.8,-6.7,2.4,-8.8,5.0,4.514
86.3,0.005,22.57,0.575,2.7,-6.9,2.5,-9.0,4.6,4.907
86.4,0.004,22.57,0.576,2.8,-7.0,2.5,-9.2,5.0,4.514
86.5,0.004,22.57,0.577,2.9,-7.2,2.4,-9.5,5.6,4.03
86.6,0.004,22.57,0.577,2.9,-7.4,2.4,-9.8,5.8,3.891
86.7,0.005,22.57,0.578,2.9,-7.6,2.5,-10.1,5.8,3.891
86.8,0.006,22.57,0.579,2.9,-7.6,2.7,-10.4,6.0,3.762
86.9,0.006,22.57,0.579,2.8,-7.7,2.6,-10.5,6.0,3.762
87.0,0.004,22.57,0.58,2.9,-7.9,2.4,-10.7,6.6,3.42
87.1,0.004,22.57,0.581,2.8,-8.0,2.3,-11.0,7.0,3.224
87.2,0.005,22.57,0.581,2.7,-8.2,2.2,-11.3,7.2,3.135
87.3,0.006,22.57,0.582,2.7,-8.3,2.3,-11.7,7.6,2.97
87.4,0.006,22.57,0.583,2.8,-8.4,2.2,-11.7,7.8,2.894
87.5,0.006,22.57,0.583,2.7,-8.4,2.2,-11.5,7.2,3.135
87.6,0.005,22.57,0.584,2.7,-8.6,2.4,-11.3,6.0,3.762
87.7,0.007,22.57,0.585,2.7,-8.7,2.5,-11.2,5.4,4.18
87.8,0.005,22.57,0.585,2.6,-8.9,2.4,-11.4,5.4,4.18
87.9,0.005,22.57,0.586,2.4,-9.1,2.2,-11.5,5.2,4.34
88.0,0.004,22.57,0.587,2.4,-9.3,2.2,-11.6,5.0,4.514
88.1,0.005,22.57,0.587,2.3,-9.3,2.0,-11.7,5.4,4.18
88.2,0.005,22.57,0.588,2.2,-9.5,1.8,-11.8,5.4,4.18
88.3,0.005,22.57,0.589,2.1,-9.6,1.6,-11.8,5.4,4.18
88.4,0.003,22.57,0.589,1.9,-9.7,1.5,-11.6,4.6,4.907
88.5,0.003,22.57,0.59,1.9,-9.9,1.5,-11.4,3.8,5.939
88.6,0.002,22.57,0.591,1.9,-9.7,1.4,-11.2,4.0,5.642
88.7,0.003,22.57,0.591,2.1,-9.5,1.3,-11.0,4.6,4.907
88.8,0.004,22.57,0.592,1.9,-9.3,1.4,-11.1,4.6,4.907
88.9,0.004,22.57,0.593,1.8,-9.3,1.3,-11.2,4.8,4.702
89.0,0.004,22.57,0.593,1.7,-9.5,1.3,-11.3,4.4,5.13
89.1,0.004,22.57,0.594,1.6,-9.7,1.2,-11.2,3.8,5.939
89.2,0.004,22.57,0.595,1.3,-9.5,0.9,-11.1,4.0,5.642
89.3,0.004,22.57,0.595,1.2,-9.4,1.0,-10.9,3.4,6.638
89.4,0.005,22.57,0.596,1.1,-9.2,1.0,-10.7,3.2,7.053
89.5,0.004,22.57,0.597,0.9,-9.1,0.8,-10.5,3.0,7.523
89.6,0.005,22.57,0.597,0.9,-9.0,0.8,-10.4,3.0,7.523
89.7,0.005,22.57,0.598,0.7,-8.7,0.6,-10.4,3.6,6.269
89.8,0.005,22.57,0.599,0.7,-8.5,0.4,-10.2,4.0,5.642
89.9,0.005,22.57,0.599,0.7,-8.3,0.2,-10.0,4.4,5.13
90.0,0.004,22.57,0.6,0.6,-8.1,0.0,-9.8,4.6,4.907
90.1,0.005,22.57,0.601,0.3,-8.0,0.1,-9.9,4.2,5.374
90.2,0.006,22.57,0.601,0.3,-7.8,0.1,-9.9,4.6,4.907
90.3,0.005,22.57,0.602,0.1,-7.7,0.0,-9.7,4.2,5.374
90.4,0.004,22.57,0.603,-0.1,-7.5,-0.3,-9.5,4.4,5.13
90.5,0.004,22.57,0.603,-0.1,-7.3,-0.5,-9.3,4.8,4.702
90.6,0.005,22.57,0.604,-0.0,-7.2,-0.6,-9.1,5.0,4.514
90.7,0.005,22.57,0.605,-0.2,-7.3,-0.7,-8.9,4.2,5.374
90.8,0.004,22.57,0.605,-0.3,-7.4,-0.9,-8.7,3.8,5.939
90.9,0.005,22.57,0.606,-0.3,-7.4,-1.1,-8.5,3.8,5.939
91.0,0.004,22.57,0.607,-0.5,-7.3,-1.0,-8.3,3.0,7.523
91.1,0.004,22.57,0.607,-0.5,-7.2,-1.1,-8.1,3.0,7.523
91.2,0.004,22.57,0.608,-0.5,-7.2,-1.1,-7.9,2.6,8.681
91.3,0.004,22.57,0.609,-0.6,-7.0,-1.1,-8.1,3.2,7.053
91.4,0.004,22.57,0.609,-0.7,-7.1,-1.0,-8.3,3.0,7.523
91.5,0.004,22.57,0.61,-0.9,-7.2,-1.0,-8.5,2.8,8.061
91.6,0.004,22.57,0.611,-0.9,-7.1,-1.1,-8.5,3.2,7.053
91.7,0.005,22.57,0.611,-0.8,-6.8,-1.1,-8.3,3.6,6.269
91.8,0.004,22.57,0.612,-0.8,-6.6,-1.2,-8.1,3.8,5.939
91.9,0.004,22.57,0.613,-0.8,-6.4,-1.3,-7.9,4.0,5.642
92.0,0.007,22.57,0.613,-0.8,-6.1,-1.3,-8.1,5.0,4.514
92.1,0.006,22.57,0.614,-0.9,-6.1,-1.5,-8.1,5.2,4.34
92.2,0.005,22.57,0.615,-1.0,-6.2,-1.6,-7.9,4.6,4.907
92.3,0.005,22.57,0.615,-1.0,-6.4,-1.7,-7.8,4.2,5.374
92.4,0.004,22.57,0.616,-1.3,-6.5,-1.8,-7.9,3.8,5.939
92.5,0.004,22.57,0.617,-1.4,-6.7,-1.7,-8.0,3.2,7.053
92.6,0.003,22.57,0.617,-1.4,-6.5,-1.8,-8.0,3.8,5.939
92.7,0.005,22.57,0.618,-1.4,-6.6,-2.0,-7.8,3.6,6.269
92.8,0.003,22.57,0.619,-1.6,-6.6,-2.1,-7.6,3.0,7.523
92.9,0.004,22.57,0.619,-1.6,-6.6,-2.2,-7.4,2.8,8.061
93.0,0.003,22.57,0.62,-1.7,-6.6,-2.2,-7.2,2.2,10.259
93.1,0.003,22.57,0.621,-1.8,-6.5,-2.2,-7.1,2.0,11.285
93.2,0.003,22.57,0.621,-1.8,-6.5,-2.3,-7.0,2.0,11.285
93.3,0.003,22.57,0.622,-1.7,-6.1,-2.3,-7.2,3.4,6.638
93.4,0.006,22.57,0.623,-1.5,-5.9,-2.5,-7.6,5.4,4.18
93.5,0.006,22.57,0.623,-1.4,-5.9,-2.6,-7.8,6.2,3.64
93.6,0.006,22.57,0.624,-1.4,-6.0,-2.8,-7.9,6.6,3.42
93.7,0.005,22.57,0.625,-1.5,-6.1,-2.8,-8.0,6.4,3.527
93.8,0.006,22.57,0.625,-1.6,-6.1,-3.0,-8.1,6.8,3.319
93.9,0.005,22.57,0.626,-1.8,-6.2,-3.1,-8.1,6.4,3.527
94.0,0.004,22.57,0.627,-2.0,-6.2,-3.1,-8.0,5.8,3.891
94.1,0.003,22.57,0.627,-2.1,-6.3,-3.0,-7.9,5.0,4.514
94.2,0.003,22.57,0.628,-2.3,-6.4,-3.2,-8.0,5.0,4.514
94.3,0.003,22.57,0.629,-2.3,-6.6,-3.2,-8.1,4.8,4.702
94.4,0.003,22.57,0.629,-2.4,-6.6,-3.4,-8.2,5.2,4.34
94.5,0.004,22.57,0.63,-2.6,-6.7,-3.6,-8.4,5.4,4.18
94.6,0.004,22.57,0.631,-2.8,-6.8,-3.6,-8.5,5.0,4.514
94.7,0.004,22.57,0.631,-3.0,-7.0,-3.8,-8.5,4.6,4.907
94.8,0.004,22.57,0.632,-3.1,-6.9,-3.7,-8.3,4.0,5.642
94.9,0.004,22.57,0.633,-3.1,-6.6,-3.7,-8.1,4.2,5.374
95.0,0.005,22.57,0.633,-3.2,-6.6,-3.7,-7.8,3.4,6.638
95.1,0.005,22.57,0.634,-3.3,-6.5,-3.7,-7.6,3.0,7.523
95.2,0.007,22.57,0.635,-3.2,-6.1,-3.6,-7.4,3.4,6.638
95.3,0.008,22.57,0.635,-3.2,-5.9,-3.7,-7.3,3.8,5.939
95.4,0.008,22.57,0.636,-3.1,-5.7,-3.8,-7.1,4.2,5.374
95.5,0.009,22.57,0.637,-3.1,-5.6,-3.7,-6.9,3.8,5.939
95.6,0.01,22.57,0.637,-3.2,-5.4,-3.7,-6.7,3.6,6.269
95.7,0.01,22.57,0.638,-3.2,-5.2,-3.8,-6.7,4.2,5.374
95.8,0.009,22.57,0.639,-3.2,-5.0,-3.9,-6.5,4.4,5.13
95.9,0.009,22.57,0.639,-3.2,-4.9,-4.0,-6.2,4.2,5.374
96.0,0.009,22.57,0.64,-3.4,-4.7,-3.9,-6.1,3.8,5.939
96.1,0.009,22.57,0.641,-3.5,-4.5,-3.9,-5.9,3.6,6.269
96.2,0.01,22.57,0.641,-3.4,-4.4,-3.9,-5.8,3.8,5.939
96.3,0.01,22.57,0.642,-3.5,-4.1,-3.8,-5.6,3.6,6.269
96.4,0.01,22.57,0.643,-3.5,-3.9,-3.9,-5.4,3.8,5.939
96.5,0.009,22.57,0.643,-3.6,-3.6,-3.9,-5.2,3.8,5.939
96.6,0.009,22.57,0.644,-3.6,-3.4,-4.0,-5.0,4.0,5.642
96.7,0.008,22.57,0.645,-3.7,-3.1,-4.1,-4.8,4.2,5.374
96.8,0.007,22.57,0.645,-3.7,-3.0,-4.1,-4.6,4.0,5.642
96.9,0.007,22.57,0.646,-3.7,-2.9,-4.1,-4.4,3.8,5.939
97.0,0.007,22.57,0.647,-3.8,-2.8,-4.1,-4.2,3.4,6.638
97.1,0.007,22.57,0.647,-3.8,-2.6,-4.0,-4.0,3.2,7.053
97.2,0.006,22.57,0.648,-3.8,-2.4,-4.1,-3.8,3.4,6.638
97.3,0.005,22.57,0.649,-3.8,-2.2,-4.2,-3.6,3.6,6.269
97.4,0.004,22.57,0.649,-3.8,-2.1,-4.3,-3.5,3.8,5.939
97.5,0.004,22.57,0.65,-3.8,-2.2,-4.3,-3.3,3.2,7.053
97.6,0.004,22.57,0.651,-4.0,-2.3,-4.4,-3.2,2.6,8.681
97.7,0.003,22.57,0.651,-4.2,-2.2,-4.6,-3.0,2.4,9.404
97.8,0.004,22.57,0.652,-4.1,-1.9,-4.8,-3.1,3.8,5.939
97.9,0.005,22.57,0.653,-3.9,-1.7,-4.9,-3.2,5.0,4.514
98.0,0.004,22.57,0.653,-3.8,-1.5,-5.0,-3.1,5.6,4.03
98.1,0.002,22.57,0.654,-3.9,-1.2,-5.1,-2.9,5.8,3.891
98.2,0.002,22.57,0.655,-3.9,-1.2,-5.1,-2.7,5.4,4.18
98.3,0.003,22.57,0.655,-3.6,-1.0,-5.2,-2.8,6.8,3.319
98.4,0.003,22.57,0.656,-3.6,-0.9,-5.4,-2.7,7.2,3.135
98.5,0.003,22.57,0.657,-3.7,-0.9,-5.5,-2.8,7.4,3.05
98.6,0.003,22.57,0.657,-3.9,-1.1,-5.6,-2.9,7.0,3.224
98.7,0.002,22.57,0.658,-4.0,-1.1,-5.6,-2.8,6.6,3.42
98.8,0.004,22.57,0.659,-3.9,-0.9,-5.5,-2.7,6.8,3.319
98.9,0.005,22.57,0.659,-3.8,-0.9,-5.5,-2.6,6.8,3.319
99.0,0.004,22.57,0.66,-3.7,-1.1,-5.6,-2.4,6.4,3.527
99.1,0.004,22.57,0.661,-3.9,-1.1,-5.6,-2.4,6.0,3.762
99.2,0.004,22.57,0.661,-4.1,-1.2,-5.8,-2.6,6.2,3.64
99.3,0.004,22.57,0.662,-4.3,-1.4,-5.9,-2.5,5.4,4.18
99.4,0.003,22.57,0.663,-4.5,-1.4,-6.0,-2.3,4.8,4.702
99.5,0.002,22.57,0.663,-4.7,-1.5,-6.0,-2.3,4.2,5.374
99.6,0.003,22.57,0.664,-4.9,-1.7,-6.3,-2.5,4.4,5.13
99.7,0.004,22.57,0.665,-5.0,-1.6,-6.4,-2.8,5.2,4.34
99.8,0.004,22.57,0.665,-5.0,-1.6,-6.4,-2.9,5.4,4.18
99.9,0.003,22.57,0.666,-5.0,-1.6,-6.3,-2.8,5.0,4.514
100.0,0.004,22.57,0.667,-4.9,-1.3,-6.2,-2.7,5.4,4.18
100.1,0.004,22.57,0.667,-4.7,-1.4,-6.1,-2.5,5.0,4.514
100.2,0.005,22.57,0.668,-4.5,-1.4,-6.0,-2.4,5.0,4.514
100.3,0.004,22.57,0.669,-4.4,-1.2,-5.8,-2.3,5.0,4.514
100.4,0.002,22.57,0.669,-4.4,-1.1,-5.7,-2.1,4.6,4.907
100.5,0.001,22.57,0.67,-4.1,-0.9,-5.6,-2.0,5.2,4.34
100.6,0.002,22.57,0.671,-3.8,-0.7,-5.5,-2.1,6.2,3.64
100.7,0.004,22.57,0.671,-3.5,-0.8,-5.4,-2.1,6.4,3.527
100.8,0.003,22.57,0.672,-3.4,-0.7,-5.4,-2.1,6.8,3.319
100.9,0.004,22.57,0.673,-3.0,-0.7,-5.3,-2.2,7.6,2.97
101.0,0.005,22.57,0.673,-3.0,-0.7,-5.2,-2.3,7.6,2.97
101.1,0.006,22.57,0.674,-3.2,-0.8,-5.2,-2.3,7.0,3.224
101.2,0.004,22.57,0.675,-3.3,-0.6,-5.1,-2.3,7.0,3.224
101.3,0.004,22.57,0.675,-3.2,-0.4,-5.2,-2.2,7.6,2.97
101.4,0.003,22.57,0.676,-2.9,-0.3,-5.4,-1.9,8.2,2.752
101.5,0.005,22.57,0.677,-2.5,-0.1,-5.6,-2.0,10.0,2.257
101.6,0.006,22.57,0.677,-2.4,-0.0,-5.5,-2.2,10.6,2.129
101.7,0.005,22.57,0.678,-2.2,-0.1,-5.3,-2.0,10.0,2.257
101.8,0.005,22.57,0.679,-2.0,-0.1,-5.1,-1.9,9.8,2.303
101.9,0.005,22.57,0.679,-1.8,-0.1,-4.9,-1.7,9.4,2.401
102.0,0.005,22.57,0.68,-1.6,-0.1,-4.8,-1.6,9.4,2.401
102.1,0.004,22.57,0.681,-1.6,-0.1,-4.6,-1.4,8.6,2.624
102.2,0.002,22.57,0.681,-1.7,0.1,-4.5,-1.2,8.2,2.752
102.3,0.002,22.57,0.682,-1.8,0.1,-4.7,-1.1,8.2,2.752
102.4,0.002,22.57,0.683,-1.5,0.2,-4.9,-1.2,9.6,2.351
102.5,0.002,22.57,0.683,-1.1,0.2,-4.8,-1.2,10.2,2.213
102.6,0.005,22.57,0.684,-0.7,0.2,-4.6,-1.2,10.6,2.129
102.7,0.005,22.57,0.685,-0.6,0.2,-4.5,-1.1,10.4,2.17
102.8,0.003,22.57,0.685,-0.8,0.4,-4.4,-1.0,10.0,2.257
102.9,0.004,22.57,0.686,-0.9,0.5,-4.2,-1.0,9.6,2.351
103.0,0.002,22.57,0.687,-0.7,0.5,-4.0,-0.8,9.2,2.453
103.1,0.002,22.57,0.687,-0.4,0.4,-3.9,-0.8,9.4,2.401
103.2,0.003,22.57,0.688,-0.1,0.4,-3.7,-0.8,9.6,2.351
103.3,0.003,22.57,0.689,0.1,0.5,-3.7,-0.8,10.2,2.213
103.4,0.004,22.57,0.689,0.4,0.5,-3.5,-0.8,10.4,2.17
103.5,0.003,22.57,0.69,0.5,0.6,-3.4,-0.6,10.2,2.213
103.6,0.003,22.57,0.691,0.7,0.6,-3.2,-0.6,10.2,2.213
103.7,0.002,22.57,0.691,1.0,0.7,-3.0,-0.6,10.6,2.129
103.8,0.002,22.57,0.692,1.4,0.7,-2.8,-0.6,11.0,2.052
103.9,0.003,22.57,0.693,1.7,0.9,-2.6,-0.6,11.6,1.946
104.0,0.003,22.57,0.693,2.0,0.9,-2.5,-0.8,12.4,1.82
104.1,0.005,22.57,0.694,2.2,1.1,-2.6,-0.8,13.4,1.684
104.2,0.005,22.57,0.695,2.4,1.1,-2.6,-0.8,13.8,1.636
104.3,0.003,22.57,0.695,2.4,1.0,-2.5,-0.6,13.0,1.736
104.4,0.003,22.57,0.696,2.1,1.1,-2.4,-0.3,11.8,1.913
104.5,0.004,22.57,0.697,2.0,1.1,-2.6,-0.2,11.8,1.913
104.6,0.005,22.57,0.697,1.8,1.2,-2.9,-0.3,12.4,1.82
104.7,0.006,22.57,0.698,1.6,1.1,-3.1,-0.3,12.2,1.85
104.8,0.006,22.57,0.699,1.4,1.0,-3.2,-0.5,12.2,1.85
104.9,0.007,22.57,0.699,1.2,1.0,-3.5,-0.6,12.6,1.791
105.0,0.007,22.57,0.7,1.1,0.9,-3.4,-0.5,11.8,1.913
105.1,0.008,22.57,0.701,0.9,1.0,-3.2,-0.5,11.2,2.015
105.2,0.008,22.57,0.701,0.8,1.0,-3.1,-0.4,10.6,2.129
105.3,0.008,22.57,0.702,0.7,1.0,-2.9,-0.4,10.0,2.257
105.4,0.007,22.57,0.703,0.6,1.0,-2.8,-0.3,9.4,2.401
105.5,0.006,22.57,0.703,0.3,0.9,-2.6,-0.3,8.2,2.752
105.6,0.006,22.57,0.704,0.2,0.9,-2.4,-0.1,7.2,3.135
105.7,0.007,22.57,0.705,-0.1,0.9,-2.5,-0.3,7.2,3.135
105.8,0.007,22.57,0.705,-0.4,0.9,-2.5,-0.3,6.6,3.42
105.9,0.007,22.57,0.706,-0.6,0.8,-2.5,-0.2,5.8,3.891
106.0,0.007,22.57,0.707,-0.9,0.8,-2.4,-0.2,5.0,4.514
106.1,0.007,22.57,0.707,-1.1,0.8,-2.3,-0.3,4.6,4.907
106.2,0.006,22.57,0.708,-1.3,0.8,-2.2,-0.2,3.8,5.939
106.3,0.005,22.57,0.709,-1.4,0.8,-2.2,-0.2,3.6,6.269
106.4,0.005,22.57,0.709,-1.6,0.8,-2.2,-0.1,3.0,7.523
106.5,0.003,22.57,0.71,-1.8,0.7,-2.2,0.1,2.0,11.285
106.6,0.004,22.57,0.711,-1.6,0.5,-2.4,-0.1,2.8,8.061
106.7,0.004,22.57,0.711,-1.6,0.5,-2.4,-0.0,2.6,8.681
106.8,0.004,22.57,0.712,-1.7,0.7,-2.4,0.1,2.6,8.681
106.9,0.002,22.57,0.713,-1.8,0.7,-2.3,0.3,1.8,12.539
107.0,0.002,22.57,0.713,-1.6,0.6,-2.6,0.4,2.4,9.404
107.1,0.003,22.57,0.714,-1.2,0.8,-2.5,0.2,3.8,5.939
107.2,0.003,22.57,0.715,-1.1,0.7,-2.4,0.0,4.0,5.642
107.3,0.005,22.57,0.715,-1.1,1.0,-2.6,0.1,4.8,4.702
107.4,0.006,22.57,0.716,-1.2,1.0,-2.5,0.2,4.2,5.374
107.5,0.005,22.57,0.717,-1.2,0.8,-2.3,0.1,3.6,6.269
107.6,0.002,22.57,0.717,-1.2,0.6,-2.2,0.2,2.8,8.061
107.7,0.003,22.57,0.718,-1.0,0.8,-2.2,0.3,3.4,6.638
107.8,0.003,22.57,0.719,-0.9,0.7,-2.0,0.2,3.2,7.053
107.9,0.003,22.57,0.719,-0.8,0.5,-1.9,0.1,3.0,7.523
108.0,0.003,22.57,0.72,-0.7,0.5,-1.7,-0.0,3.0,7.523
108.1,0.003,22.57,0.721,-0.5,0.3,-1.6,-0.1,3.0,7.523
108.2,0.003,22.57,0.721,-0.3,0.1,-1.4,-0.1,2.6,8.681
108.3,0.004,22.57,0.722,-0.3,0.1,-1.4,-0.2,2.8,8.061
108.4,0.003,22.57,0.723,-0.5,0.0,-1.4,-0.1,2.0,11.285
108.5,0.004,22.57,0.723,-0.5,-0.0,-1.7,-0.1,2.6,8.681
108.6,0.005,22.57,0.724,-0.6,0.2,-1.7,-0.3,3.2,7.053
108.7,0.005,22.57,0.725,-0.6,0.3,-1.5,-0.5,3.4,6.638
108.8,0.006,22.57,0.725,-0.5,0.2,-1.3,-0.8,3.6,6.269
108.9,0.003,22.57,0.726,-0.5,0.0,-1.2,-0.8,3.0,7.523
109.0,0.003,22.57,0.727,-0.3,-0.1,-1.6,-0.7,3.8,5.939
109.1,0.004,22.57,0.727,0.0,-0.1,-1.9,-0.9,5.4,4.18
109.2,0.004,22.57,0.728,0.3,-0.2,-1.8,-1.0,5.8,3.891
109.3,0.003,22.57,0.729,0.3,-0.3,-1.6,-1.1,5.4,4.18
109.4,0.002,22.57,0.729,0.1,-0.2,-1.6,-1.1,5.2,4.34
109.5,0.002,22.57,0.73,0.1,-0.3,-1.9,-1.2,5.8,3.891
109.6,0.003,22.57,0.731,0.0,-0.4,-2.1,-1.2,5.8,3.891
109.7,0.003,22.57,0.731,-0.2,-0.4,-2.1,-1.1,5.2,4.34
109.8,0.003,22.57,0.732,-0.3,-0.6,-1.9,-1.2,4.4,5.13
109.9,0.004,22.57,0.733,-0.3,-0.6,-2.1,-1.5,5.4,4.18
110.0,0.005,22.57,0.733,-0.0,-0.5,-2.3,-1.6,6.8,3.319
110.1,0.005,22.57,0.734,0.2,-0.7,-2.3,-1.7,7.0,3.224
110.2,0.005,22.57,0.735,0.3,-0.8,-2.1,-1.8,6.8,3.319
110.3,0.004,22.57,0.735,0.1,-0.8,-2.0,-1.6,5.8,3.891
110.4,0.006,22.57,0.736,-0.0,-0.7,-2.0,-1.5,5.6,4.03
110.5,0.006,22.57,0.737,-0.1,-0.6,-2.1,-1.5,5.8,3.891
110.6,0.006,22.57,0.737,-0.4,-0.7,-2.2,-1.4,5.0,4.514
110.7,0.007,22.57,0.738,-0.6,-0.6,-2.3,-1.3,4.8,4.702
110.8,0.007,22.57,0.739,-0.7,-0.7,-2.4,-1.3,4.6,4.907
110.9,0.007,22.57,0.739,-0.8,-0.7,-2.4,-1.3,4.4,5.13
111.0,0.009,22.57,0.74,-0.9,-0.5,-2.5,-1.2,4.6,4.907
111.1,0.009,22.57,0.741,-1.0,-0.5,-2.4,-1.3,4.4,5.13
111.2,0.008,22.57,0.741,-1.1,-0.5,-2.4,-1.2,4.0,5.642
111.3,0.008,22.57,0.742,-1.3,-0.7,-2.3,-1.3,3.2,7.053
111.4,0.007,22.57,0.743,-1.5,-0.9,-2.4,-1.5,3.0,7.523
111.5,0.006,22.57,0.743,-1.7,-1.0,-2.3,-1.6,2.4,9.404
111.6,0.005,22.57,0.744,-1.8,-1.1,-2.4,-1.9,2.8,8.061
111.7,0.004,22.57,0.745,-2.0,-1.2,-2.4,-1.8,2.0,11.285
111.8,0.003,22.57,0.745,-1.9,-1.3,-2.6,-1.9,2.6,8.681
111.9,0.004,22.57,0.746,-1.8,-1.2,-2.8,-2.2,4.0,5.642
112.0,0.005,22.57,0.747,-1.5,-1.1,-3.0,-2.6,6.0,3.762
112.1,0.005,22.57,0.747,-1.2,-1.0,-3.3,-2.9,8.0,2.821
112.2,0.004,22.57,0.748,-1.2,-1.0,-3.3,-3.0,8.2,2.752
112.3,0.004,22.57,0.749,-1.2,-1.2,-3.2,-3.0,7.6,2.97
112.4,0.004,22.57,0.749,-1.2,-1.4,-3.0,-3.2,7.2,3.135
112.5,0.002,22.57,0.75,-1.2,-1.4,-2.9,-3.2,7.0,3.224
112.6,0.002,22.57,0.751,-0.8,-1.2,-2.9,-3.5,8.8,2.565
112.7,0.002,22.57,0.751,-0.7,-1.1,-3.1,-3.5,9.6,2.351
112.8,0.003,22.57,0.752,-0.9,-1.0,-3.4,-3.4,9.8,2.303
112.9,0.005,22.57,0.753,-0.9,-1.1,-3.5,-3.3,9.6,2.351
113.0,0.004,22.57,0.753,-1.1,-1.3,-3.3,-3.1,8.0,2.821
113.1,0.003,22.57,0.754,-1.4,-1.3,-3.2,-3.0,7.0,3.224
113.2,0.004,22.57,0.755,-1.2,-1.4,-3.1,-3.1,7.2,3.135
113.3,0.003,22.57,0.755,-1.2,-1.5,-3.0,-3.1,6.8,3.319
113.4,0.005,22.57,0.756,-1.0,-1.6,-2.8,-3.2,6.8,3.319
113.5,0.006,22.57,0.757,-0.9,-1.6,-2.7,-3.2,6.8,3.319
113.6,0.006,22.57,0.757,-0.9,-1.5,-2.6,-3.1,6.6,3.42
113.7,0.005,22.57,0.758,-1.0,-1.6,-2.6,-3.0,6.0,3.762
113.8,0.004,22.57,0.759,-1.2,-1.4,-2.6,-3.0,6.0,3.762
113.9,0.004,22.57,0.759,-1.2,-1.1,-2.6,-3.0,6.6,3.42
114.0,0.003,22.57,0.76,-1.0,-1.0,-2.6,-3.3,7.8,2.894
114.1,0.001,22.57,0.761,-1.0,-0.6,-2.5,-3.5,8.8,2.565
114.2,0.003,22.57,0.761,-0.9,-0.6,-2.4,-3.8,9.4,2.401
114.3,0.003,22.57,0.762,-0.7,-0.6,-2.2,-4.2,10.2,2.213
114.4,0.004,22.57,0.763,-0.6,-0.5,-2.2,-4.5,11.2,2.015
114.5,0.003,22.57,0.763,-0.4,-0.5,-2.0,-4.8,11.8,1.913
114.6,0.003,22.57,0.764,-0.3,-0.6,-1.9,-4.8,11.6,1.946
114.7,0.003,22.57,0.765,-0.3,-0.5,-2.0,-4.9,12.2,1.85
114.8,0.002,22.57,0.765,0.0,-0.4,-1.8,-5.0,12.8,1.763
114.9,0.003,22.57,0.766,0.0,-0.5,-1.6,-5.0,12.2,1.85
115.0,0.003,22.57,0.767,0.2,-0.8,-1.5,-5.2,12.2,1.85
115.1,0.003,22.57,0.767,0.4,-1.0,-1.5,-5.3,12.4,1.82
115.2,0.002,22.57,0.768,0.3,-1.2,-1.7,-5.4,12.4,1.82
115.3,0.001,22.57,0.769,0.3,-1.0,-1.8,-5.6,13.4,1.684
115.4,0.0,22.57,0.769,0.3,-0.6,-1.7,-5.9,14.6,1.546
115.5,0.001,22.57,0.77,0.5,-0.4,-1.6,-6.3,16.0,1.411
115.6,0.003,22.57,0.771,0.7,-0.2,-1.6,-6.7,17.6,1.282
115.7,0.003,22.57,0.771,0.7,0.0,-1.5,-7.0,18.4,1.227
115.8,0.004,22.57,0.772,0.6,0.1,-1.2,-7.2,18.2,1.24
115.9,0.004,22.57,0.773,0.6,0.0,-1.2,-7.3,18.2,1.24
116.0,0.004,22.57,0.773,0.6,-0.1,-1.1,-7.7,18.6,1.213
116.1,0.003,22.57,0.774,0.6,-0.3,-1.1,-7.7,18.2,1.24
116.2,0.003,22.57,0.775,0.6,-0.6,-1.2,-7.6,17.6,1.282
116.3,0.005,22.57,0.775,0.8,-0.7,-1.2,-7.6,17.8,1.268
116.4,0.005,22.57,0.776,0.6,-0.8,-1.1,-7.6,17.0,1.328
116.5,0.004,22.57,0.777,0.5,-1.1,-0.9,-7.4,15.4,1.466
116.6,0.004,22.57,0.777,0.5,-1.2,-1.0,-7.3,15.2,1.485
116.7,0.005,22.57,0.778,0.6,-1.4,-1.0,-7.1,14.6,1.546
116.8,0.006,22.57,0.779,0.4,-1.6,-1.1,-6.9,13.6,1.66
116.9,0.008,22.57,0.779,0.5,-1.8,-1.3,-6.7,13.4,1.684
117.0,0.009,22.57,0.78,0.5,-2.0,-1.4,-6.6,13.0,1.736
117.1,0.008,22.57,0.781,0.6,-2.0,-1.3,-6.4,12.6,1.791
117.2,0.008,22.57,0.781,0.4,-2.0,-1.1,-6.2,11.4,1.98
117.3,0.01,22.57,0.782,0.4,-2.2,-1.0,-6.1,10.6,2.129
117.4,0.01,22.57,0.783,0.3,-2.3,-1.3,-5.9,10.4,2.17
117.5,0.01,22.57,0.783,0.3,-2.5,-1.2,-5.7,9.4,2.401
117.6,0.01,22.57,0.784,0.2,-2.7,-1.3,-5.6,8.8,2.565
117.7,0.008,22.57,0.785,0.0,-2.8,-1.5,-5.4,8.2,2.752
117.8,0.009,22.57,0.785,-0.2,-2.6,-1.8,-5.3,8.6,2.624
117.9,0.01,22.57,0.786,-0.3,-2.7,-2.0,-5.1,8.2,2.752
118.0,0.008,22.57,0.787,-0.5,-2.6,-1.7,-5.0,7.2,3.135
118.1,0.007,22.57,0.787,-0.7,-2.8,-1.6,-4.8,5.8,3.891
118.2,0.008,22.57,0.788,-0.7,-2.9,-1.6,-4.6,5.2,4.34
118.3,0.006,22.57,0.789,-0.9,-3.1,-1.7,-4.5,4.4,5.13
118.4,0.006,22.57,0.789,-1.1,-3.2,-1.9,-4.4,4.0,5.642
118.5,0.006,22.57,0.79,-1.1,-3.3,-2.2,-4.3,4.2,5.374
118.6,0.006,22.57,0.791,-1.1,-3.4,-2.2,-4.1,3.6,6.269
118.7,0.005,22.57,0.791,-1.3,-3.3,-2.0,-4.1,3.0,7.523
118.8,0.005,22.57,0.792,-1.4,-3.4,-1.9,-3.9,2.0,11.285
118.9,0.006,22.57,0.793,-1.4,-3.3,-1.8,-4.1,2.4,9.404
119.0,0.006,22.57,0.793,-1.3,-3.4,-1.8,-4.2,2.6,8.681
119.1,0.006,22.57,0.794,-1.2,-3.6,-2.1,-4.2,3.0,7.523
119.2,0.006,22.57,0.795,-1.3,-3.4,-2.3,-4.3,3.8,5.939
119.3,0.005,22.57,0.795,-1.6,-3.4,-2.1,-4.4,3.0,7.523
119.4,0.005,22.57,0.796,-1.6,-3.4,-2.1,-4.3,2.8,8.061
119.5,0.005,22.57,0.797,-1.5,-3.3,-2.3,-4.4,3.8,5.939
119.6,0.007,22.57,0.797,-1.5,-3.4,-2.3,-4.7,4.2,5.374
119.7,0.007,22.57,0.798,-1.6,-3.7,-2.2,-4.9,3.6,6.269
119.8,0.005,22.57,0.799,-1.8,-3.6,-2.4,-4.9,3.8,5.939
119.9,0.004,22.57,0.799,-1.9,-3.8,-2.5,-5.0,3.6,6.269
120.0,0.005,22.57,0.8,-2.0,-3.9,-2.5,-5.1,3.4,6.638
120.1,0.005,22.57,0.801,-2.0,-4.1,-2.6,-5.2,3.4,6.638
120.2,0.005,22.57,0.801,-2.0,-4.0,-2.6,-5.3,3.8,5.939
120.3,0.005,22.57,0.802,-2.1,-4.1,-2.6,-5.5,3.8,5.939
120.4,0.005,22.57,0.803,-2.1,-4.3,-2.8,-5.7,4.2,5.374
120.5,0.006,22.57,0.803,-2.1,-4.4,-2.7,-5.7,3.8,5.939
120.6,0.007,22.57,0.804,-2.0,-4.4,-2.7,-5.7,4.0,5.642
120.7,0.007,22.57,0.805,-2.1,-4.3,-2.8,-5.6,4.0,5.642
120.8,0.008,22.57,0.805,-2.1,-4.5,-2.8,-5.5,3.4,6.638
120.9,0.006,22.57,0.806,-2.2,-4.7,-3.1,-5.5,3.4,6.638
121.0,0.006,22.57,0.807,-2.2,-4.8,-3.3,-5.6,3.8,5.939
121.1,0.004,22.57,0.807,-2.4,-5.0,-3.4,-5.8,3.6,6.269
121.2,0.006,22.57,0.808,-2.5,-5.0,-3.4,-6.2,4.2,5.374
121.3,0.009,22.57,0.809,-2.4,-5.0,-3.4,-6.5,5.0,4.514
121.4,0.009,22.57,0.809,-2.5,-5.1,-3.5,-6.5,4.8,4.702
121.5,0.008,22.57,0.81,-2.7,-5.2,-3.5,-6.3,3.8,5.939
121.6,0.006,22.57,0.811,-2.9,-5.2,-3.6,-6.2,3.4,6.638
121.7,0.006,22.57,0.811,-2.9,-5.3,-3.8,-6.1,3.4,6.638
121.8,0.006,22.57,0.812,-2.9,-5.5,-3.9,-6.1,3.2,7.053
121.9,0.006,22.57,0.813,-2.9,-5.5,-4.0,-6.2,3.6,6.269
122.0,0.005,22.57,0.813,-3.0,-5.5,-4.2,-6.5,4.4,5.13
122.1,0.004,22.57,0.814,-3.2,-5.5,-4.3,-6.8,4.8,4.702
122.2,0.003,22.57,0.815,-3.3,-5.4,-4.6,-7.1,6.0,3.762
122.3,0.004,22.57,0.815,-3.5,-5.3,-4.7,-7.3,6.4,3.527
122.4,0.007,22.57,0.816,-3.4,-5.4,-4.7,-7.5,6.8,3.319
122.5,0.007,22.57,0.817,-3.6,-5.4,-4.8,-7.7,7.0,3.224
122.6,0.005,22.57,0.817,-3.7,-5.5,-5.0,-7.7,7.0,3.224
122.7,0.005,22.57,0.818,-3.8,-5.6,-5.1,-7.7,6.8,3.319
122.8,0.006,22.57,0.819,-3.8,-5.8,-5.2,-7.8,6.8,3.319
122.9,0.006,22.57,0.819,-3.9,-5.8,-5.3,-7.9,7.0,3.224
123.0,0.006,22.57,0.82,-4.0,-5.9,-5.4,-8.0,7.0,3.224
123.1,0.007,22.57,0.821,-4.2,-6.1,-5.4,-8.1,6.4,3.527
123.2,0.008,22.57,0.821,-4.3,-6.3,-5.6,-8.2,6.4,3.527
123.3,0.008,22.57,0.822,-4.4,-6.6,-5.7,-8.4,6.2,3.64
123.4,0.008,22.57,0.823,-4.6,-6.7,-5.8,-8.6,6.2,3.64
123.5,0.009,22.57,0.823,-4.6,-6.7,-6.0,-8.6,6.6,3.42
123.6,0.009,22.57,0.824,-4.6,-6.9,-6.1,-8.4,6.0,3.762
123.7,0.01,22.57,0.825,-4.8,-7.0,-6.0,-8.4,5.2,4.34
123.8,0.009,22.57,0.825,-4.9,-7.1,-6.2,-8.4,5.2,4.34
123.9,0.009,22.57,0.826,-5.1,-7.2,-6.1,-8.2,4.0,5.642
124.0,0.01,22.57,0.827,-5.2,-7.2,-6.1,-8.1,3.6,6.269
124.1,0.01,22.57,0.827,-5.3,-7.3,-6.3,-8.0,3.4,6.638
124.2,0.009,22.57,0.828,-5.4,-7.3,-6.3,-7.8,2.8,8.061
124.3,0.007,22.57,0.829,-5.7,-7.3,-6.6,-7.7,2.6,8.681
124.4,0.006,22.57,0.829,-5.8,-7.1,-6.7,-7.8,3.2,7.053
124.5,0.007,22.57,0.83,-5.9,-7.2,-6.8,-7.8,3.0,7.523
124.6,0.008,22.57,0.831,-5.9,-7.3,-7.0,-7.7,3.0,7.523
124.7,0.008,22.57,0.831,-6.1,-7.4,-7.2,-7.7,2.8,8.061
124.8,0.009,22.57,0.832,-6.1,-7.4,-7.4,-7.7,3.2,7.053
124.9,0.009,22.57,0.833,-6.1,-7.4,-7.4,-7.6,3.0,7.523
125.0,0.008,22.57,0.833,-6.3,-7.5,-7.4,-7.6,2.4,9.404
125.1,0.008,22.57,0.834,-6.4,-7.5,-7.5,-7.6,2.4,9.404
125.2,0.008,22.57,0.835,-6.4,-7.4,-7.6,-7.7,3.0,7.523
125.3,0.008,22.57,0.835,-6.5,-7.3,-7.8,-7.7,3.4,6.638
125.4,0.009,22.57,0.836,-6.6,-7.5,-7.8,-7.8,3.0,7.523
125.5,0.01,22.57,0.837,-6.8,-7.6,-7.9,-7.8,2.6,8.681
125.6,0.01,22.57,0.837,-7.0,-7.6,-8.1,-7.9,2.8,8.061
125.7,0.011,22.57,0.838,-6.9,-7.7,-8.3,-8.0,3.4,6.638
125.8,0.01,22.57,0.839,-7.1,-7.6,-8.5,-8.0,3.6,6.269
125.9,0.009,22.57,0.839,-7.3,-7.7,-8.6,-8.0,3.2,7.053
126.0,0.009,22.57,0.84,-7.4,-7.7,-8.8,-8.0,3.4,6.638
126.1,0.008,22.57,0.841,-7.6,-7.7,-9.0,-8.1,3.6,6.269
126.2,0.008,22.57,0.841,-7.9,-7.7,-9.2,-8.3,3.8,5.939
126.3,0.007,22.57,0.842,-8.1,-7.8,-9.5,-8.4,4.0,5.642
126.4,0.007,22.57,0.843,-8.4,-7.8,-9.7,-8.5,4.0,5.642
126.5,0.006,22.57,0.843,-8.6,-7.9,-9.8,-8.5,3.6,6.269
126.6,0.006,22.57,0.844,-8.8,-8.0,-9.9,-8.5,3.2,7.053
126.7,0.008,22.57,0.845,-8.9,-8.0,-10.1,-8.7,3.8,5.939
126.8,0.009,22.57,0.845,-9.0,-8.1,-10.2,-8.7,3.6,6.269
126.9,0.01,22.57,0.846,-9.3,-8.3,-10.3,-8.9,3.2,7.053
127.0,0.01,22.57,0.847,-9.2,-8.2,-10.3,-8.9,3.6,6.269
127.1,0.01,22.57,0.847,-9.3,-8.1,-10.2,-8.8,3.2,7.053
127.2,0.012,22.57,0.848,-9.3,-7.9,-10.1,-8.7,3.2,7.053
127.3,0.013,22.57,0.849,-9.3,-7.7,-10.1,-8.5,3.2,7.053
127.4,0.015,22.57,0.849,-9.3,-7.7,-9.9,-8.4,2.6,8.681
127.5,0.015,22.57,0.85,-9.3,-7.4,-9.9,-8.3,3.0,7.523
127.6,0.015,22.57,0.851,-9.5,-7.2,-9.8,-8.1,2.4,9.404
127.7,0.016,22.57,0.851,-9.4,-7.1,-9.8,-8.0,2.6,8.681
127.8,0.016,22.57,0.852,-9.3,-6.7,-9.8,-7.9,3.4,6.638
127.9,0.015,22.57,0.853,-9.2,-6.5,-9.8,-7.9,4.0,5.642
128.0,0.014,22.57,0.853,-9.3,-6.4,-9.8,-7.6,3.4,6.638
128.1,0.015,22.57,0.854,-9.4,-6.3,-9.8,-7.5,3.2,7.053
128.2,0.014,22.57,0.855,-9.4,-6.1,-9.7,-7.3,3.0,7.523
128.3,0.014,22.57,0.855,-9.5,-6.0,-9.7,-7.1,2.6,8.681
128.4,0.014,22.57,0.856,-9.5,-5.9,-9.8,-7.0,2.8,8.061
128.5,0.015,22.57,0.857,-9.5,-5.7,-9.7,-7.0,3.0,7.523
128.6,0.015,22.57,0.857,-9.5,-5.6,-9.7,-6.7,2.6,8.681
128.7,0.014,22.57,0.858,-9.6,-5.5,-9.6,-6.6,2.2,10.259
128.8,0.014,22.57,0.859,-9.5,-5.1,-9.7,-6.5,3.2,7.053
128.9,0.013,22.57,0.859,-9.5,-4.9,-9.6,-6.2,2.8,8.061
129.0,0.015,22.57,0.86,-9.5,-4.9,-9.6,-6.3,3.0,7.523
129.1,0.016,22.57,0.861,-9.3,-4.8,-9.6,-6.2,3.4,6.638
129.2,0.016,22.57,0.861,-9.2,-4.5,-9.6,-6.1,4.0,5.642
129.3,0.016,22.57,0.862,-9.1,-4.4,-9.5,-5.9,3.8,5.939
129.4,0.017,22.57,0.863,-9.0,-4.3,-9.4,-5.6,3.4,6.638
129.5,0.016,22.57,0.863,-8.9,-4.1,-9.4,-5.4,3.6,6.269
129.6,0.016,22.57,0.864,-8.8,-3.8,-9.4,-5.2,4.0,5.642
129.7,0.015,22.57,0.865,-8.6,-3.6,-9.4,-5.0,4.4,5.13
129.8,0.016,22.57,0.865,-8.6,-3.5,-9.5,-5.0,4.8,4.702
129.9,0.015,22.57,0.866,-8.5,-3.3,-9.4,-5.0,5.2,4.34
130.0,0.014,22.57,0.867,-8.5,-3.0,-9.4,-4.7,5.2,4.34
130.1,0.013,22.57,0.867,-8.5,-2.8,-9.3,-4.6,5.2,4.34
130.2,0.015,22.57,0.868,-8.5,-2.8,-9.3,-4.6,5.2,4.34
130.3,0.015,22.57,0.869,-8.3,-2.6,-9.2,-4.5,5.6,4.03
130.4,0.015,22.57,0.869,-8.3,-2.5,-9.1,-4.3,5.2,4.34
130.5,0.014,22.57,0.87,-8.3,-2.5,-9.0,-4.1,4.6,4.907
130.6,0.012,22.57,0.871,-8.2,-2.2,-8.9,-3.8,4.6,4.907
130.7,0.011,22.57,0.871,-8.2,-2.3,-8.9,-3.5,3.8,5.939
130.8,0.01,22.57,0.872,-8.1,-2.3,-8.8,-3.3,3.4,6.638
130.9,0.008,22.57,0.873,-7.9,-2.0,-8.7,-3.2,4.0,5.642
131.0,0.007,22.57,0.873,-8.0,-2.0,-8.7,-3.0,3.4,6.638
131.1,0.007,22.57,0.874,-8.0,-2.0,-8.7,-2.9,3.2,7.053
131.2,0.007,22.57,0.875,-8.2,-1.9,-8.6,-2.8,2.6,8.681
131.3,0.007,22.57,0.875,-8.2,-1.8,-8.7,-2.8,3.0,7.523
131.4,0.006,22.57,0.876,-8.1,-1.8,-8.6,-2.5,2.4,9.404
131.5,0.006,22.57,0.877,-8.0,-1.9,-8.6,-2.4,2.2,10.259
131.6,0.006,22.57,0.877,-7.9,-1.8,-8.6,-2.5,2.8,8.061
131.7,0.007,22.57,0.878,-8.0,-1.8,-8.6,-2.5,2.6,8.681
131.8,0.007,22.57,0.879,-8.2,-1.8,-8.7,-2.4,2.2,10.259
131.9,0.007,22.57,0.879,-8.3,-1.8,-8.9,-2.3,2.2,10.259
132.0,0.007,22.57,0.88,-8.4,-1.5,-8.9,-2.3,2.6,8.681
132.1,0.006,22.57,0.881,-8.4,-1.4,-8.8,-2.1,2.2,10.259
132.2,0.005,22.57,0.881,-8.2,-1.3,-8.7,-1.9,2.2,10.259
132.3,0.005,22.57,0.882,-8.1,-1.2,-8.7,-1.9,2.6,8.681
132.4,0.007,22.57,0.883,-7.8,-1.3,-8.7,-1.7,2.6,8.681
132.5,0.01,22.57,0.883,-7.7,-1.3,-8.8,-1.7,3.0,7.523
132.6,0.01,22.57,0.884,-7.8,-1.1,-8.8,-1.6,3.0,7.523
132.7,0.009,22.57,0.885,-7.7,-0.8,-8.7,-1.6,3.6,6.269
132.8,0.01,22.57,0.885,-7.9,-0.9,-8.7,-1.6,3.0,7.523
132.9,0.01,22.57,0.886,-8.0,-0.7,-8.8,-1.5,3.2,7.053
133.0,0.01,22.57,0.887,-8.0,-0.6,-8.8,-1.6,3.6,6.269
133.1,0.012,22.57,0.887,-8.1,-0.5,-8.9,-1.5,3.6,6.269
133.2,0.012,22.57,0.888,-8.2,-0.5,-9.1,-1.5,3.8,5.939
133.3,0.011,22.57,0.889,-8.3,-0.3,-9.0,-1.4,3.6,6.269
133.4,0.011,22.57,0.889,-8.4,-0.3,-9.0,-1.3,3.2,7.053
133.5,0.011,22.57,0.89,-8.4,-0.3,-9.1,-1.3,3.4,6.638
133.6,0.011,22.57,0.891,-8.4,-0.2,-9.2,-1.2,3.6,6.269
133.7,0.01,22.57,0.891,-8.5,-0.0,-9.1,-0.9,3.0,7.523
133.8,0.008,22.57,0.892,-8.5,0.2,-9.0,-0.7,2.8,8.061
133.9,0.007,22.57,0.893,-8.5,0.3,-9.0,-0.6,2.8,8.061
134.0,0.007,22.57,0.893,-8.6,0.2,-9.1,-0.3,2.0,11.285
134.1,0.008,22.57,0.894,-8.5,0.3,-9.2,-0.4,2.8,8.061
134.2,0.008,22.57,0.895,-8.5,0.4,-9.1,-0.2,2.4,9.404
134.3,0.008,22.57,0.895,-8.4,0.4,-9.0,0.1,1.8,12.539
134.4,0.007,22.57,0.896,-8.3,0.6,-9.0,0.1,2.4,9.404
134.5,0.006,22.57,0.897,-8.2,0.9,-8.8,0.3,2.4,9.404
134.6,0.006,22.57,0.897,-8.1,0.8,-8.8,0.3,2.4,9.404
134.7,0.009,22.57,0.898,-7.9,0.6,-8.6,0.2,2.2,10.259
134.8,0.008,22.57,0.899,-7.7,0.8,-8.6,0.3,2.8,8.061
134.9,0.007,22.57,0.899,-7.7,1.0,-8.5,0.4,2.8,8.061
135.0,0.007,22.57,0.9,-7.6,1.0,-8.3,0.6,2.2,10.259
135.1,0.007,22.57,0.901,-7.5,1.1,-8.3,0.7,2.4,9.404
135.2,0.005,22.57,0.901,-7.4,1.4,-8.3,0.8,3.0,7.523
135.3,0.006,22.57,0.902,-7.5,1.4,-8.4,0.9,2.8,8.061
135.4,0.006,22.57,0.903,-7.5,1.6,-8.4,1.0,3.0,7.523
135.5,0.007,22.57,0.903,-7.6,1.5,-8.5,1.0,2.8,8.061
135.6,0.006,22.57,0.904,-7.6,1.7,-8.5,1.2,2.8,8.061
135.7,0.005,22.57,0.905,-7.7,1.9,-8.6,1.2,3.2,7.053
135.8,0.007,22.57,0.905,-7.7,2.0,-8.7,1.2,3.6,6.269
135.9,0.007,22.57,0.906,-7.8,1.9,-8.8,1.2,3.4,6.638
136.0,0.005,22.57,0.907,-7.8,2.1,-8.8,1.4,3.4,6.638
136.1,0.006,22.57,0.907,-7.9,2.1,-8.7,1.7,2.4,9.404
136.2,0.005,22.57,0.908,-7.9,2.2,-8.5,1.6,2.4,9.404
136.3,0.005,22.57,0.909,-7.9,2.4,-8.6,1.5,3.2,7.053
136.4,0.004,22.57,0.909,-7.9,2.4,-8.4,1.7,2.4,9.404
136.5,0.005,22.57,0.91,-7.8,2.5,-8.6,1.9,2.8,8.061
136.6,0.007,22.57,0.911,-7.7,2.5,-8.8,1.9,3.4,6.638
136.7,0.005,22.57,0.911,-7.6,2.7,-8.6,1.9,3.6,6.269
136.8,0.004,22.57,0.912,-7.5,2.7,-8.4,2.1,3.0,7.523
136.9,0.005,22.57,0.913,-7.5,2.6,-8.2,2.2,2.2,10.259
137.0,0.004,22.57,0.913,-7.4,2.8,-8.0,2.2,2.4,9.404
137.1,0.005,22.57,0.914,-7.5,2.9,-8.2,2.1,3.0,7.523
137.2,0.006,22.57,0.915,-7.6,2.8,-8.2,2.3,2.2,10.259
137.3,0.008,22.57,0.915,-7.7,2.7,-8.3,2.3,2.0,11.285
137.4,0.007,22.57,0.916,-7.6,2.8,-8.4,2.3,2.6,8.681
137.5,0.005,22.57,0.917,-7.6,3.1,-8.4,2.2,3.4,6.638
137.6,0.005,22.57,0.917,-7.6,3.0,-8.3,2.4,2.6,8.681
137.7,0.005,22.57,0.918,-7.6,3.1,-8.3,2.6,2.4,9.404
137.8,0.004,22.57,0.919,-7.5,3.2,-8.3,2.8,2.4,9.404
137.9,0.004,22.57,0.919,-7.3,3.5,-8.5,2.7,4.0,5.642
138.0,0.003,22.57,0.92,-7.0,3.7,-8.8,2.6,5.8,3.891
138.1,0.004,22.57,0.921,-6.8,3.9,-9.2,2.2,8.2,2.752
138.2,0.004,22.57,0.921,-6.7,3.7,-9.2,2.1,8.2,2.752
138.3,0.004,22.57,0.922,-6.8,3.6,-9.0,2.0,7.6,2.97
138.4,0.005,22.57,0.923,-6.9,3.4,-8.8,2.1,6.4,3.527
138.5,0.006,22.57,0.923,-7.0,3.4,-8.7,2.4,5.4,4.18
138.6,0.005,22.57,0.924,-7.0,3.5,-8.5,2.5,5.0,4.514
138.7,0.004,22.57,0.925,-6.9,3.6,-8.3,2.4,5.2,4.34
138.8,0.004,22.57,0.925,-6.8,3.4,-8.4,2.1,5.8,3.891
138.9,0.007,22.57,0.926,-6.9,3.4,-8.7,2.0,6.4,3.527
139.0,0.006,22.57,0.927,-7.0,3.5,-8.8,2.1,6.4,3.527
139.1,0.006,22.57,0.927,-7.2,3.6,-8.9,2.2,6.2,3.64
139.2,0.006,22.57,0.928,-7.3,3.6,-8.9,2.4,5.6,4.03
139.3,0.007,22.57,0.929,-7.4,3.7,-9.0,2.6,5.4,4.18
139.4,0.007,22.57,0.929,-7.3,3.9,-9.2,2.6,6.4,3.527
139.5,0.007,22.57,0.93,-7.2,3.9,-9.0,2.7,6.0,3.762
139.6,0.006,22.57,0.931,-7.2,3.9,-8.9,2.6,6.0,3.762
139.7,0.005,22.57,0.931,-7.0,4.0,-8.7,2.4,6.6,3.42
139.8,0.005,22.57,0.932,-7.0,3.8,-8.5,2.5,5.6,4.03
139.9,0.005,22.57,0.933,-6.9,3.8,-8.4,2.3,6.0,3.762
140.0,0.004,22.57,0.933,-6.9,3.8,-8.3,2.3,5.8,3.891
140.1,0.003,22.57,0.934,-7.0,3.9,-8.1,2.3,5.4,4.18
140.2,0.004,22.57,0.935,-7.1,3.9,-8.2,2.4,5.2,4.34
140.3,0.004,22.57,0.935,-7.3,4.0,-8.4,2.5,5.2,4.34
140.4,0.004,22.57,0.936,-7.4,3.9,-8.5,2.6,4.8,4.702
140.5,0.005,22.57,0.937,-7.5,4.0,-8.4,2.7,4.4,5.13
140.6,0.005,22.57,0.937,-7.5,4.0,-8.3,2.8,4.0,5.642
140.7,0.003,22.57,0.938,-7.7,4.2,-8.3,3.1,3.4,6.638
140.8,0.004,22.57,0.939,-7.7,4.3,-8.4,3.0,4.0,5.642
140.9,0.005,22.57,0.939,-7.6,4.4,-8.8,3.3,4.6,4.907
141.0,0.005,22.57,0.94,-7.5,4.5,-8.9,3.4,5.0,4.514
141.1,0.005,22.57,0.941,-7.4,4.4,-8.7,3.4,4.6,4.907
141.2,0.006,22.57,0.941,-7.3,4.4,-8.5,3.2,4.8,4.702
141.3,0.006,22.57,0.942,-7.3,4.2,-8.3,3.1,4.2,5.374
141.4,0.005,22.57,0.943,-7.0,4.1,-8.2,3.1,4.4,5.13
141.5,0.005,22.57,0.943,-7.0,3.9,-8.0,3.2,3.4,6.638
141.6,0.004,22.57,0.944,-7.0,3.9,-7.9,3.1,3.4,6.638
141.7,0.005,22.57,0.945,-6.9,3.8,-7.9,2.9,3.8,5.939
141.8,0.006,22.57,0.945,-6.9,3.8,-7.8,2.8,3.8,5.939
141.9,0.005,22.57,0.946,-6.9,3.9,-7.6,3.0,3.2,7.053
142.0,0.005,22.57,0.947,-6.7,4.2,-7.5,3.2,3.6,6.269
142.1,0.006,22.57,0.947,-6.8,4.2,-7.4,3.2,3.2,7.053
142.2,0.006,22.57,0.948,-6.8,4.3,-7.4,3.1,3.6,6.269
142.3,0.008,22.57,0.949,-6.7,4.5,-7.6,3.1,4.6,4.907
142.4,0.01,22.57,0.949,-6.7,4.7,-7.8,3.2,5.2,4.34
142.5,0.011,22.57,0.95,-6.5,4.9,-7.9,3.3,6.0,3.762
142.6,0.013,22.57,0.951,-6.4,4.9,-8.0,3.5,6.0,3.762
142.7,0.014,22.57,0.951,-6.4,5.2,-8.1,3.6,6.6,3.42
142.8,0.015,22.57,0.952,-6.3,5.2,-8.0,3.7,6.4,3.527
142.9,0.015,22.57,0.953,-6.2,5.2,-7.9,3.8,6.2,3.64
143.0,0.016,22.57,0.953,-6.2,5.1,-7.8,3.9,5.6,4.03
143.1,0.016,22.57,0.954,-6.0,5.0,-7.6,4.0,5.2,4.34
143.2,0.016,22.57,0.955,-5.9,5.0,-7.5,4.1,5.0,4.514
143.3,0.017,22.57,0.955,-5.9,5.0,-7.5,4.1,5.0,4.514
143.4,0.016,22.57,0.956,-5.7,4.8,-7.4,4.2,4.6,4.907
143.5,0.016,22.57,0.957,-5.7,4.8,-7.3,4.2,4.4,5.13
143.6,0.016,22.57,0.957,-5.5,4.7,-7.2,4.1,4.6,4.907
143.7,0.014,22.57,0.958,-5.5,4.6,-6.9,4.0,4.0,5.642
143.8,0.013,22.57,0.959,-5.4,4.7,-6.8,4.0,4.2,5.374
143.9,0.012,22.57,0.959,-5.2,4.7,-6.7,4.2,4.0,5.642
144.0,0.012,22.57,0.96,-5.2,4.6,-6.5,4.3,3.2,7.053
144.1,0.012,22.57,0.961,-5.3,4.6,-6.5,4.2,3.2,7.053
144.2,0.011,22.57,0.961,-5.2,4.7,-6.3,4.1,3.4,6.638
144.3,0.01,22.57,0.962,-5.1,4.6,-6.2,4.3,2.8,8.061
144.4,0.009,22.57,0.963,-5.0,4.6,-6.1,4.5,2.4,9.404
144.5,0.009,22.57,0.963,-4.8,4.7,-5.9,4.4,2.8,8.061
144.6,0.008,22.57,0.964,-4.7,4.7,-5.9,4.2,3.4,6.638
144.7,0.008,22.57,0.965,-4.8,4.6,-5.8,4.0,3.2,7.053
144.8,0.007,22.57,0.965,-4.7,4.5,-5.7,3.8,3.4,6.638
144.9,0.007,22.57,0.966,-4.7,4.5,-5.6,3.5,3.8,5.939
145.0,0.007,22.57,0.967,-4.7,4.4,-5.5,3.1,4.2,5.374
145.1,0.008,22.57,0.967,-4.7,4.4,-5.3,3.0,4.0,5.642
145.2,0.007,22.57,0.968,-4.6,4.5,-5.3,3.1,4.2,5.374
145.3,0.007,22.57,0.969,-4.6,4.5,-5.3,3.2,4.0,5.642
145.4,0.007,22.57,0.969,-4.7,4.5,-5.2,3.4,3.2,7.053
145.5,0.007,22.57,0.97,-4.7,4.4,-5.1,3.6,2.4,9.404
145.6,0.007,22.57,0.971,-4.6,4.5,-5.1,3.8,2.4,9.404
145.7,0.007,22.57,0.971,-4.3,4.7,-5.2,3.9,3.4,6.638
145.8,0.007,22.57,0.972,-4.4,4.6,-5.2,4.1,2.6,8.681
145.9,0.008,22.57,0.973,-4.4,4.7,-5.0,4.2,2.2,10.259
146.0,0.009,22.57,0.973,-4.2,4.9,-5.0,4.1,3.2,7.053
146.1,0.01,22.57,0.974,-4.2,5.0,-5.0,3.7,4.2,5.374
146.2,0.01,22.57,0.975,-4.1,5.3,-5.1,3.4,5.8,3.891
146.3,0.01,22.57,0.975,-4.0,5.3,-4.9,3.2,6.0,3.762
146.4,0.009,22.57,0.976,-4.0,5.1,-4.7,2.9,5.8,3.891
146.5,0.01,22.57,0.977,-4.1,4.9,-4.8,2.6,6.0,3.762
146.6,0.011,22.57,0.977,-4.2,4.7,-4.8,2.4,5.8,3.891
146.7,0.01,22.57,0.978,-4.1,4.5,-4.7,2.1,6.0,3.762
146.8,0.01,22.57,0.979,-4.1,4.5,-4.6,2.2,5.6,4.03
146.9,0.012,22.57,0.979,-4.2,4.5,-4.6,2.2,5.4,4.18
147.0,0.013,22.57,0.98,-4.1,4.4,-4.6,1.9,6.0,3.762
147.1,0.013,22.57,0.981,-4.0,4.2,-4.7,1.9,6.0,3.762
147.2,0.014,22.57,0.981,-3.9,4.1,-4.7,2.0,5.8,3.891
147.3,0.014,22.57,0.982,-3.7,4.0,-4.7,1.8,6.4,3.527
147.4,0.013,22.57,0.983,-3.7,3.8,-4.6,1.7,6.0,3.762
147.5,0.014,22.57,0.983,-3.7,3.5,-4.6,1.5,5.8,3.891
147.6,0.013,22.57,0.984,-3.7,3.5,-4.5,1.3,6.0,3.762
147.7,0.012,22.57,0.985,-3.6,3.4,-4.4,1.1,6.2,3.64
147.8,0.012,22.57,0.985,-3.6,3.3,-4.4,0.9,6.4,3.527
147.9,0.012,22.57,0.986,-3.7,3.2,-4.3,0.8,6.0,3.762
148.0,0.011,22.57,0.987,-3.7,3.1,-4.2,0.7,5.8,3.891
148.1,0.012,22.57,0.987,-3.7,3.0,-4.2,0.6,5.8,3.891
148.2,0.012,22.57,0.988,-3.7,2.7,-4.2,0.4,5.6,4.03
148.3,0.011,22.57,0.989,-3.7,2.6,-4.1,0.2,5.6,4.03
148.4,0.011,22.57,0.989,-3.7,2.4,-4.1,0.3,5.0,4.514
148.5,0.011,22.57,0.99,-3.6,2.2,-4.0,0.2,4.8,4.702
148.6,0.012,22.57,0.991,-3.6,2.1,-4.0,0.4,4.2,5.374
148.7,0.01,22.57,0.991,-3.4,1.9,-3.9,0.2,4.4,5.13
148.8,0.009,22.57,0.992,-3.4,1.6,-3.8,0.1,3.8,5.939
148.9,0.01,22.57,0.993,-3.3,1.5,-3.9,-0.1,4.4,5.13
149.0,0.01,22.57,0.993,-3.3,1.4,-3.9,-0.3,4.6,4.907
149.1,0.01,22.57,0.994,-3.3,1.4,-3.8,-0.6,5.0,4.514
149.2,0.01,22.57,0.995,-3.4,1.1,-3.7,-0.6,4.0,5.642
149.3,0.009,22.57,0.995,-3.4,0.9,-3.7,-0.6,3.6,6.269
149.4,0.01,22.57,0.996,-3.4,0.8,-3.7,-0.6,3.4,6.638
149.5,0.009,22.57,0.997,-3.1,0.7,-3.6,-0.6,3.6,6.269
149.6,0.008,22.57,0.997,-2.9,0.5,-3.5,-0.7,3.6,6.269
149.7,0.008,22.57,0.998,-2.9,0.3,-3.4,-0.7,3.0,7.523
149.8,0.006,22.57,0.999,-2.8,0.0,-3.3,-0.5,2.0,11.285
149.9,0.005,22.57,0.999,-2.6,-0.2,-3.2,-0.6,2.0,11.285
