Time,Average Ln(Abs(zi/z_goal)),Sum Linear Coverage,Time/Total Time,max_x,max_y,min_x,min_y,Perimeter,Sum Linear Coverage/Perimeter
0.0,0.086,0.0,0.0,14.5,13.3,-14.5,-14.2,113.0,0.0
0.1,0.087,104.3,0.001,14.5,13.3,-14.5,-14.3,113.2,0.921
0.2,0.09,104.3,0.002,14.4,13.2,-14.4,-14.2,112.4,0.928
0.3,0.087,104.3,0.003,14.4,13.1,-14.4,-14.2,112.2,0.93
0.4,0.089,104.3,0.004,14.3,13.1,-14.4,-14.2,112.0,0.931
0.5,0.086,104.3,0.005,14.2,13.0,-14.3,-14.2,111.4,0.936
0.6,0.082,104.3,0.006,14.2,13.0,-14.2,-14.1,111.0,0.94
0.7,0.082,104.3,0.007,14.2,13.0,-14.1,-14.1,110.8,0.941
0.8,0.081,103.14,0.008,14.1,12.9,-14.1,-14.0,110.2,0.936
0.9,0.08,101.97,0.009,14.0,12.9,-14.0,-14.0,109.8,0.929
1.0,0.08,101.97,0.01,14.0,12.9,-13.9,-14.0,109.6,0.93
1.1,0.075,101.97,0.011,13.9,12.9,-13.9,-14.0,109.4,0.932
1.2,0.074,101.97,0.012,13.8,12.8,-13.8,-14.0,108.8,0.937
1.3,0.074,101.97,0.013,13.8,12.7,-13.8,-14.0,108.6,0.939
1.4,0.073,101.97,0.014,13.7,12.7,-13.7,-14.0,108.2,0.942
1.5,0.074,101.97,0.015,13.6,12.7,-13.7,-14.0,108.0,0.944
1.6,0.07,101.97,0.016,13.6,12.6,-13.6,-13.9,107.4,0.949
1.7,0.07,97.3,0.017,13.5,12.6,-13.5,-13.9,107.0,0.909
1.8,0.072,96.14,0.018,13.4,12.5,-13.5,-13.8,106.4,0.904
1.9,0.069,95.44,0.019,13.4,12.5,-13.4,-13.8,106.2,0.899
2.0,0.069,94.27,0.02,13.3,12.5,-13.4,-13.7,105.8,0.891
2.1,0.067,94.27,0.021,13.3,12.5,-13.3,-13.7,105.6,0.893
2.2,0.068,94.27,0.022,13.2,12.4,-13.2,-13.6,104.8,0.9
2.3,0.072,94.27,0.023,13.2,12.4,-13.2,-13.6,104.8,0.9
2.4,0.07,96.6,0.024,13.1,12.3,-13.1,-13.5,104.0,0.929
2.5,0.072,98.94,0.025,13.0,12.3,-13.1,-13.5,103.8,0.953
2.6,0.072,95.44,0.026,13.0,12.3,-13.1,-13.4,103.6,0.921
2.7,0.071,93.8,0.027,12.9,12.2,-13.0,-13.3,102.8,0.912
2.8,0.07,91.24,0.028,12.9,12.2,-13.0,-13.3,102.8,0.888
2.9,0.069,92.4,0.029,12.9,12.2,-12.9,-13.2,102.4,0.902
3.0,0.066,91.24,0.03,12.8,12.1,-12.9,-13.2,102.0,0.895
3.1,0.068,91.24,0.031,12.8,12.1,-12.8,-13.1,101.6,0.898
3.2,0.066,87.74,0.032,12.7,12.1,-12.8,-13.0,101.2,0.867
3.3,0.065,89.6,0.033,12.7,12.0,-12.7,-13.0,100.8,0.889
3.4,0.066,87.27,0.034,12.7,11.9,-12.6,-12.9,100.2,0.871
3.5,0.065,87.27,0.035,12.6,11.9,-12.6,-12.9,100.0,0.873
3.6,0.067,85.64,0.036,12.6,11.9,-12.5,-12.8,99.6,0.86
3.7,0.065,83.3,0.037,12.5,11.9,-12.5,-12.7,99.2,0.84
3.8,0.063,83.3,0.038,12.5,11.9,-12.4,-12.7,99.0,0.841
3.9,0.064,83.3,0.039,12.4,11.8,-12.4,-12.6,98.4,0.847
4.0,0.064,84.47,0.04,12.4,11.8,-12.3,-12.6,98.2,0.86
4.1,0.066,86.8,0.041,12.4,11.7,-12.3,-12.5,97.8,0.888
4.2,0.065,86.8,0.042,12.3,11.7,-12.2,-12.5,97.4,0.891
4.3,0.065,86.8,0.043,12.3,11.6,-12.2,-12.4,97.0,0.895
4.4,0.065,86.8,0.044,12.2,11.6,-12.1,-12.3,96.4,0.9
4.5,0.064,86.8,0.045,12.2,11.5,-12.1,-12.3,96.2,0.902
4.6,0.063,86.8,0.046,12.1,11.5,-12.1,-12.2,95.8,0.906
4.7,0.062,86.47,0.047,12.1,11.4,-12.0,-12.2,95.4,0.906
4.8,0.061,85.3,0.048,12.0,11.4,-11.9,-12.1,94.8,0.9
4.9,0.062,85.77,0.049,11.9,11.3,-11.9,-12.0,94.2,0.911
5.0,0.06,83.44,0.05,11.9,11.3,-11.8,-12.0,94.0,0.888
5.1,0.06,82.27,0.051,11.8,11.2,-11.8,-12.0,93.6,0.879
5.2,0.064,82.74,0.052,11.7,11.2,-11.7,-12.0,93.2,0.888
5.3,0.066,81.57,0.053,11.7,11.1,-11.7,-12.1,93.2,0.875
5.4,0.067,81.57,0.054,11.7,11.1,-11.6,-12.0,92.8,0.879
5.5,0.067,81.57,0.055,11.6,11.0,-11.6,-12.0,92.4,0.883
5.6,0.068,78.77,0.056,11.6,11.0,-11.5,-11.9,92.0,0.856
5.7,0.071,78.07,0.057,11.5,10.9,-11.5,-11.9,91.6,0.852
5.8,0.072,73.87,0.058,11.5,10.9,-11.5,-11.9,91.6,0.806
5.9,0.073,72.93,0.059,11.5,10.8,-11.4,-11.8,91.0,0.801
6.0,0.073,70.6,0.06,11.4,10.8,-11.4,-11.7,90.6,0.779
6.1,0.071,70.6,0.061,11.4,10.7,-11.4,-11.7,90.4,0.781
6.2,0.072,70.6,0.062,11.4,10.7,-11.3,-11.8,90.4,0.781
6.3,0.073,70.6,0.063,11.3,10.7,-11.3,-11.8,90.2,0.783
6.4,0.072,70.6,0.064,11.2,10.6,-11.2,-11.7,89.4,0.79
6.5,0.07,72.47,0.065,11.2,10.5,-11.2,-11.6,89.0,0.814
6.6,0.07,72.47,0.066,11.2,10.5,-11.2,-11.6,89.0,0.814
6.7,0.071,72.47,0.067,11.1,10.4,-11.2,-11.6,88.6,0.818
6.8,0.07,72.47,0.068,11.1,10.4,-11.1,-11.7,88.6,0.818
6.9,0.07,72.47,0.069,11.1,10.3,-11.1,-11.7,88.4,0.82
7.0,0.071,72.47,0.07,11.0,10.3,-11.0,-11.8,88.2,0.822
7.1,0.073,72.47,0.071,11.0,10.3,-11.0,-11.8,88.2,0.822
7.2,0.076,72.47,0.072,10.9,10.3,-11.0,-11.8,88.0,0.824
7.3,0.076,72.47,0.073,10.9,10.2,-11.0,-11.9,88.0,0.824
7.4,0.078,72.47,0.074,10.8,10.2,-10.9,-12.0,87.8,0.825
7.5,0.079,72.47,0.075,10.8,10.1,-10.9,-12.0,87.6,0.827
7.6,0.074,72.47,0.076,10.7,10.1,-10.9,-12.1,87.6,0.827
7.7,0.07,72.47,0.077,10.6,10.0,-10.8,-12.1,87.0,0.833
7.8,0.067,72.13,0.078,10.6,10.0,-10.8,-12.2,87.2,0.827
7.9,0.067,71.43,0.079,10.5,10.0,-10.8,-12.2,87.0,0.821
8.0,0.07,70.4,0.08,10.4,9.9,-10.8,-12.2,86.6,0.813
8.1,0.071,69.6,0.081,10.4,9.9,-10.7,-12.1,86.2,0.807
8.2,0.073,70.3,0.082,10.3,9.9,-10.7,-12.2,86.2,0.816
8.3,0.076,71.47,0.083,10.3,9.8,-10.6,-12.3,86.0,0.831
8.4,0.077,71.47,0.084,10.3,9.8,-10.6,-12.4,86.2,0.829
8.5,0.074,71.47,0.085,10.2,9.7,-10.6,-12.4,85.8,0.833
8.6,0.075,71.13,0.086,10.2,9.7,-10.5,-12.4,85.6,0.831
8.7,0.072,70.67,0.087,10.1,9.6,-10.5,-12.5,85.4,0.828
8.8,0.068,70.67,0.088,10.1,9.6,-10.5,-12.5,85.4,0.828
8.9,0.065,70.67,0.089,10.0,9.5,-10.5,-12.6,85.2,0.829
9.0,0.066,70.67,0.09,10.0,9.5,-10.5,-12.6,85.2,0.829
9.1,0.064,70.67,0.091,10.0,9.5,-10.4,-12.7,85.2,0.829
9.2,0.064,70.67,0.092,9.9,9.4,-10.4,-12.6,84.6,0.835
9.3,0.063,70.67,0.093,9.9,9.4,-10.4,-12.6,84.6,0.835
9.4,0.066,70.67,0.094,9.8,9.4,-10.4,-12.6,84.4,0.837
9.5,0.062,70.67,0.095,9.8,9.3,-10.3,-12.6,84.0,0.841
9.6,0.062,70.67,0.096,9.7,9.3,-10.3,-12.6,83.8,0.843
9.7,0.064,70.67,0.097,9.7,9.2,-10.2,-12.5,83.2,0.849
9.8,0.063,70.67,0.098,9.6,9.2,-10.2,-12.5,83.0,0.851
9.9,0.058,70.33,0.099,9.6,9.2,-10.1,-12.5,82.8,0.849
10.0,0.053,67.63,0.1,9.6,9.1,-10.1,-12.5,82.6,0.819
10.1,0.051,67.63,0.101,9.6,9.1,-10.1,-12.5,82.6,0.819
10.2,0.053,65.05,0.102,9.5,9.1,-10.0,-12.4,82.0,0.793
10.3,0.057,61.8,0.103,9.5,9.0,-10.0,-12.3,81.6,0.757
10.4,0.063,60.4,0.104,9.5,9.0,-9.9,-12.3,81.4,0.742
10.5,0.058,59.7,0.105,9.4,9.0,-9.9,-12.3,81.2,0.735
10.6,0.06,59.7,0.106,9.3,9.0,-9.8,-12.3,80.8,0.739
10.7,0.058,59.7,0.107,9.3,8.9,-9.8,-12.3,80.6,0.741
10.8,0.056,59.45,0.108,9.3,8.9,-9.8,-12.3,80.6,0.738
10.9,0.054,58.75,0.109,9.3,8.9,-9.7,-12.3,80.4,0.731
11.0,0.052,58.75,0.11,9.2,8.9,-9.6,-12.3,80.0,0.734
11.1,0.052,58.75,0.111,9.2,8.8,-9.6,-12.3,79.8,0.736
11.2,0.047,58.75,0.112,9.1,8.8,-9.5,-12.2,79.2,0.742
11.3,0.052,58.75,0.113,9.1,8.7,-9.5,-12.2,79.0,0.744
11.4,0.055,58.75,0.114,9.1,8.7,-9.5,-12.1,78.8,0.746
11.5,0.063,58.75,0.115,9.0,8.7,-9.4,-12.1,78.4,0.749
11.6,0.066,58.75,0.116,9.0,8.6,-9.4,-12.2,78.4,0.749
11.7,0.062,58.75,0.117,8.9,8.6,-9.4,-12.2,78.2,0.751
11.8,0.058,58.03,0.118,8.9,8.6,-9.3,-12.2,78.0,0.744
11.9,0.05,58.03,0.119,8.8,8.5,-9.3,-12.1,77.4,0.75
12.0,0.046,58.03,0.12,8.8,8.5,-9.2,-12.1,77.2,0.752
12.1,0.043,58.03,0.121,8.7,8.5,-9.2,-12.1,77.0,0.754
12.2,0.035,58.03,0.122,8.7,8.4,-9.2,-12.1,76.8,0.756
12.3,0.039,58.03,0.123,8.7,8.4,-9.1,-12.0,76.4,0.76
12.4,0.034,58.03,0.124,8.6,8.3,-9.1,-12.1,76.2,0.762
12.5,0.028,58.03,0.125,8.6,8.3,-9.1,-12.0,76.0,0.764
12.6,0.022,58.03,0.126,8.7,8.2,-9.0,-11.9,75.6,0.768
12.7,0.015,58.03,0.127,8.7,8.2,-8.9,-11.9,75.4,0.77
12.8,0.019,58.03,0.128,8.7,8.2,-8.9,-11.9,75.4,0.77
12.9,0.025,58.03,0.129,8.7,8.2,-8.8,-11.9,75.2,0.772
13.0,0.03,58.03,0.13,8.7,8.1,-8.8,-11.9,75.0,0.774
13.1,0.037,58.03,0.131,8.8,8.1,-8.7,-11.9,75.0,0.774
13.2,0.045,58.03,0.132,8.8,8.1,-8.7,-12.0,75.2,0.772
13.3,0.046,58.03,0.133,8.8,8.1,-8.6,-12.1,75.2,0.772
13.4,0.044,58.03,0.134,8.7,8.0,-8.6,-12.1,74.8,0.776
13.5,0.042,58.03,0.135,8.7,8.0,-8.5,-12.2,74.8,0.776
13.6,0.045,58.03,0.136,8.7,8.0,-8.4,-12.3,74.8,0.776
13.7,0.05,57.78,0.137,8.6,8.0,-8.4,-12.3,74.6,0.775
13.8,0.046,57.45,0.138,8.6,8.0,-8.3,-12.4,74.6,0.77
13.9,0.046,56.95,0.139,8.6,7.9,-8.3,-12.4,74.4,0.765
14.0,0.042,56.95,0.14,8.6,7.9,-8.3,-12.3,74.2,0.768
14.1,0.047,55.78,0.141,8.6,7.9,-8.2,-12.3,74.0,0.754
14.2,0.048,55.78,0.142,8.6,7.9,-8.1,-12.3,73.8,0.756
14.3,0.051,55.78,0.143,8.6,7.8,-8.1,-12.4,73.8,0.756
14.4,0.042,55.78,0.144,8.6,7.8,-8.0,-12.4,73.6,0.758
14.5,0.034,55.78,0.145,8.7,7.7,-8.0,-12.4,73.6,0.758
14.6,0.029,55.78,0.146,8.7,7.7,-7.9,-12.4,73.4,0.76
14.7,0.022,55.78,0.147,8.7,7.7,-7.8,-12.4,73.2,0.762
14.8,0.03,55.34,0.148,8.7,7.6,-7.7,-12.3,72.6,0.762
14.9,0.031,55.34,0.149,8.8,7.6,-7.7,-12.3,72.8,0.76
15.0,0.026,55.34,0.15,8.8,7.6,-7.6,-12.3,72.6,0.762
15.1,0.033,55.34,0.151,8.8,7.6,-7.6,-12.3,72.6,0.762
15.2,0.038,55.34,0.152,8.9,7.6,-7.5,-12.2,72.4,0.764
15.3,0.045,55.34,0.153,8.9,7.6,-7.5,-12.3,72.6,0.762
15.4,0.036,55.34,0.154,8.9,7.5,-7.5,-12.3,72.4,0.764
15.5,0.03,55.34,0.155,8.9,7.5,-7.4,-12.4,72.4,0.764
15.6,0.034,55.34,0.156,8.9,7.4,-7.3,-12.4,72.0,0.769
15.7,0.025,55.34,0.157,8.8,7.4,-7.3,-12.4,71.8,0.771
15.8,0.032,55.34,0.158,8.8,7.4,-7.3,-12.4,71.8,0.771
15.9,0.026,55.34,0.159,8.7,7.4,-7.2,-12.4,71.4,0.775
16.0,0.031,55.34,0.16,8.7,7.4,-7.1,-12.4,71.2,0.777
16.1,0.031,55.34,0.161,8.6,7.4,-7.1,-12.4,71.0,0.779
16.2,0.031,55.34,0.162,8.6,7.4,-7.0,-12.5,71.0,0.779
16.3,0.035,55.34,0.163,8.5,7.3,-7.0,-12.5,70.6,0.784
16.4,0.03,55.34,0.164,8.5,7.3,-6.9,-12.5,70.4,0.786
16.5,0.029,55.34,0.165,8.4,7.2,-6.9,-12.6,70.2,0.788
16.6,0.032,55.34,0.166,8.4,7.2,-6.8,-12.7,70.2,0.788
16.7,0.028,55.34,0.167,8.5,7.2,-6.7,-12.7,70.2,0.788
16.8,0.022,55.34,0.168,8.4,7.2,-6.7,-12.7,70.0,0.791
16.9,0.015,56.0,0.169,8.4,7.2,-6.6,-12.6,69.6,0.805
17.0,0.017,56.0,0.17,8.4,7.1,-6.6,-12.7,69.6,0.805
17.1,0.019,56.0,0.171,8.4,7.1,-6.5,-12.6,69.2,0.809
17.2,0.018,56.0,0.172,8.4,7.1,-6.5,-12.5,69.0,0.812
17.3,0.022,56.0,0.173,8.4,7.0,-6.4,-12.5,68.6,0.816
17.4,0.02,56.0,0.174,8.4,7.0,-6.4,-12.6,68.8,0.814
17.5,0.018,56.0,0.175,8.4,7.0,-6.3,-12.6,68.6,0.816
17.6,0.014,56.0,0.176,8.4,6.9,-6.3,-12.6,68.4,0.819
17.7,0.018,56.0,0.177,8.4,7.0,-6.2,-12.6,68.4,0.819
17.8,0.014,56.0,0.178,8.4,7.0,-6.1,-12.6,68.2,0.821
17.9,0.005,56.0,0.179,8.3,6.9,-6.1,-12.6,67.8,0.826
18.0,0.011,56.0,0.18,8.3,6.9,-6.0,-12.6,67.6,0.828
18.1,0.012,56.0,0.181,8.3,6.9,-5.9,-12.7,67.6,0.828
18.2,0.005,56.0,0.182,8.2,6.9,-5.9,-12.7,67.4,0.831
18.3,0.003,56.0,0.183,8.2,6.9,-5.8,-12.7,67.2,0.833
18.4,0.006,56.0,0.184,8.1,6.8,-5.8,-12.7,66.8,0.838
18.5,0.013,56.0,0.185,8.1,6.8,-5.9,-12.7,67.0,0.836
18.6,0.012,56.0,0.186,8.1,6.8,-5.9,-12.7,67.0,0.836
18.7,0.006,56.0,0.187,8.1,6.9,-5.8,-12.7,67.0,0.836
18.8,0.013,56.0,0.188,8.0,6.9,-5.8,-12.7,66.8,0.838
18.9,0.012,56.0,0.189,8.0,6.9,-5.8,-12.8,67.0,0.836
19.0,0.01,56.0,0.19,8.0,6.9,-5.7,-12.8,66.8,0.838
19.1,0.001,56.0,0.191,8.0,6.9,-5.7,-12.8,66.8,0.838
19.2,0.004,56.0,0.192,8.0,6.9,-5.6,-12.9,66.8,0.838
19.3,-0.004,56.0,0.193,8.0,6.9,-5.7,-12.9,67.0,0.836
19.4,0.002,56.0,0.194,7.9,6.9,-5.8,-12.9,67.0,0.836
19.5,-0.002,56.0,0.195,8.0,6.9,-5.8,-12.9,67.2,0.833
19.6,-0.002,56.0,0.196,8.0,7.0,-5.7,-12.9,67.2,0.833
19.7,0.003,55.34,0.197,8.0,7.0,-5.8,-12.9,67.4,0.821
19.8,0.006,55.34,0.198,8.1,7.0,-5.8,-12.8,67.4,0.821
19.9,-0.001,55.34,0.199,8.1,7.0,-5.9,-12.8,67.6,0.819
20.0,-0.001,55.34,0.2,8.1,7.0,-6.0,-12.8,67.8,0.816
20.1,0.005,55.34,0.201,8.1,7.0,-6.1,-12.8,68.0,0.814
20.2,-0.004,55.34,0.202,8.0,7.1,-6.2,-12.8,68.2,0.811
20.3,-0.009,55.34,0.203,8.0,7.1,-6.3,-12.8,68.4,0.809
20.4,0.0,55.34,0.204,8.0,7.1,-6.3,-12.7,68.2,0.811
20.5,0.005,55.34,0.205,8.0,7.2,-6.4,-12.7,68.6,0.807
20.6,-0.002,55.34,0.206,8.0,7.2,-6.4,-12.7,68.6,0.807
20.7,-0.007,55.34,0.207,8.1,7.2,-6.5,-12.6,68.8,0.804
20.8,-0.007,55.34,0.208,8.2,7.2,-6.6,-12.6,69.2,0.8
20.9,-0.003,55.34,0.209,8.3,7.3,-6.7,-12.6,69.8,0.793
21.0,-0.006,55.34,0.21,8.3,7.3,-6.8,-12.6,70.0,0.791
21.1,-0.008,55.34,0.211,8.4,7.3,-6.8,-12.5,70.0,0.791
21.2,-0.009,55.34,0.212,8.5,7.3,-6.9,-12.5,70.4,0.786
21.3,-0.005,55.78,0.213,8.5,7.3,-6.8,-12.4,70.0,0.797
21.4,-0.008,55.26,0.214,8.6,7.4,-6.9,-12.4,70.6,0.783
21.5,-0.015,55.78,0.215,8.6,7.4,-6.9,-12.4,70.6,0.79
21.6,-0.017,55.26,0.216,8.6,7.5,-6.9,-12.4,70.8,0.781
21.7,-0.008,55.26,0.217,8.7,7.6,-6.8,-12.4,71.0,0.778
21.8,-0.005,55.26,0.218,8.7,7.6,-6.8,-12.3,70.8,0.781
21.9,-0.013,55.26,0.219,8.7,7.6,-6.7,-12.3,70.6,0.783
22.0,-0.02,55.26,0.22,8.8,7.6,-6.7,-12.3,70.8,0.781
22.1,-0.008,55.26,0.221,8.8,7.7,-6.7,-12.2,70.8,0.781
22.2,-0.002,56.29,0.222,8.8,7.7,-6.6,-12.3,70.8,0.795
22.3,-0.01,55.85,0.223,8.8,7.7,-6.5,-12.3,70.6,0.791
22.4,-0.016,55.85,0.224,8.7,7.7,-6.5,-12.2,70.2,0.796
22.5,-0.007,55.51,0.225,8.8,7.6,-6.5,-12.2,70.2,0.791
22.6,-0.001,55.85,0.226,8.8,7.6,-6.4,-12.2,70.0,0.798
22.7,0.003,55.85,0.227,8.8,7.6,-6.4,-12.2,70.0,0.798
22.8,-0.006,55.85,0.228,8.8,7.6,-6.3,-12.3,70.0,0.798
22.9,-0.008,55.85,0.229,8.8,7.6,-6.2,-12.3,69.8,0.8
23.0,-0.012,55.85,0.23,8.8,7.5,-6.2,-12.2,69.4,0.805
23.1,-0.016,55.85,0.231,8.8,7.5,-6.1,-12.2,69.2,0.807
23.2,-0.02,55.85,0.232,8.8,7.5,-6.1,-12.2,69.2,0.807
23.3,-0.012,55.85,0.233,8.8,7.6,-6.1,-12.2,69.4,0.805
23.4,-0.018,55.85,0.234,8.8,7.7,-6.1,-12.1,69.4,0.805
23.5,-0.011,55.85,0.235,8.8,7.7,-6.2,-12.1,69.6,0.802
23.6,-0.004,55.85,0.236,8.8,7.7,-6.2,-12.1,69.6,0.802
23.7,0.001,55.85,0.237,8.8,7.7,-6.1,-12.2,69.6,0.802
23.8,-0.002,55.85,0.238,8.8,7.7,-6.1,-12.2,69.6,0.802
23.9,0.007,55.85,0.239,8.7,7.6,-6.0,-12.3,69.2,0.807
24.0,0.007,55.85,0.24,8.7,7.6,-5.9,-12.3,69.0,0.809
24.1,0.011,55.85,0.241,8.7,7.5,-5.9,-12.4,69.0,0.809
24.2,0.008,55.85,0.242,8.7,7.5,-5.8,-12.5,69.0,0.809
24.3,-0.002,55.85,0.243,8.6,7.5,-5.7,-12.5,68.6,0.814
24.4,0.002,54.81,0.244,8.6,7.4,-5.7,-12.5,68.4,0.801
24.5,-0.005,54.81,0.245,8.5,7.4,-5.6,-12.5,68.0,0.806
24.6,-0.014,54.81,0.246,8.5,7.3,-5.5,-12.6,67.8,0.808
24.7,-0.004,54.81,0.247,8.5,7.4,-5.5,-12.6,68.0,0.806
24.8,-0.002,54.37,0.248,8.5,7.3,-5.5,-12.6,67.8,0.802
24.9,-0.005,54.37,0.249,8.5,7.3,-5.6,-12.6,68.0,0.8
25.0,-0.004,54.37,0.25,8.5,7.3,-5.7,-12.6,68.2,0.797
25.1,-0.001,54.37,0.251,8.5,7.2,-5.8,-12.7,68.4,0.795
25.2,-0.008,54.37,0.252,8.6,7.3,-5.9,-12.8,69.2,0.786
25.3,-0.013,54.37,0.253,8.6,7.3,-6.0,-12.8,69.4,0.783
25.4,-0.003,55.32,0.254,8.7,7.4,-6.0,-12.8,69.8,0.793
25.5,-0.006,55.32,0.255,8.8,7.3,-5.9,-12.8,69.6,0.795
25.6,0.003,55.32,0.256,8.8,7.3,-5.9,-12.8,69.6,0.795
25.7,0.005,55.32,0.257,8.7,7.3,-5.9,-12.7,69.2,0.799
25.8,-0.005,55.32,0.258,8.7,7.3,-5.9,-12.7,69.2,0.799
25.9,-0.003,55.32,0.259,8.6,7.4,-6.0,-12.7,69.4,0.797
26.0,-0.009,55.32,0.26,8.7,7.3,-6.1,-12.7,69.6,0.795
26.1,-0.003,55.32,0.261,8.7,7.4,-6.1,-12.6,69.6,0.795
26.2,0.002,55.32,0.262,8.7,7.3,-6.1,-12.6,69.4,0.797
26.3,0.009,55.32,0.263,8.8,7.3,-6.1,-12.6,69.6,0.795
26.4,0.006,55.32,0.264,8.8,7.3,-6.1,-12.7,69.8,0.793
26.5,0.003,55.32,0.265,8.8,7.3,-6.0,-12.7,69.6,0.795
26.6,-0.007,55.32,0.266,8.8,7.2,-6.0,-12.8,69.6,0.795
26.7,-0.006,55.32,0.267,8.7,7.3,-6.1,-12.8,69.8,0.793
26.8,-0.002,55.32,0.268,8.7,7.3,-6.2,-12.8,70.0,0.79
26.9,0.002,55.32,0.269,8.6,7.3,-6.3,-12.8,70.0,0.79
27.0,0.001,55.32,0.27,8.6,7.3,-6.4,-12.8,70.2,0.788
27.1,-0.008,55.32,0.271,8.6,7.3,-6.5,-12.8,70.4,0.786
27.2,-0.013,55.32,0.272,8.6,7.3,-6.6,-12.7,70.4,0.786
27.3,-0.001,55.32,0.273,8.7,7.3,-6.6,-12.8,70.8,0.781
27.4,-0.006,55.32,0.274,8.8,7.3,-6.5,-12.8,70.8,0.781
27.5,0.0,55.32,0.275,8.8,7.3,-6.5,-12.8,70.8,0.781
27.6,-0.01,55.32,0.276,8.8,7.3,-6.5,-12.8,70.8,0.781
27.7,-0.002,54.49,0.277,8.8,7.3,-6.4,-12.8,70.6,0.772
27.8,-0.009,53.71,0.278,8.8,7.3,-6.4,-12.8,70.6,0.761
27.9,-0.014,52.62,0.279,8.8,7.4,-6.4,-12.7,70.6,0.745
28.0,-0.006,53.32,0.28,8.8,7.4,-6.3,-12.7,70.4,0.757
28.1,-0.004,53.32,0.281,8.8,7.5,-6.4,-12.6,70.6,0.755
28.2,-0.012,54.49,0.282,8.8,7.6,-6.5,-12.6,71.0,0.767
28.3,-0.019,54.49,0.283,8.8,7.6,-6.5,-12.5,70.8,0.77
28.4,-0.011,54.49,0.284,8.7,7.7,-6.4,-12.5,70.6,0.772
28.5,-0.015,54.68,0.285,8.7,7.7,-6.4,-12.4,70.4,0.777
28.6,-0.022,54.49,0.286,8.7,7.7,-6.3,-12.4,70.2,0.776
28.7,-0.031,54.49,0.287,8.7,7.8,-6.3,-12.4,70.4,0.774
28.8,-0.038,54.88,0.288,8.7,7.8,-6.2,-12.3,70.0,0.784
28.9,-0.033,54.88,0.289,8.7,7.9,-6.2,-12.3,70.2,0.782
29.0,-0.022,54.88,0.29,8.8,7.9,-6.1,-12.3,70.2,0.782
29.1,-0.017,54.88,0.291,8.8,7.9,-6.1,-12.3,70.2,0.782
29.2,-0.015,54.88,0.292,8.7,8.0,-6.0,-12.3,70.0,0.784
29.3,-0.01,54.88,0.293,8.7,7.9,-5.9,-12.3,69.6,0.789
29.4,-0.006,54.88,0.294,8.7,7.9,-6.0,-12.4,70.0,0.784
29.5,-0.013,54.49,0.295,8.7,7.9,-6.1,-12.4,70.2,0.776
29.6,-0.005,54.33,0.296,8.6,7.9,-6.2,-12.4,70.2,0.774
29.7,-0.006,54.14,0.297,8.6,7.8,-6.3,-12.4,70.2,0.771
29.8,-0.001,54.14,0.298,8.6,7.8,-6.4,-12.4,70.4,0.769
29.9,0.005,54.14,0.299,8.7,7.7,-6.5,-12.4,70.6,0.767
30.0,0.002,54.14,0.3,8.7,7.7,-6.5,-12.4,70.6,0.767
30.1,0.009,54.14,0.301,8.6,7.7,-6.5,-12.4,70.4,0.769
30.2,-0.002,54.14,0.302,8.6,7.6,-6.4,-12.4,70.0,0.773
30.3,-0.003,54.14,0.303,8.6,7.6,-6.3,-12.4,69.8,0.776
30.4,-0.009,54.14,0.304,8.7,7.6,-6.3,-12.4,70.0,0.773
30.5,-0.004,54.14,0.305,8.8,7.6,-6.3,-12.4,70.2,0.771
30.6,0.0,54.14,0.306,8.8,7.5,-6.4,-12.3,70.0,0.773
30.7,-0.003,54.14,0.307,8.8,7.5,-6.4,-12.3,70.0,0.773
30.8,-0.007,54.01,0.308,8.9,7.4,-6.5,-12.3,70.2,0.769
30.9,-0.002,53.82,0.309,8.9,7.4,-6.5,-12.2,70.0,0.769
31.0,-0.003,53.82,0.31,9.0,7.3,-6.6,-12.2,70.2,0.767
31.1,-0.011,53.82,0.311,9.0,7.3,-6.8,-12.2,70.6,0.762
31.2,-0.02,53.52,0.312,9.0,7.2,-6.8,-12.2,70.4,0.76
31.3,-0.023,53.52,0.313,9.0,7.2,-6.8,-12.2,70.4,0.76
31.4,-0.028,53.52,0.314,8.9,7.2,-6.7,-12.2,70.0,0.765
31.5,-0.031,53.82,0.315,8.9,7.2,-6.7,-12.2,70.0,0.769
31.6,-0.023,53.82,0.316,8.9,7.3,-6.6,-12.1,69.8,0.771
31.7,-0.021,53.82,0.317,9.0,7.3,-6.6,-12.1,70.0,0.769
31.8,-0.027,53.82,0.318,9.0,7.4,-6.6,-12.1,70.2,0.767
31.9,-0.035,53.82,0.319,8.9,7.4,-6.5,-12.1,69.8,0.771
32.0,-0.027,53.82,0.32,8.9,7.5,-6.5,-12.1,70.0,0.769
32.1,-0.029,53.75,0.321,8.9,7.5,-6.4,-12.1,69.8,0.77
32.2,-0.036,54.14,0.322,8.9,7.5,-6.4,-12.1,69.8,0.776
32.3,-0.042,54.01,0.323,8.9,7.6,-6.3,-12.1,69.8,0.774
32.4,-0.046,54.01,0.324,9.0,7.6,-6.2,-12.1,69.8,0.774
32.5,-0.041,53.94,0.325,9.0,7.7,-6.1,-12.1,69.8,0.773
32.6,-0.048,53.82,0.326,9.1,7.7,-6.1,-12.1,70.0,0.769
32.7,-0.052,53.82,0.327,9.0,7.8,-6.0,-12.1,69.8,0.771
32.8,-0.058,53.82,0.328,9.0,7.8,-6.0,-12.0,69.6,0.773
32.9,-0.064,53.82,0.329,9.0,7.9,-5.9,-12.0,69.6,0.773
33.0,-0.063,53.82,0.33,9.0,8.0,-5.9,-12.0,69.8,0.771
33.1,-0.068,53.82,0.331,9.0,8.0,-5.8,-12.0,69.6,0.773
33.2,-0.056,53.82,0.332,9.0,8.0,-5.8,-12.0,69.6,0.773
33.3,-0.061,53.82,0.333,8.9,8.1,-5.7,-12.0,69.4,0.776
33.4,-0.053,53.82,0.334,8.9,8.1,-5.7,-12.0,69.4,0.776
33.5,-0.051,53.82,0.335,8.9,8.1,-5.6,-12.0,69.2,0.778
33.6,-0.04,53.82,0.336,8.9,8.1,-5.5,-11.9,68.8,0.782
33.7,-0.032,53.82,0.337,8.9,8.1,-5.4,-11.9,68.6,0.785
33.8,-0.024,53.82,0.338,8.8,8.1,-5.4,-11.9,68.4,0.787
33.9,-0.032,53.82,0.339,8.8,8.1,-5.4,-11.9,68.4,0.787
34.0,-0.04,53.82,0.34,8.8,8.1,-5.3,-11.9,68.2,0.789
34.1,-0.045,53.82,0.341,8.8,8.0,-5.3,-11.9,68.0,0.791
34.2,-0.042,53.82,0.342,8.8,8.1,-5.4,-11.9,68.4,0.787
34.3,-0.031,53.82,0.343,8.8,8.1,-5.5,-11.9,68.6,0.785
34.4,-0.034,53.82,0.344,8.8,8.1,-5.5,-11.9,68.6,0.785
34.5,-0.039,53.82,0.345,8.8,8.1,-5.4,-11.9,68.4,0.787
34.6,-0.032,53.82,0.346,8.8,8.2,-5.3,-11.9,68.4,0.787
34.7,-0.023,53.82,0.347,8.8,8.2,-5.2,-11.9,68.2,0.789
34.8,-0.029,53.82,0.348,8.7,8.2,-5.2,-11.9,68.0,0.791
34.9,-0.03,53.82,0.349,8.7,8.1,-5.2,-11.9,67.8,0.794
35.0,-0.029,53.52,0.35,8.7,8.1,-5.1,-11.9,67.6,0.792
35.1,-0.02,53.52,0.351,8.7,8.1,-5.0,-11.9,67.4,0.794
35.2,-0.012,53.52,0.352,8.7,8.1,-5.0,-11.9,67.4,0.794
35.3,-0.003,53.52,0.353,8.7,8.1,-4.9,-11.9,67.2,0.796
35.4,-0.011,53.52,0.354,8.7,8.1,-4.9,-11.9,67.2,0.796
35.5,-0.019,53.52,0.355,8.7,8.1,-4.8,-11.9,67.0,0.799
35.6,-0.017,53.52,0.356,8.6,8.0,-4.8,-11.8,66.4,0.806
35.7,-0.017,53.52,0.357,8.6,8.0,-4.7,-11.8,66.2,0.808
35.8,-0.023,53.52,0.358,8.6,8.0,-4.8,-11.9,66.6,0.804
35.9,-0.014,54.32,0.359,8.6,8.0,-4.9,-11.9,66.8,0.813
36.0,-0.007,54.32,0.36,8.6,8.0,-5.0,-11.9,67.0,0.811
36.1,-0.012,54.32,0.361,8.5,8.1,-5.2,-11.9,67.4,0.806
36.2,-0.005,54.32,0.362,8.5,8.1,-5.3,-11.9,67.6,0.804
36.3,-0.008,54.32,0.363,8.4,8.1,-5.3,-11.9,67.4,0.806
36.4,-0.001,55.15,0.364,8.4,8.2,-5.2,-11.9,67.4,0.818
36.5,0.005,55.15,0.365,8.4,8.2,-5.2,-11.9,67.4,0.818
36.6,0.008,55.15,0.366,8.4,8.2,-5.1,-11.9,67.2,0.821
36.7,0.014,56.0,0.367,8.3,8.2,-5.1,-12.0,67.2,0.833
36.8,0.02,56.0,0.368,8.4,8.1,-5.0,-12.0,67.0,0.836
36.9,0.015,56.0,0.369,8.3,8.1,-5.0,-12.1,67.0,0.836
37.0,0.017,56.0,0.37,8.3,8.1,-4.9,-12.2,67.0,0.836
37.1,0.01,56.0,0.371,8.3,8.1,-4.8,-12.2,66.8,0.838
37.2,0.015,56.0,0.372,8.4,8.0,-4.7,-12.3,66.8,0.838
37.3,0.02,56.0,0.373,8.4,8.0,-4.7,-12.4,67.0,0.836
37.4,0.025,56.0,0.374,8.4,7.9,-4.6,-12.5,66.8,0.838
37.5,0.018,56.0,0.375,8.4,7.9,-4.5,-12.6,66.8,0.838
37.6,0.012,56.0,0.376,8.4,7.8,-4.5,-12.6,66.6,0.841
37.7,0.018,56.0,0.377,8.4,7.8,-4.4,-12.6,66.4,0.843
37.8,0.01,56.0,0.378,8.4,7.8,-4.4,-12.5,66.2,0.846
37.9,0.005,56.0,0.379,8.4,7.8,-4.3,-12.6,66.2,0.846
38.0,-0.002,56.0,0.38,8.5,7.8,-4.2,-12.5,66.0,0.848
38.1,-0.008,56.0,0.381,8.4,7.8,-4.1,-12.6,65.8,0.851
38.2,-0.001,56.0,0.382,8.5,7.8,-4.2,-12.5,66.0,0.848
38.3,-0.007,56.0,0.383,8.5,7.7,-4.3,-12.5,66.0,0.848
38.4,-0.008,56.0,0.384,8.5,7.8,-4.4,-12.4,66.2,0.846
38.5,-0.001,56.0,0.385,8.5,7.8,-4.4,-12.4,66.2,0.846
38.6,0.008,56.0,0.386,8.5,7.8,-4.5,-12.3,66.2,0.846
38.7,0.013,56.0,0.387,8.5,7.8,-4.5,-12.3,66.2,0.846
38.8,0.015,56.0,0.388,8.5,7.8,-4.4,-12.3,66.0,0.848
38.9,0.008,56.0,0.389,8.6,7.8,-4.3,-12.4,66.2,0.846
39.0,0.009,56.0,0.39,8.6,7.8,-4.3,-12.4,66.2,0.846
39.1,0.012,56.0,0.391,8.6,7.8,-4.2,-12.4,66.0,0.848
39.2,0.009,56.0,0.392,8.6,7.8,-4.1,-12.5,66.0,0.848
39.3,0.009,56.0,0.393,8.5,7.8,-4.1,-12.5,65.8,0.851
39.4,0.012,56.0,0.394,8.6,7.7,-4.1,-12.4,65.6,0.854
39.5,0.018,56.0,0.395,8.6,7.8,-4.2,-12.5,66.2,0.846
39.6,0.018,56.0,0.396,8.6,7.7,-4.2,-12.6,66.2,0.846
39.7,0.021,56.0,0.397,8.6,7.7,-4.3,-12.7,66.6,0.841
39.8,0.02,56.0,0.398,8.5,7.6,-4.3,-12.7,66.2,0.846
39.9,0.023,56.0,0.399,8.5,7.5,-4.4,-12.7,66.2,0.846
40.0,0.013,56.0,0.4,8.4,7.5,-4.4,-12.7,66.0,0.848
40.1,0.008,56.0,0.401,8.4,7.5,-4.4,-12.7,66.0,0.848
40.2,-0.003,56.0,0.402,8.5,7.4,-4.4,-12.7,66.0,0.848
40.3,0.002,56.0,0.403,8.5,7.4,-4.4,-12.7,66.0,0.848
40.4,0.006,56.0,0.404,8.5,7.3,-4.3,-12.7,65.6,0.854
40.5,0.007,56.0,0.405,8.5,7.3,-4.3,-12.7,65.6,0.854
40.6,0.0,56.0,0.406,8.5,7.3,-4.3,-12.8,65.8,0.851
40.7,-0.009,56.0,0.407,8.6,7.2,-4.4,-12.7,65.8,0.851
40.8,-0.016,56.0,0.408,8.6,7.3,-4.4,-12.7,66.0,0.848
40.9,-0.023,56.0,0.409,8.6,7.3,-4.4,-12.7,66.0,0.848
41.0,-0.028,56.0,0.41,8.6,7.3,-4.4,-12.6,65.8,0.851
41.1,-0.022,56.0,0.411,8.6,7.3,-4.4,-12.6,65.8,0.851
41.2,-0.026,56.0,0.412,8.6,7.3,-4.3,-12.5,65.4,0.856
41.3,-0.027,56.0,0.413,8.6,7.4,-4.3,-12.4,65.4,0.856
41.4,-0.018,56.0,0.414,8.6,7.4,-4.2,-12.4,65.2,0.859
41.5,-0.023,56.0,0.415,8.6,7.4,-4.2,-12.3,65.0,0.862
41.6,-0.012,56.0,0.416,8.6,7.5,-4.2,-12.3,65.2,0.859
41.7,-0.02,56.0,0.417,8.6,7.5,-4.1,-12.3,65.0,0.862
41.8,-0.01,56.0,0.418,8.7,7.6,-4.1,-12.3,65.4,0.856
41.9,-0.01,56.0,0.419,8.8,7.6,-4.1,-12.3,65.6,0.854
42.0,-0.011,56.0,0.42,8.8,7.6,-4.1,-12.3,65.6,0.854
42.1,-0.004,56.0,0.421,8.8,7.6,-4.3,-12.3,66.0,0.848
42.2,-0.008,56.0,0.422,8.7,7.6,-4.3,-12.3,65.8,0.851
42.3,-0.015,56.0,0.423,8.7,7.6,-4.3,-12.3,65.8,0.851
42.4,-0.014,56.0,0.424,8.8,7.6,-4.3,-12.3,66.0,0.848
42.5,-0.008,56.0,0.425,8.8,7.7,-4.5,-12.3,66.6,0.841
42.6,-0.002,56.0,0.426,8.7,7.7,-4.4,-12.3,66.2,0.846
42.7,0.004,56.0,0.427,8.7,7.7,-4.4,-12.3,66.2,0.846
42.8,-0.001,56.0,0.428,8.7,7.8,-4.3,-12.3,66.2,0.846
42.9,0.002,56.0,0.429,8.7,7.8,-4.4,-12.3,66.4,0.843
43.0,-0.005,56.0,0.43,8.6,7.8,-4.5,-12.3,66.4,0.843
43.1,0.001,56.0,0.431,8.6,7.9,-4.7,-12.2,66.8,0.838
43.2,0.01,56.0,0.432,8.5,7.9,-4.8,-12.2,66.8,0.838
43.3,0.02,56.0,0.433,8.5,7.9,-4.9,-12.3,67.2,0.833
43.4,0.013,56.0,0.434,8.4,7.9,-5.0,-12.3,67.2,0.833
43.5,0.013,56.0,0.435,8.4,8.0,-4.9,-12.3,67.2,0.833
43.6,0.012,56.0,0.436,8.4,7.9,-4.9,-12.3,67.0,0.836
43.7,0.005,56.0,0.437,8.4,8.0,-4.9,-12.4,67.4,0.831
43.8,0.005,56.0,0.438,8.3,8.0,-4.9,-12.3,67.0,0.836
43.9,0.004,56.0,0.439,8.3,8.0,-4.9,-12.3,67.0,0.836
44.0,0.008,56.0,0.44,8.2,8.1,-4.9,-12.3,67.0,0.836
44.1,-0.001,56.0,0.441,8.2,8.1,-5.0,-12.2,67.0,0.836
44.2,0.006,56.0,0.442,8.2,8.1,-5.1,-12.2,67.2,0.833
44.3,-0.002,56.0,0.443,8.2,8.1,-5.2,-12.2,67.4,0.831
44.4,-0.0,56.0,0.444,8.1,8.2,-5.2,-12.1,67.2,0.833
44.5,-0.007,56.0,0.445,8.1,8.2,-5.2,-12.1,67.2,0.833
44.6,-0.015,56.0,0.446,8.0,8.3,-5.1,-12.1,67.0,0.836
44.7,-0.012,56.0,0.447,8.0,8.3,-5.1,-12.0,66.8,0.838
44.8,-0.012,56.0,0.448,8.0,8.4,-5.0,-12.0,66.8,0.838
44.9,-0.02,56.0,0.449,7.9,8.4,-5.0,-12.0,66.6,0.841
45.0,-0.012,56.0,0.45,7.9,8.4,-5.0,-11.9,66.4,0.843
45.1,-0.002,56.0,0.451,7.9,8.5,-4.9,-11.9,66.4,0.843
45.2,0.004,56.0,0.452,7.8,8.5,-4.8,-11.8,65.8,0.851
45.3,-0.006,56.0,0.453,7.8,8.5,-4.8,-11.8,65.8,0.851
45.4,-0.012,56.0,0.454,7.7,8.6,-4.7,-11.8,65.6,0.854
45.5,-0.02,56.0,0.455,7.7,8.6,-4.6,-11.8,65.4,0.856
45.6,-0.03,56.0,0.456,7.6,8.6,-4.5,-11.7,64.8,0.864
45.7,-0.029,56.0,0.457,7.7,8.7,-4.5,-11.7,65.2,0.859
45.8,-0.026,56.0,0.458,7.8,8.8,-4.4,-11.6,65.2,0.859
45.9,-0.022,56.0,0.459,7.8,8.8,-4.4,-11.6,65.2,0.859
46.0,-0.012,56.0,0.46,7.7,8.8,-4.4,-11.5,64.8,0.864
46.1,-0.02,56.0,0.461,7.7,8.8,-4.3,-11.6,64.8,0.864
46.2,-0.028,56.0,0.462,7.7,8.8,-4.3,-11.5,64.6,0.867
46.3,-0.033,56.0,0.463,7.7,8.9,-4.2,-11.5,64.6,0.867
46.4,-0.039,56.0,0.464,7.7,9.0,-4.2,-11.5,64.8,0.864
46.5,-0.041,56.0,0.465,7.7,9.0,-4.2,-11.5,64.8,0.864
46.6,-0.035,56.0,0.466,7.7,9.0,-4.1,-11.4,64.4,0.87
46.7,-0.025,56.0,0.467,7.7,9.1,-4.1,-11.4,64.6,0.867
46.8,-0.023,56.0,0.468,7.6,9.2,-4.0,-11.3,64.2,0.872
46.9,-0.03,56.0,0.469,7.7,9.2,-4.0,-11.3,64.4,0.87
47.0,-0.023,56.0,0.47,7.7,9.2,-4.0,-11.3,64.4,0.87
47.1,-0.022,56.0,0.471,7.8,9.2,-3.9,-11.3,64.4,0.87
47.2,-0.018,56.0,0.472,7.8,9.2,-3.9,-11.2,64.2,0.872
47.3,-0.008,56.0,0.473,7.8,9.3,-3.8,-11.2,64.2,0.872
47.4,-0.006,56.0,0.474,7.7,9.3,-3.8,-11.1,63.8,0.878
47.5,-0.014,56.0,0.475,7.7,9.2,-3.8,-11.1,63.6,0.881
47.6,-0.023,56.0,0.476,7.7,9.3,-3.9,-11.2,64.2,0.872
47.7,-0.012,56.0,0.477,7.8,9.3,-3.9,-11.1,64.2,0.872
47.8,-0.01,56.0,0.478,7.7,9.3,-3.8,-11.1,63.8,0.878
47.9,-0.016,56.0,0.479,7.7,9.3,-3.9,-11.2,64.2,0.872
48.0,-0.006,56.0,0.48,7.8,9.3,-3.9,-11.2,64.4,0.87
48.1,-0.009,56.0,0.481,7.8,9.3,-3.9,-11.1,64.2,0.872
48.2,0.002,56.0,0.482,7.9,9.3,-3.9,-11.1,64.4,0.87
48.3,0.013,56.0,0.483,7.9,9.3,-4.1,-11.2,65.0,0.862
48.4,0.019,56.0,0.484,7.9,9.3,-4.2,-11.2,65.2,0.859
48.5,0.028,56.0,0.485,7.9,9.3,-4.2,-11.3,65.4,0.856
48.6,0.026,56.0,0.486,7.8,9.3,-4.1,-11.4,65.2,0.859
48.7,0.032,56.0,0.487,7.8,9.3,-4.1,-11.4,65.2,0.859
48.8,0.043,56.0,0.488,7.7,9.2,-4.0,-11.5,64.8,0.864
48.9,0.05,56.0,0.489,7.7,9.2,-4.0,-11.5,64.8,0.864
49.0,0.044,56.0,0.49,7.6,9.2,-3.9,-11.6,64.6,0.867
49.1,0.053,56.0,0.491,7.6,9.1,-3.8,-11.7,64.4,0.87
49.2,0.059,56.0,0.492,7.6,9.2,-3.8,-11.7,64.6,0.867
49.3,0.065,56.0,0.493,7.5,9.1,-3.7,-11.8,64.2,0.872
49.4,0.063,56.0,0.494,7.5,9.1,-3.7,-11.8,64.2,0.872
49.5,0.053,56.0,0.495,7.5,9.0,-3.8,-11.9,64.4,0.87
49.6,0.044,56.0,0.496,7.4,9.0,-3.9,-11.9,64.4,0.87
49.7,0.031,56.0,0.497,7.4,9.0,-3.9,-11.8,64.2,0.872
49.8,0.037,56.0,0.498,7.4,9.0,-3.8,-11.9,64.2,0.872
49.9,0.045,56.0,0.499,7.3,9.0,-3.9,-11.8,64.0,0.875
50.0,0.033,56.0,0.5,7.3,9.0,-4.0,-11.8,64.2,0.872
50.1,0.023,56.0,0.501,7.2,9.0,-4.0,-11.8,64.0,0.875
50.2,0.01,56.0,0.502,7.2,8.9,-3.9,-11.8,63.6,0.881
50.3,-0.001,56.0,0.503,7.2,8.9,-3.9,-11.7,63.4,0.883
50.4,-0.007,56.0,0.504,7.2,9.0,-3.9,-11.7,63.6,0.881
50.5,-0.014,56.0,0.505,7.3,9.0,-3.8,-11.6,63.4,0.883
50.6,-0.021,56.0,0.506,7.3,9.0,-3.8,-11.6,63.4,0.883
50.7,-0.011,56.0,0.507,7.2,9.0,-3.7,-11.5,62.8,0.892
50.8,-0.004,56.0,0.508,7.2,9.0,-3.7,-11.6,63.0,0.889
50.9,-0.011,56.0,0.509,7.2,9.0,-3.6,-11.7,63.0,0.889
51.0,-0.01,56.0,0.51,7.2,9.0,-3.6,-11.7,63.0,0.889
51.1,-0.016,56.0,0.511,7.2,8.9,-3.6,-11.7,62.8,0.892
51.2,-0.004,56.0,0.512,7.2,8.8,-3.6,-11.7,62.6,0.895
51.3,0.003,56.0,0.513,7.3,8.8,-3.6,-11.7,62.8,0.892
51.4,0.013,56.0,0.514,7.3,8.8,-3.7,-11.8,63.2,0.886
51.5,0.021,56.0,0.515,7.4,8.8,-3.8,-11.8,63.6,0.881
51.6,0.021,56.0,0.516,7.4,8.7,-4.0,-11.9,64.0,0.875
51.7,0.012,56.0,0.517,7.4,8.7,-4.0,-12.0,64.2,0.872
51.8,0.019,56.0,0.518,7.4,8.7,-4.0,-12.0,64.2,0.872
51.9,0.018,56.0,0.519,7.5,8.6,-4.0,-12.0,64.2,0.872
52.0,0.015,56.0,0.52,7.6,8.6,-4.0,-12.1,64.6,0.867
52.1,0.006,56.0,0.521,7.6,8.6,-4.0,-12.1,64.6,0.867
52.2,0.016,56.0,0.522,7.6,8.6,-4.0,-12.0,64.4,0.87
52.3,0.024,56.0,0.523,7.7,8.6,-4.0,-12.1,64.8,0.864
52.4,0.019,56.0,0.524,7.7,8.5,-4.0,-12.1,64.6,0.867
52.5,0.008,56.0,0.525,7.6,8.5,-4.1,-12.1,64.6,0.867
52.6,-0.004,56.0,0.526,7.7,8.5,-4.2,-12.2,65.2,0.859
52.7,-0.003,56.0,0.527,7.6,8.4,-4.1,-12.1,64.4,0.87
52.8,0.003,56.0,0.528,7.7,8.5,-4.0,-12.0,64.4,0.87
52.9,-0.006,56.0,0.529,7.7,8.5,-3.9,-12.0,64.2,0.872
53.0,0.003,56.0,0.53,7.7,8.5,-3.9,-12.0,64.2,0.872
53.1,-0.004,56.0,0.531,7.7,8.5,-3.8,-11.9,63.8,0.878
53.2,-0.004,56.0,0.532,7.7,8.5,-3.8,-11.9,63.8,0.878
53.3,-0.011,56.0,0.533,7.7,8.5,-3.7,-11.8,63.4,0.883
53.4,-0.001,56.0,0.534,7.7,8.5,-3.8,-11.8,63.6,0.881
53.5,0.001,56.0,0.535,7.7,8.5,-3.8,-11.9,63.8,0.878
53.6,0.009,56.0,0.536,7.7,8.5,-3.8,-11.9,63.8,0.878
53.7,0.015,56.0,0.537,7.7,8.5,-3.7,-11.9,63.6,0.881
53.8,0.008,56.0,0.538,7.6,8.5,-3.6,-11.9,63.2,0.886
53.9,-0.003,56.0,0.539,7.6,8.4,-3.6,-12.0,63.2,0.886
54.0,0.0,56.0,0.54,7.6,8.4,-3.6,-12.0,63.2,0.886
54.1,0.008,56.0,0.541,7.6,8.4,-3.6,-12.0,63.2,0.886
54.2,0.007,56.0,0.542,7.6,8.4,-3.6,-11.9,63.0,0.889
54.3,0.012,56.0,0.543,7.6,8.5,-3.6,-12.0,63.4,0.883
54.4,0.017,56.0,0.544,7.5,8.5,-3.5,-12.0,63.0,0.889
54.5,0.007,56.0,0.545,7.5,8.5,-3.5,-12.0,63.0,0.889
54.6,0.001,56.0,0.546,7.5,8.5,-3.5,-12.1,63.2,0.886
54.7,0.007,56.0,0.547,7.5,8.5,-3.6,-12.0,63.2,0.886
54.8,0.002,56.0,0.548,7.5,8.4,-3.6,-12.0,63.0,0.889
54.9,-0.01,56.0,0.549,7.5,8.4,-3.6,-12.0,63.0,0.889
55.0,-0.013,56.0,0.55,7.6,8.5,-3.5,-12.0,63.2,0.886
55.1,-0.018,56.0,0.551,7.7,8.5,-3.5,-12.0,63.4,0.883
55.2,-0.02,56.0,0.552,7.7,8.6,-3.5,-12.1,63.8,0.878
55.3,-0.021,56.0,0.553,7.8,8.7,-3.6,-12.0,64.2,0.872
55.4,-0.016,56.0,0.554,7.8,8.7,-3.8,-12.0,64.6,0.867
55.5,-0.006,56.0,0.555,7.8,8.7,-3.7,-12.0,64.4,0.87
55.6,-0.01,56.0,0.556,7.9,8.7,-3.7,-11.9,64.4,0.87
55.7,-0.017,56.0,0.557,7.9,8.7,-3.7,-11.8,64.2,0.872
55.8,-0.025,56.0,0.558,8.0,8.8,-3.9,-11.8,65.0,0.862
55.9,-0.018,56.0,0.559,8.0,8.8,-4.0,-11.7,65.0,0.862
56.0,-0.017,56.0,0.56,7.9,8.8,-4.0,-11.7,64.8,0.864
56.1,-0.021,56.0,0.561,7.9,8.7,-4.0,-11.7,64.6,0.867
56.2,-0.018,56.0,0.562,7.9,8.7,-3.9,-11.7,64.4,0.87
56.3,-0.016,56.0,0.563,7.9,8.7,-3.8,-11.7,64.2,0.872
56.4,-0.005,56.0,0.564,7.9,8.7,-3.7,-11.6,63.8,0.878
56.5,-0.005,56.0,0.565,7.8,8.6,-3.7,-11.6,63.4,0.883
56.6,0.001,56.0,0.566,7.8,8.6,-3.7,-11.7,63.6,0.881
56.7,-0.007,56.0,0.567,7.8,8.6,-3.6,-11.7,63.4,0.883
56.8,0.005,56.0,0.568,7.8,8.6,-3.6,-11.7,63.4,0.883
56.9,0.008,56.0,0.569,7.8,8.5,-3.5,-11.8,63.2,0.886
57.0,0.004,56.0,0.57,7.8,8.5,-3.5,-11.8,63.2,0.886
57.1,0.002,56.0,0.571,7.8,8.5,-3.4,-11.8,63.0,0.889
57.2,0.012,56.0,0.572,7.8,8.5,-3.5,-11.9,63.4,0.883
57.3,0.007,56.0,0.573,7.8,8.5,-3.6,-12.0,63.8,0.878
57.4,0.003,56.0,0.574,7.8,8.5,-3.7,-12.0,64.0,0.875
57.5,0.005,56.0,0.575,7.8,8.5,-3.7,-12.0,64.0,0.875
57.6,-0.003,56.0,0.576,7.8,8.5,-3.8,-11.9,64.0,0.875
57.7,0.002,56.0,0.577,7.7,8.4,-3.8,-12.0,63.8,0.878
57.8,-0.005,56.0,0.578,7.7,8.4,-3.7,-12.0,63.6,0.881
57.9,-0.011,56.0,0.579,7.6,8.4,-3.7,-12.0,63.4,0.883
58.0,-0.018,56.0,0.58,7.6,8.4,-3.6,-12.0,63.2,0.886
58.1,-0.007,56.0,0.581,7.6,8.4,-3.5,-11.9,62.8,0.892
58.2,-0.016,56.0,0.582,7.6,8.5,-3.5,-11.9,63.0,0.889
58.3,-0.021,56.0,0.583,7.7,8.4,-3.5,-11.9,63.0,0.889
58.4,-0.028,56.0,0.584,7.8,8.5,-3.4,-11.9,63.2,0.886
58.5,-0.03,56.0,0.585,7.8,8.5,-3.4,-11.9,63.2,0.886
58.6,-0.025,56.0,0.586,7.8,8.5,-3.3,-11.8,62.8,0.892
58.7,-0.027,56.0,0.587,7.8,8.5,-3.3,-11.8,62.8,0.892
58.8,-0.027,56.0,0.588,7.7,8.6,-3.3,-11.7,62.6,0.895
58.9,-0.035,56.0,0.589,7.7,8.6,-3.2,-11.7,62.4,0.897
59.0,-0.04,56.0,0.59,7.7,8.7,-3.2,-11.6,62.4,0.897
59.1,-0.038,56.0,0.591,7.6,8.7,-3.1,-11.6,62.0,0.903
59.2,-0.026,56.0,0.592,7.6,8.8,-3.1,-11.5,62.0,0.903
59.3,-0.035,56.0,0.593,7.6,8.8,-3.1,-11.5,62.0,0.903
59.4,-0.037,56.0,0.594,7.6,8.8,-3.2,-11.5,62.2,0.9
59.5,-0.027,56.0,0.595,7.6,8.8,-3.1,-11.5,62.0,0.903
59.6,-0.021,56.0,0.596,7.6,8.9,-3.2,-11.5,62.4,0.897
59.7,-0.021,56.0,0.597,7.6,8.9,-3.1,-11.5,62.2,0.9
59.8,-0.022,56.0,0.598,7.5,8.9,-3.1,-11.4,61.8,0.906
59.9,-0.027,56.0,0.599,7.5,8.9,-3.2,-11.4,62.0,0.903
60.0,-0.019,56.0,0.6,7.5,9.0,-3.3,-11.4,62.4,0.897
60.1,-0.008,56.0,0.601,7.5,9.0,-3.4,-11.4,62.6,0.895
60.2,-0.016,56.0,0.602,7.5,9.0,-3.4,-11.4,62.6,0.895
60.3,-0.023,56.0,0.603,7.4,9.0,-3.4,-11.4,62.4,0.897
60.4,-0.013,56.0,0.604,7.6,9.0,-3.5,-11.4,63.0,0.889
60.5,-0.011,56.0,0.605,7.5,9.1,-3.5,-11.4,63.0,0.889
60.6,-0.017,56.0,0.606,7.5,9.1,-3.5,-11.3,62.8,0.892
60.7,-0.007,56.0,0.607,7.5,9.2,-3.6,-11.3,63.2,0.886
60.8,0.002,56.0,0.608,7.5,9.2,-3.6,-11.3,63.2,0.886
60.9,-0.006,56.0,0.609,7.5,9.2,-3.5,-11.3,63.0,0.889
61.0,-0.005,56.0,0.61,7.4,9.3,-3.5,-11.2,62.8,0.892
61.1,0.003,56.0,0.611,7.4,9.3,-3.6,-11.2,63.0,0.889
61.2,-0.002,56.0,0.612,7.4,9.4,-3.7,-11.1,63.2,0.886
61.3,0.001,56.0,0.613,7.4,9.4,-3.8,-11.2,63.6,0.881
61.4,-0.009,56.0,0.614,7.4,9.4,-3.9,-11.1,63.6,0.881
61.5,-0.016,56.0,0.615,7.5,9.5,-3.8,-11.1,63.8,0.878
61.6,-0.022,56.0,0.616,7.5,9.5,-3.7,-11.1,63.6,0.881
61.7,-0.01,56.0,0.617,7.4,9.6,-3.7,-11.0,63.4,0.883
61.8,0.002,56.0,0.618,7.4,9.6,-3.9,-11.0,63.8,0.878
61.9,0.013,56.0,0.619,7.5,9.6,-3.9,-11.0,64.0,0.875
62.0,0.0,56.0,0.62,7.5,9.6,-3.8,-10.9,63.6,0.881
62.1,0.007,56.0,0.621,7.5,9.5,-3.8,-10.9,63.4,0.883
62.2,0.015,56.0,0.622,7.6,9.5,-3.7,-10.8,63.2,0.886
62.3,0.013,56.0,0.623,7.6,9.5,-3.8,-10.9,63.6,0.881
62.4,0.016,56.0,0.624,7.6,9.6,-3.8,-10.9,63.8,0.878
62.5,0.02,56.0,0.625,7.6,9.6,-3.7,-10.8,63.4,0.883
62.6,0.027,56.0,0.626,7.6,9.6,-3.7,-10.8,63.4,0.883
62.7,0.02,56.0,0.627,7.6,9.6,-3.7,-10.8,63.4,0.883
62.8,0.007,56.0,0.628,7.6,9.7,-3.7,-10.8,63.6,0.881
62.9,0.002,56.0,0.629,7.5,9.7,-3.7,-10.7,63.2,0.886
63.0,0.014,56.0,0.63,7.5,9.8,-3.7,-10.7,63.4,0.883
63.1,0.01,56.0,0.631,7.6,9.8,-3.7,-10.7,63.6,0.881
63.2,0.014,56.0,0.632,7.5,9.8,-3.8,-10.7,63.6,0.881
63.3,0.002,56.0,0.633,7.5,9.8,-4.0,-10.7,64.0,0.875
63.4,0.012,56.0,0.634,7.5,9.7,-4.0,-10.6,63.6,0.881
63.5,0.017,56.0,0.635,7.5,9.7,-4.1,-10.6,63.8,0.878
63.6,0.025,56.0,0.636,7.5,9.6,-4.2,-10.6,63.8,0.878
63.7,0.017,56.0,0.637,7.4,9.7,-4.3,-10.7,64.2,0.872
63.8,0.015,56.0,0.638,7.4,9.7,-4.3,-10.7,64.2,0.872
63.9,0.026,56.0,0.639,7.3,9.7,-4.3,-10.7,64.0,0.875
64.0,0.019,56.0,0.64,7.3,9.8,-4.4,-10.6,64.2,0.872
64.1,0.026,56.0,0.641,7.3,9.8,-4.5,-10.7,64.6,0.867
64.2,0.029,56.0,0.642,7.2,9.7,-4.4,-10.7,64.0,0.875
64.3,0.015,54.14,0.643,7.2,9.8,-4.5,-10.7,64.4,0.841
64.4,0.007,52.97,0.644,7.1,9.7,-4.5,-10.6,63.8,0.83
64.5,-0.003,52.5,0.645,7.2,9.7,-4.7,-10.7,64.6,0.813
64.6,-0.004,52.5,0.646,7.2,9.7,-4.8,-10.7,64.8,0.81
64.7,-0.002,52.5,0.647,7.2,9.7,-4.8,-10.7,64.8,0.81
64.8,-0.007,52.5,0.648,7.2,9.8,-4.8,-10.7,65.0,0.808
64.9,-0.012,52.5,0.649,7.1,9.9,-4.7,-10.7,64.8,0.81
65.0,-0.013,52.5,0.65,7.1,10.0,-4.6,-10.7,64.8,0.81
65.1,-0.003,52.5,0.651,7.2,10.0,-4.6,-10.6,64.8,0.81
65.2,-0.004,52.5,0.652,7.2,9.9,-4.5,-10.6,64.4,0.815
65.3,0.009,52.5,0.653,7.3,10.0,-4.5,-10.6,64.8,0.81
65.4,0.021,52.5,0.654,7.4,10.0,-4.7,-10.6,65.4,0.803
65.5,0.029,51.8,0.655,7.5,10.0,-4.8,-10.6,65.8,0.787
65.6,0.038,51.8,0.656,7.4,9.9,-4.8,-10.6,65.4,0.792
65.7,0.026,51.1,0.657,7.4,9.8,-4.7,-10.7,65.2,0.784
65.8,0.026,51.1,0.658,7.4,9.9,-4.7,-10.7,65.4,0.781
65.9,0.017,51.1,0.659,7.4,9.8,-4.6,-10.7,65.0,0.786
66.0,0.015,51.1,0.66,7.4,9.9,-4.5,-10.7,65.0,0.786
66.1,0.01,51.1,0.661,7.5,9.8,-4.5,-10.8,65.2,0.784
66.2,0.012,51.1,0.662,7.5,9.8,-4.4,-10.8,65.0,0.786
66.3,0.005,51.1,0.663,7.6,9.7,-4.4,-10.7,64.8,0.789
66.4,-0.004,51.1,0.664,7.6,9.8,-4.4,-10.7,65.0,0.786
66.5,-0.01,51.1,0.665,7.5,9.8,-4.5,-10.7,65.0,0.786
66.6,-0.009,50.4,0.666,7.6,9.8,-4.5,-10.7,65.2,0.773
66.7,-0.017,49.94,0.667,7.7,9.7,-4.4,-10.7,65.0,0.768
66.8,-0.015,49.94,0.668,7.8,9.6,-4.5,-10.7,65.2,0.766
66.9,-0.015,49.94,0.669,7.8,9.6,-4.5,-10.7,65.2,0.766
67.0,-0.023,49.94,0.67,7.8,9.5,-4.5,-10.8,65.2,0.766
67.1,-0.011,49.94,0.671,7.8,9.6,-4.4,-10.9,65.4,0.764
67.2,-0.001,49.94,0.672,7.9,9.5,-4.4,-10.8,65.2,0.766
67.3,-0.009,49.94,0.673,7.9,9.6,-4.4,-10.8,65.4,0.764
67.4,-0.008,49.94,0.674,8.0,9.6,-4.3,-10.9,65.6,0.761
67.5,-0.015,51.1,0.675,8.0,9.6,-4.3,-10.9,65.6,0.779
67.6,-0.011,51.1,0.676,8.0,9.5,-4.4,-10.9,65.6,0.779
67.7,-0.02,52.5,0.677,8.0,9.5,-4.4,-10.9,65.6,0.8
67.8,-0.024,52.5,0.678,8.0,9.5,-4.4,-10.9,65.6,0.8
67.9,-0.03,52.5,0.679,8.0,9.5,-4.6,-10.8,65.8,0.798
68.0,-0.018,52.5,0.68,8.0,9.5,-4.7,-10.8,66.0,0.795
68.1,-0.018,52.5,0.681,8.0,9.6,-4.8,-10.8,66.4,0.791
68.2,-0.009,52.5,0.682,8.0,9.5,-4.9,-10.8,66.4,0.791
68.3,-0.014,52.5,0.683,7.9,9.6,-5.1,-10.7,66.6,0.788
68.4,-0.021,52.5,0.684,7.9,9.6,-5.1,-10.7,66.6,0.788
68.5,-0.021,52.5,0.685,7.8,9.6,-5.2,-10.6,66.4,0.791
68.6,-0.008,52.5,0.686,7.8,9.7,-5.2,-10.6,66.6,0.788
68.7,-0.013,52.5,0.687,7.8,9.7,-5.2,-10.5,66.4,0.791
68.8,-0.022,52.5,0.688,7.8,9.7,-5.1,-10.5,66.2,0.793
68.9,-0.012,52.5,0.689,7.7,9.7,-5.1,-10.5,66.0,0.795
69.0,-0.017,52.5,0.69,7.7,9.8,-5.0,-10.4,65.8,0.798
69.1,-0.006,52.5,0.691,7.6,9.8,-4.9,-10.4,65.4,0.803
69.2,0.001,52.5,0.692,7.6,9.9,-4.9,-10.4,65.6,0.8
69.3,-0.006,52.5,0.693,7.6,9.9,-4.8,-10.4,65.4,0.803
69.4,0.005,52.5,0.694,7.5,9.9,-4.8,-10.3,65.0,0.808
69.5,0.016,52.5,0.695,7.5,9.9,-4.7,-10.4,65.0,0.808
69.6,0.017,51.8,0.696,7.5,9.9,-4.6,-10.4,64.8,0.799
69.7,0.009,51.1,0.697,7.4,9.9,-4.6,-10.4,64.6,0.791
69.8,-0.0,51.1,0.698,7.4,9.9,-4.5,-10.4,64.4,0.793
69.9,0.012,51.1,0.699,7.3,10.0,-4.4,-10.4,64.2,0.796
70.0,0.02,49.94,0.7,7.3,10.1,-4.4,-10.3,64.2,0.778
70.1,0.02,49.94,0.701,7.3,10.0,-4.3,-10.3,63.8,0.783
70.2,0.027,49.94,0.702,7.2,10.0,-4.3,-10.3,63.6,0.785
70.3,0.034,49.94,0.703,7.2,9.9,-4.2,-10.4,63.4,0.788
70.4,0.02,49.94,0.704,7.2,9.9,-4.2,-10.4,63.4,0.788
70.5,0.008,49.94,0.705,7.1,10.0,-4.1,-10.4,63.2,0.79
70.6,0.012,49.94,0.706,7.1,9.9,-4.1,-10.5,63.2,0.79
70.7,0.012,49.94,0.707,7.0,9.9,-4.1,-10.4,62.8,0.795
70.8,0.001,49.94,0.708,7.0,9.9,-4.1,-10.4,62.8,0.795
70.9,0.008,49.94,0.709,6.9,10.0,-4.2,-10.4,63.0,0.793
71.0,0.011,49.94,0.71,6.9,10.0,-4.2,-10.3,62.8,0.795
71.1,0.011,49.94,0.711,6.9,9.9,-4.2,-10.3,62.6,0.798
71.2,0.014,47.91,0.712,6.8,9.9,-4.2,-10.3,62.4,0.768
71.3,0.021,47.91,0.713,6.8,10.0,-4.1,-10.3,62.4,0.768
71.4,0.026,47.91,0.714,6.8,9.9,-4.0,-10.3,62.0,0.773
71.5,0.031,47.91,0.715,6.8,10.0,-4.0,-10.3,62.2,0.77
71.6,0.04,47.91,0.716,6.7,9.9,-4.0,-10.3,61.8,0.775
71.7,0.026,47.91,0.717,6.7,9.9,-3.9,-10.4,61.8,0.775
71.8,0.011,47.91,0.718,6.6,9.8,-3.9,-10.4,61.4,0.78
71.9,0.021,47.91,0.719,6.6,9.8,-3.9,-10.3,61.2,0.783
72.0,0.029,48.77,0.72,6.6,9.9,-3.9,-10.3,61.4,0.794
72.1,0.021,48.07,0.721,6.5,9.9,-3.9,-10.3,61.2,0.785
72.2,0.008,48.3,0.722,6.4,9.8,-3.8,-10.4,60.8,0.794
72.3,0.004,48.77,0.723,6.4,9.8,-3.8,-10.5,61.0,0.8
72.4,0.0,47.27,0.724,6.4,9.8,-3.7,-10.5,60.8,0.777
72.5,-0.011,47.27,0.725,6.3,9.8,-3.6,-10.6,60.6,0.78
72.6,-0.001,47.27,0.726,6.3,9.9,-3.7,-10.5,60.8,0.777
72.7,0.009,47.27,0.727,6.3,9.9,-3.8,-10.5,61.0,0.775
72.8,0.011,47.11,0.728,6.2,9.9,-4.0,-10.4,61.0,0.772
72.9,-0.001,44.45,0.729,6.2,9.9,-4.1,-10.4,61.2,0.726
73.0,0.002,44.45,0.73,6.1,10.0,-4.1,-10.4,61.2,0.726
73.1,0.002,44.45,0.731,6.1,10.0,-4.1,-10.4,61.2,0.726
73.2,0.003,44.45,0.732,6.1,10.0,-4.1,-10.4,61.2,0.726
73.3,-0.004,44.45,0.733,6.0,10.0,-4.1,-10.3,60.8,0.731
73.4,0.007,44.45,0.734,6.1,10.0,-4.2,-10.3,61.2,0.726
73.5,0.013,44.45,0.735,6.1,10.0,-4.2,-10.3,61.2,0.726
73.6,0.007,44.45,0.736,6.0,10.0,-4.1,-10.3,60.8,0.731
73.7,0.013,44.11,0.737,6.0,10.0,-4.1,-10.4,61.0,0.723
73.8,0.021,44.45,0.738,5.9,10.0,-4.0,-10.4,60.6,0.733
73.9,0.014,44.45,0.739,5.9,9.9,-3.9,-10.4,60.2,0.738
74.0,0.003,44.45,0.74,5.9,9.9,-3.9,-10.4,60.2,0.738
74.1,-0.005,44.45,0.741,6.1,9.9,-3.8,-10.5,60.6,0.733
74.2,-0.016,45.15,0.742,6.1,9.9,-3.8,-10.5,60.6,0.745
74.3,-0.027,45.3,0.743,6.0,9.9,-3.7,-10.5,60.2,0.752
74.4,-0.035,45.3,0.744,6.0,9.8,-3.7,-10.5,60.0,0.755
74.5,-0.021,44.45,0.745,6.1,9.8,-3.8,-10.6,60.6,0.733
74.6,-0.025,44.45,0.746,6.1,9.8,-3.8,-10.5,60.4,0.736
74.7,-0.018,44.45,0.747,6.0,9.8,-3.7,-10.5,60.0,0.741
74.8,-0.028,44.45,0.748,6.0,9.9,-3.7,-10.5,60.2,0.738
74.9,-0.018,44.45,0.749,6.0,9.9,-3.7,-10.5,60.2,0.738
75.0,-0.008,44.45,0.75,6.0,9.9,-3.7,-10.5,60.2,0.738
75.1,0.003,44.45,0.751,6.0,9.8,-3.7,-10.5,60.0,0.741
75.2,0.014,44.45,0.752,5.9,9.8,-3.7,-10.6,60.0,0.741
75.3,0.001,44.29,0.753,5.9,9.8,-3.7,-10.6,60.0,0.738
75.4,0.001,43.82,0.754,5.9,9.8,-3.7,-10.6,60.0,0.73
75.5,0.004,43.82,0.755,6.0,9.8,-3.7,-10.7,60.4,0.725
75.6,0.009,43.82,0.756,6.0,9.7,-3.6,-10.8,60.2,0.728
75.7,0.006,43.82,0.757,6.0,9.7,-3.6,-10.9,60.4,0.725
75.8,0.016,43.82,0.758,5.9,9.7,-3.5,-11.0,60.2,0.728
75.9,0.001,42.79,0.759,5.9,9.7,-3.5,-11.0,60.2,0.711
76.0,0.004,43.41,0.76,5.9,9.7,-3.5,-11.1,60.4,0.719
76.1,0.007,43.41,0.761,5.9,9.6,-3.5,-11.2,60.4,0.719
76.2,-0.009,44.35,0.762,5.8,9.6,-3.4,-11.2,60.0,0.739
76.3,-0.022,44.35,0.763,5.8,9.5,-3.4,-11.1,59.6,0.744
76.4,-0.013,45.2,0.764,5.8,9.5,-3.6,-11.1,60.0,0.753
76.5,-0.023,45.2,0.765,5.8,9.6,-3.7,-11.1,60.4,0.748
76.6,-0.034,45.2,0.766,5.8,9.5,-3.7,-11.0,60.0,0.753
76.7,-0.044,45.2,0.767,5.9,9.5,-3.6,-10.9,59.8,0.756
76.8,-0.054,45.2,0.768,5.9,9.5,-3.6,-10.9,59.8,0.756
76.9,-0.039,43.88,0.769,6.0,9.5,-3.5,-10.9,59.8,0.734
77.0,-0.036,43.41,0.77,6.1,9.5,-3.5,-10.8,59.8,0.726
77.1,-0.024,44.35,0.771,6.2,9.5,-3.6,-10.8,60.2,0.737
77.2,-0.013,43.41,0.772,6.2,9.5,-3.6,-10.9,60.4,0.719
77.3,-0.026,43.41,0.773,6.2,9.4,-3.6,-10.9,60.2,0.721
77.4,-0.016,43.41,0.774,6.2,9.4,-3.6,-11.0,60.4,0.719
77.5,-0.027,43.41,0.775,6.1,9.4,-3.6,-10.9,60.0,0.723
77.6,-0.026,43.41,0.776,6.1,9.4,-3.6,-10.8,59.8,0.726
77.7,-0.02,43.26,0.777,6.0,9.5,-3.6,-10.8,59.8,0.723
77.8,-0.008,42.95,0.778,6.0,9.6,-3.6,-10.8,60.0,0.716
77.9,0.006,42.79,0.779,6.0,9.6,-3.5,-10.8,59.8,0.716
78.0,0.015,42.79,0.78,5.9,9.6,-3.5,-10.7,59.4,0.72
78.1,0.017,42.79,0.781,5.8,9.5,-3.6,-10.7,59.2,0.723
78.2,0.027,42.79,0.782,5.8,9.5,-3.7,-10.7,59.4,0.72
78.3,0.034,41.84,0.783,5.7,9.6,-3.7,-10.7,59.4,0.704
78.4,0.016,41.5,0.784,5.7,9.6,-3.9,-10.7,59.8,0.694
78.5,0.01,41.5,0.785,5.6,9.5,-4.0,-10.7,59.6,0.696
78.6,0.015,41.5,0.786,5.5,9.4,-4.0,-10.7,59.2,0.701
78.7,0.006,41.25,0.787,5.5,9.4,-4.1,-10.8,59.6,0.692
78.8,-0.008,41.5,0.788,5.4,9.4,-4.1,-10.8,59.4,0.699
78.9,0.001,41.43,0.789,5.4,9.4,-4.0,-10.8,59.2,0.7
79.0,-0.01,41.56,0.79,5.4,9.4,-4.1,-10.8,59.4,0.7
79.1,-0.004,41.1,0.791,5.4,9.5,-4.2,-10.8,59.8,0.687
79.2,0.006,41.1,0.792,5.4,9.6,-4.4,-10.8,60.4,0.68
79.3,0.007,41.1,0.793,5.4,9.6,-4.4,-10.8,60.4,0.68
79.4,0.009,41.1,0.794,5.3,9.7,-4.3,-10.8,60.2,0.683
79.5,0.008,39.95,0.795,5.4,9.7,-4.2,-10.7,60.0,0.666
79.6,-0.0,39.12,0.796,5.4,9.8,-4.2,-10.7,60.2,0.65
79.7,-0.013,39.12,0.797,5.4,9.9,-4.1,-10.7,60.2,0.65
79.8,-0.024,39.12,0.798,5.4,10.0,-4.0,-10.7,60.2,0.65
79.9,-0.034,39.12,0.799,5.4,10.0,-4.0,-10.6,60.0,0.652
80.0,-0.044,39.12,0.8,5.4,10.1,-3.9,-10.6,60.0,0.652
80.1,-0.029,39.12,0.801,5.4,10.2,-3.9,-10.5,60.0,0.652
80.2,-0.039,39.12,0.802,5.5,10.2,-3.8,-10.5,60.0,0.652
80.3,-0.025,39.12,0.803,5.6,10.2,-3.8,-10.5,60.2,0.65
80.4,-0.012,39.12,0.804,5.6,10.2,-3.7,-10.4,59.8,0.654
80.5,-0.012,39.82,0.805,5.6,10.2,-3.7,-10.4,59.8,0.666
80.6,-0.019,40.3,0.806,5.6,10.2,-3.6,-10.4,59.6,0.676
80.7,-0.005,40.3,0.807,5.6,10.3,-3.6,-10.4,59.8,0.674
80.8,-0.008,40.3,0.808,5.7,10.3,-3.5,-10.3,59.6,0.676
80.9,-0.002,39.88,0.809,5.7,10.3,-3.5,-10.3,59.6,0.669
81.0,-0.012,40.04,0.81,5.7,10.3,-3.4,-10.3,59.4,0.674
81.1,-0.01,40.19,0.811,5.7,10.4,-3.4,-10.2,59.4,0.677
81.2,0.006,40.52,0.812,5.7,10.5,-3.3,-10.2,59.4,0.682
81.3,0.015,40.52,0.813,5.7,10.5,-3.3,-10.1,59.2,0.684
81.4,0.026,40.52,0.814,5.7,10.5,-3.3,-10.1,59.2,0.684
81.5,0.037,41.15,0.815,5.6,10.5,-3.4,-10.0,59.0,0.697
81.6,0.025,41.15,0.816,5.6,10.5,-3.4,-10.0,59.0,0.697
81.7,0.036,40.99,0.817,5.6,10.6,-3.3,-9.9,58.8,0.697
81.8,0.031,40.52,0.818,5.5,10.5,-3.2,-9.9,58.2,0.696
81.9,0.04,40.52,0.819,5.4,10.5,-3.2,-9.8,57.8,0.701
82.0,0.033,40.52,0.82,5.4,10.5,-3.3,-9.8,58.0,0.699
82.1,0.043,40.52,0.821,5.4,10.5,-3.4,-9.8,58.2,0.696
82.2,0.03,40.52,0.822,5.3,10.5,-3.6,-9.8,58.4,0.694
82.3,0.027,40.04,0.823,5.3,10.5,-3.6,-9.8,58.4,0.686
82.4,0.038,40.52,0.824,5.3,10.5,-3.5,-9.9,58.4,0.694
82.5,0.046,40.52,0.825,5.2,10.5,-3.5,-9.9,58.2,0.696
82.6,0.03,39.63,0.826,5.2,10.4,-3.5,-9.9,58.0,0.683
82.7,0.024,39.63,0.827,5.1,10.4,-3.7,-10.0,58.4,0.679
82.8,0.027,39.63,0.828,5.1,10.3,-3.8,-10.0,58.4,0.679
82.9,0.022,39.63,0.829,5.1,10.3,-3.8,-10.0,58.4,0.679
83.0,0.019,39.44,0.83,5.0,10.2,-3.9,-9.9,58.0,0.68
83.1,0.015,39.28,0.831,5.0,10.2,-4.0,-10.0,58.4,0.673
83.2,0.013,39.28,0.832,4.9,10.1,-4.2,-10.0,58.4,0.673
83.3,0.02,39.28,0.833,4.9,10.1,-4.3,-10.1,58.8,0.668
83.4,0.008,38.45,0.834,4.9,10.0,-4.3,-10.1,58.6,0.656
83.5,0.013,38.14,0.835,5.0,10.0,-4.3,-10.1,58.8,0.649
83.6,0.013,38.14,0.836,5.0,10.0,-4.2,-10.0,58.4,0.653
83.7,-0.003,38.45,0.837,5.0,10.0,-4.3,-10.0,58.6,0.656
83.8,0.001,38.45,0.838,5.1,9.9,-4.3,-10.1,58.8,0.654
83.9,-0.013,38.45,0.839,5.1,9.9,-4.3,-10.1,58.8,0.654
84.0,-0.013,38.3,0.84,5.0,10.0,-4.2,-10.0,58.4,0.656
84.1,0.002,38.3,0.841,5.1,10.0,-4.2,-10.0,58.6,0.654
84.2,-0.001,37.55,0.842,5.2,10.0,-4.1,-10.0,58.6,0.641
84.3,0.001,37.55,0.843,5.1,10.0,-4.1,-10.1,58.6,0.641
84.4,-0.005,37.55,0.844,5.1,9.9,-4.2,-10.1,58.6,0.641
84.5,-0.011,37.26,0.845,5.0,9.9,-4.3,-10.0,58.4,0.638
84.6,-0.021,37.26,0.846,5.0,9.8,-4.5,-10.1,58.8,0.634
84.7,-0.027,36.8,0.847,5.0,9.8,-4.6,-10.0,58.8,0.626
84.8,-0.035,36.12,0.848,5.1,9.8,-4.7,-10.0,59.2,0.61
84.9,-0.034,36.0,0.849,5.2,9.8,-4.7,-10.0,59.4,0.606
85.0,-0.039,35.87,0.85,5.2,9.7,-4.8,-10.0,59.4,0.604
85.1,-0.04,36.0,0.851,5.3,9.8,-4.8,-10.1,60.0,0.6
85.2,-0.045,36.0,0.852,5.4,9.9,-4.8,-10.1,60.4,0.596
85.3,-0.037,37.09,0.853,5.5,10.0,-4.9,-10.1,61.0,0.608
85.4,-0.02,37.09,0.854,5.6,10.0,-4.9,-10.1,61.2,0.606
85.5,-0.01,36.73,0.855,5.6,10.0,-4.9,-10.0,61.0,0.602
85.6,-0.004,36.71,0.856,5.6,10.0,-5.0,-10.0,61.2,0.6
85.7,-0.004,36.71,0.857,5.5,10.0,-5.2,-10.0,61.4,0.598
85.8,-0.007,36.71,0.858,5.5,10.0,-5.2,-10.0,61.4,0.598
85.9,-0.021,36.71,0.859,5.4,10.0,-5.1,-10.0,61.0,0.602
86.0,-0.008,36.52,0.86,5.4,10.0,-5.1,-9.9,60.8,0.601
86.1,-0.004,36.39,0.861,5.4,10.1,-5.0,-9.9,60.8,0.599
86.2,-0.004,36.11,0.862,5.3,10.1,-4.9,-9.8,60.2,0.6
86.3,-0.008,36.11,0.863,5.3,10.2,-4.9,-9.8,60.4,0.598
86.4,0.0,36.11,0.864,5.3,10.2,-4.8,-9.8,60.2,0.6
86.5,0.011,36.11,0.865,5.2,10.3,-4.8,-9.8,60.2,0.6
86.6,0.01,36.11,0.866,5.2,10.3,-4.7,-9.7,59.8,0.604
86.7,0.015,36.11,0.867,5.1,10.3,-4.6,-9.7,59.4,0.608
86.8,0.005,36.11,0.868,5.1,10.3,-4.6,-9.7,59.4,0.608
86.9,0.019,36.11,0.869,5.0,10.4,-4.5,-9.7,59.2,0.61
87.0,0.011,36.39,0.87,5.0,10.4,-4.5,-9.6,59.0,0.617
87.1,0.006,36.23,0.871,4.9,10.3,-4.4,-9.6,58.4,0.62
87.2,0.001,36.11,0.872,4.9,10.4,-4.4,-9.6,58.6,0.616
87.3,0.004,36.11,0.873,4.8,10.3,-4.3,-9.6,58.0,0.623
87.4,-0.003,36.11,0.874,4.8,10.4,-4.2,-9.5,57.8,0.625
87.5,0.003,36.11,0.875,4.8,10.4,-4.2,-9.5,57.8,0.625
87.6,-0.014,36.11,0.876,4.7,10.3,-4.2,-9.5,57.4,0.629
87.7,-0.013,35.82,0.877,4.6,10.4,-4.1,-9.4,57.0,0.628
87.8,-0.0,34.35,0.878,4.6,10.4,-4.2,-9.4,57.2,0.601
87.9,-0.014,34.23,0.879,4.5,10.4,-4.1,-9.4,56.8,0.603
88.0,-0.021,33.96,0.88,4.5,10.4,-4.0,-9.3,56.4,0.602
88.1,-0.035,33.72,0.881,4.5,10.4,-4.1,-9.3,56.6,0.596
88.2,-0.039,32.59,0.882,4.6,10.3,-4.0,-9.3,56.4,0.578
88.3,-0.035,32.71,0.883,4.6,10.4,-3.9,-9.3,56.4,0.58
88.4,-0.03,32.45,0.884,4.7,10.4,-3.9,-9.2,56.4,0.575
88.5,-0.022,32.45,0.885,4.7,10.4,-3.8,-9.2,56.2,0.577
88.6,-0.024,32.33,0.886,4.8,10.4,-3.8,-9.2,56.4,0.573
88.7,-0.01,32.45,0.887,4.7,10.5,-3.7,-9.2,56.2,0.577
88.8,-0.003,32.45,0.888,4.7,10.5,-3.7,-9.1,56.0,0.579
88.9,-0.013,32.1,0.889,4.7,10.4,-3.7,-9.1,55.8,0.575
89.0,-0.026,32.1,0.89,4.7,10.4,-3.6,-9.1,55.6,0.577
89.1,-0.038,31.21,0.891,4.6,10.4,-3.5,-9.1,55.2,0.565
89.2,-0.038,30.71,0.892,4.6,10.4,-3.5,-9.0,55.0,0.558
89.3,-0.024,30.56,0.893,4.7,10.4,-3.6,-9.0,55.4,0.552
89.4,-0.035,30.98,0.894,4.7,10.5,-3.7,-9.0,55.8,0.555
89.5,-0.051,30.74,0.895,4.7,10.5,-3.8,-9.0,56.0,0.549
89.6,-0.042,30.32,0.896,4.7,10.5,-3.9,-8.9,56.0,0.541
89.7,-0.04,30.66,0.897,4.8,10.6,-4.0,-8.9,56.6,0.542
89.8,-0.042,30.84,0.898,4.9,10.5,-4.0,-8.8,56.4,0.547
89.9,-0.032,30.99,0.899,4.9,10.5,-4.1,-8.8,56.6,0.548
90.0,-0.017,30.99,0.9,5.0,10.6,-4.2,-8.7,57.0,0.544
90.1,-0.029,31.55,0.901,5.0,10.6,-4.2,-8.7,57.0,0.554
90.2,-0.017,31.55,0.902,5.0,10.6,-4.4,-8.6,57.2,0.552
90.3,-0.007,31.55,0.903,4.9,10.7,-4.4,-8.6,57.2,0.552
90.4,-0.02,31.35,0.904,4.9,10.6,-4.3,-8.6,56.8,0.552
90.5,-0.014,30.76,0.905,4.8,10.6,-4.3,-8.6,56.6,0.543
90.6,-0.0,30.76,0.906,4.7,10.6,-4.2,-8.6,56.2,0.547
90.7,-0.002,29.88,0.907,4.7,10.5,-4.2,-8.7,56.2,0.532
90.8,-0.018,30.12,0.908,4.7,10.5,-4.1,-8.7,56.0,0.538
90.9,-0.003,30.12,0.909,4.6,10.5,-4.1,-8.7,55.8,0.54
91.0,-0.009,29.78,0.91,4.6,10.5,-4.2,-8.7,56.0,0.532
91.1,-0.005,29.78,0.911,4.5,10.6,-4.1,-8.7,55.8,0.534
91.2,-0.012,29.59,0.912,4.5,10.5,-4.1,-8.7,55.6,0.532
91.3,-0.008,29.25,0.913,4.4,10.5,-4.0,-8.6,55.0,0.532
91.4,-0.02,29.25,0.914,4.4,10.5,-4.0,-8.6,55.0,0.532
91.5,-0.005,29.25,0.915,4.5,10.5,-4.0,-8.5,55.0,0.532
91.6,-0.02,29.25,0.916,4.5,10.5,-4.2,-8.5,55.4,0.528
91.7,-0.026,29.5,0.917,4.5,10.6,-4.3,-8.5,55.8,0.529
91.8,-0.031,29.5,0.918,4.6,10.6,-4.4,-8.4,56.0,0.527
91.9,-0.02,29.59,0.919,4.6,10.7,-4.4,-8.4,56.2,0.527
92.0,-0.035,29.78,0.92,4.7,10.7,-4.4,-8.4,56.4,0.528
92.1,-0.023,30.12,0.921,4.8,10.7,-4.3,-8.3,56.2,0.536
92.2,-0.022,30.12,0.922,4.8,10.6,-4.3,-8.3,56.0,0.538
92.3,-0.025,30.12,0.923,4.9,10.7,-4.3,-8.2,56.2,0.536
92.4,-0.037,30.12,0.924,4.8,10.7,-4.2,-8.2,55.8,0.54
92.5,-0.034,30.12,0.925,4.8,10.6,-4.1,-8.1,55.2,0.546
92.6,-0.016,30.12,0.926,4.9,10.7,-4.1,-8.1,55.6,0.542
92.7,-0.033,30.12,0.927,4.9,10.7,-4.0,-8.0,55.2,0.546
92.8,-0.041,30.12,0.928,4.9,10.7,-3.9,-8.0,55.0,0.548
92.9,-0.025,30.12,0.929,5.0,10.7,-3.9,-8.0,55.2,0.546
93.0,-0.031,30.12,0.93,4.9,10.7,-3.8,-8.0,54.8,0.55
93.1,-0.031,30.12,0.931,5.0,10.8,-3.7,-7.9,54.8,0.55
93.2,-0.031,30.12,0.932,5.0,10.8,-3.7,-7.8,54.6,0.552
93.3,-0.017,30.12,0.933,5.0,10.8,-3.6,-7.9,54.6,0.552
93.4,-0.035,29.66,0.934,4.9,10.8,-3.5,-7.9,54.2,0.547
93.5,-0.029,29.32,0.935,4.9,10.7,-3.5,-7.9,54.0,0.543
93.6,-0.032,29.32,0.936,4.9,10.7,-3.4,-7.9,53.8,0.545
93.7,-0.041,29.32,0.937,4.9,10.7,-3.3,-7.8,53.4,0.549
93.8,-0.033,29.32,0.938,4.9,10.8,-3.3,-7.8,53.6,0.547
93.9,-0.036,29.32,0.939,5.0,10.7,-3.2,-7.8,53.4,0.549
94.0,-0.033,29.32,0.94,4.9,10.7,-3.2,-7.8,53.2,0.551
94.1,-0.016,29.32,0.941,4.9,10.8,-3.1,-7.7,53.0,0.553
94.2,-0.01,29.32,0.942,4.9,10.8,-3.0,-7.7,52.8,0.555
94.3,-0.029,29.32,0.943,4.9,10.9,-3.0,-7.7,53.0,0.553
94.4,-0.043,29.12,0.944,4.8,11.0,-2.9,-7.7,52.8,0.552
94.5,-0.047,28.84,0.945,4.9,11.0,-2.8,-7.7,52.8,0.546
94.6,-0.033,29.12,0.946,4.9,11.1,-2.8,-7.6,52.8,0.552
94.7,-0.049,29.12,0.947,4.9,11.1,-2.7,-7.6,52.6,0.554
94.8,-0.035,29.12,0.948,4.9,11.1,-2.7,-7.6,52.6,0.554
94.9,-0.029,29.12,0.949,4.9,11.0,-2.6,-7.6,52.2,0.558
95.0,-0.038,29.12,0.95,4.9,11.0,-2.6,-7.6,52.2,0.558
95.1,-0.052,29.12,0.951,4.8,11.0,-2.5,-7.6,51.8,0.562
95.2,-0.043,28.84,0.952,4.9,10.9,-2.5,-7.6,51.8,0.557
95.3,-0.045,28.84,0.953,4.9,11.0,-2.4,-7.6,51.8,0.557
95.4,-0.06,28.84,0.954,4.9,11.0,-2.4,-7.6,51.8,0.557
95.5,-0.078,28.84,0.955,4.9,11.0,-2.3,-7.6,51.6,0.559
95.6,-0.09,28.84,0.956,5.0,10.9,-2.3,-7.6,51.6,0.559
95.7,-0.076,28.84,0.957,4.9,10.9,-2.2,-7.6,51.2,0.563
95.8,-0.068,28.84,0.958,4.9,10.9,-2.2,-7.6,51.2,0.563
95.9,-0.064,28.59,0.959,4.9,10.9,-2.1,-7.6,51.0,0.561
96.0,-0.074,28.59,0.96,4.9,10.9,-2.0,-7.7,51.0,0.561
96.1,-0.074,28.59,0.961,4.9,10.9,-2.0,-7.7,51.0,0.561
96.2,-0.086,28.59,0.962,4.8,10.8,-2.0,-7.7,50.6,0.565
96.3,-0.089,28.47,0.963,4.8,10.8,-1.9,-7.8,50.6,0.563
96.4,-0.076,28.38,0.964,4.7,10.8,-1.8,-7.8,50.2,0.565
96.5,-0.09,28.38,0.965,4.7,10.7,-1.8,-7.8,50.0,0.568
96.6,-0.103,28.38,0.966,4.7,10.7,-1.7,-7.8,49.8,0.57
96.7,-0.093,28.38,0.967,4.6,10.7,-1.6,-7.8,49.4,0.574
96.8,-0.077,28.38,0.968,4.6,10.7,-1.6,-7.7,49.2,0.577
96.9,-0.087,28.38,0.969,4.6,10.6,-1.5,-7.7,48.8,0.582
97.0,-0.096,28.38,0.97,4.6,10.6,-1.5,-7.7,48.8,0.582
97.1,-0.081,28.38,0.971,4.5,10.6,-1.4,-7.6,48.2,0.589
97.2,-0.068,28.38,0.972,4.5,10.6,-1.3,-7.6,48.0,0.591
97.3,-0.079,28.38,0.973,4.4,10.6,-1.2,-7.7,47.8,0.594
97.4,-0.071,28.38,0.974,4.4,10.6,-1.2,-7.7,47.8,0.594
97.5,-0.07,28.38,0.975,4.4,10.5,-1.1,-7.7,47.4,0.599
97.6,-0.053,28.38,0.976,4.4,10.5,-1.1,-7.7,47.4,0.599
97.7,-0.051,28.38,0.977,4.4,10.5,-1.0,-7.6,47.0,0.604
97.8,-0.041,28.18,0.978,4.3,10.5,-0.9,-7.7,46.8,0.602
97.9,-0.054,28.18,0.979,4.3,10.5,-0.9,-7.7,46.8,0.602
98.0,-0.057,28.09,0.98,4.3,10.4,-0.8,-7.6,46.2,0.608
98.1,-0.046,28.0,0.981,4.3,10.4,-0.8,-7.7,46.4,0.603
98.2,-0.056,28.0,0.982,4.3,10.4,-0.7,-7.7,46.2,0.606
98.3,-0.065,28.0,0.983,4.2,10.4,-0.7,-7.7,46.0,0.609
98.4,-0.078,28.0,0.984,4.2,10.3,-0.6,-7.8,45.8,0.611
98.5,-0.091,28.0,0.985,4.2,10.3,-0.6,-7.9,46.0,0.609
98.6,-0.087,28.0,0.986,4.1,10.3,-0.7,-8.0,46.2,0.606
98.7,-0.091,28.0,0.987,4.1,10.3,-0.8,-8.0,46.4,0.603
98.8,-0.099,28.0,0.988,4.2,10.2,-0.8,-8.1,46.6,0.601
98.9,-0.088,28.0,0.989,4.3,10.2,-0.9,-8.1,47.0,0.596
99.0,-0.068,28.0,0.99,4.4,10.2,-0.9,-8.1,47.2,0.593
99.1,-0.083,28.0,0.991,4.4,10.1,-0.9,-8.0,46.8,0.598
99.2,-0.074,28.0,0.992,4.4,10.1,-0.8,-8.0,46.6,0.601
99.3,-0.056,28.0,0.993,4.5,10.1,-0.8,-7.9,46.6,0.601
99.4,-0.07,28.0,0.994,4.5,10.0,-0.7,-7.9,46.2,0.606
99.5,-0.084,28.0,0.995,4.5,10.0,-0.7,-7.9,46.2,0.606
99.6,-0.092,28.0,0.996,4.5,10.0,-0.6,-7.8,45.8,0.611
99.7,-0.102,28.0,0.997,4.5,9.9,-0.6,-7.8,45.6,0.614
99.8,-0.118,28.0,0.998,4.5,9.9,-0.5,-7.7,45.2,0.619
99.9,-0.106,28.0,0.999,4.5,9.9,-0.5,-7.6,45.0,0.622
