Time,best_x_avg,best_y_avg,target_x,target_y,error_x,error_y,error
0.0,1.42,-1.7600000000000002,4.19,-5.52,-2.7700000000000005,3.7599999999999993,4.670171303068015
0.1,3.54,-2.22,4.21,-5.18,-0.6699999999999999,2.9599999999999995,3.034880557781475
0.2,3.54,-2.22,4.23,-4.85,-0.6900000000000004,2.6299999999999994,2.7190071717448627
0.3,3.54,-2.3,4.45,-4.6,-0.9100000000000001,2.3,2.473479330821262
0.4,3.46,-2.46,4.68,-4.84,-1.2199999999999998,2.38,2.674471910489994
0.5,3.46,-2.46,4.7,-4.51,-1.2400000000000002,2.05,2.3958505796480716
0.6,3.46,-2.46,4.94,-4.74,-1.4800000000000004,2.2800000000000002,2.7182347212851217
0.7,3.46,-2.46,5.26,-4.63,-1.7999999999999998,2.17,2.8193793643282556
0.8,3.46,-2.46,5.02,-4.41,-1.5599999999999996,1.9500000000000002,2.497218452598811
0.9,3.46,-2.46,4.87,-4.11,-1.4100000000000001,1.6500000000000004,2.170391669722311
1.0,2.2399999999999998,-2.18,4.56,-3.99,-2.32,1.81,2.942532922500613
1.1,3.46,-2.46,4.41,-3.69,-0.9500000000000002,1.23,1.554155719353759
1.2,3.46,-2.46,4.43,-4.02,-0.9699999999999998,1.5599999999999996,1.8369812192834194
1.3,3.46,-2.46,4.18,-3.81,-0.7199999999999998,1.35,1.53
1.4,3.46,-2.46,4.32,-3.51,-0.8600000000000003,1.0499999999999998,1.3572398461583717
1.5,3.46,-2.46,4.26,-3.18,-0.7999999999999998,0.7200000000000002,1.0762899237658967
1.6,3.46,-2.46,4.19,-3.51,-0.7300000000000004,1.0499999999999998,1.2788275880665072
1.7,3.46,-2.46,4.24,-3.18,-0.7800000000000002,0.7200000000000002,1.0615083607772482
1.8,3.46,-2.46,4.48,-2.95,-1.0200000000000005,0.4900000000000002,1.1315917991926245
1.9,3.46,-2.46,4.81,-2.94,-1.3499999999999996,0.48,1.432794472351146
2.0,2.8,-2.46,5.15,-2.96,-2.3500000000000005,0.5,2.402602755346793
2.1,3.46,-2.46,5.4,-2.74,-1.9400000000000004,0.28000000000000025,1.9601020381602592
2.2,3.46,-2.46,5.39,-2.41,-1.9299999999999997,-0.04999999999999982,1.930647559758124
2.3,3.46,-2.46,5.54,-2.71,-2.08,0.25,2.0949701668520246
2.4,3.46,-2.46,5.64,-2.39,-2.1799999999999997,-0.06999999999999984,2.1811235636707975
2.5,3.46,-2.46,5.53,-2.07,-2.0700000000000003,-0.3900000000000001,2.106418761785035
2.6,3.46,-2.46,5.24,-2.23,-1.7800000000000002,-0.22999999999999998,1.7947980387776228
2.7,3.46,-2.46,5.45,-1.97,-1.9900000000000002,-0.49,2.0494389476146884
2.8,3.46,-2.46,5.25,-1.7,-1.79,-0.76,1.944659353203023
2.9,3.46,-2.46,5.37,-1.39,-1.9100000000000001,-1.07,2.1892921230388604
3.0,3.3,-2.26,5.6,-1.63,-2.3,-0.6299999999999999,2.3847222060441333
3.1,4.08,-2.88,5.28,-1.52,-1.2000000000000002,-1.3599999999999999,1.8137254478007414
3.2,4.140000000000001,-2.9200000000000004,5.27,-1.19,-1.129999999999999,-1.7300000000000004,2.0663494380186522
3.3,4.16,-2.9200000000000004,5.46,-0.92,-1.2999999999999998,-2.0000000000000004,2.3853720883753127
3.4,4.16,-2.9200000000000004,5.53,-1.24,-1.37,-1.6800000000000004,2.1677868898948534
3.5,4.16,-2.9200000000000004,5.83,-1.09,-1.67,-1.8300000000000003,2.477458375028731
3.6,4.16,-2.9200000000000004,5.54,-1.26,-1.38,-1.6600000000000004,2.1587033144922905
3.7,4.16,-2.9200000000000004,5.86,-1.15,-1.7000000000000002,-1.7700000000000005,2.454159734002659
3.8,4.16,-2.9200000000000004,5.63,-1.39,-1.4699999999999998,-1.5300000000000005,2.121744565210431
3.9,4.16,-2.9200000000000004,5.79,-1.68,-1.63,-1.2400000000000004,2.048047851003487
4.0,3.84,-2.3,5.61,-1.96,-1.7700000000000005,-0.33999999999999986,1.8023595645708437
4.1,4.16,-2.9200000000000004,5.94,-2.01,-1.7800000000000002,-0.9100000000000006,1.9991248085099644
4.2,4.16,-2.9200000000000004,6.24,-1.87,-2.08,-1.0500000000000003,2.33
4.3,4.16,-2.9200000000000004,6.15,-2.19,-1.9900000000000002,-0.7300000000000004,2.119669785603409
4.4,4.16,-2.9200000000000004,5.83,-2.08,-1.67,-0.8400000000000003,1.8693581786270925
4.5,4.16,-2.9200000000000004,6.15,-1.98,-1.9900000000000002,-0.9400000000000004,2.2008407484413772
4.6,4.16,-2.9200000000000004,6.42,-2.18,-2.26,-0.7400000000000002,2.3780664414603723
4.7,4.16,-2.9200000000000004,6.68,-1.98,-2.5199999999999996,-0.9400000000000004,2.6896096371034957
4.8,4.16,-2.9200000000000004,6.4,-1.8,-2.24,-1.1200000000000003,2.5043961347997645
4.9,4.16,-2.9200000000000004,6.17,-2.04,-2.01,-0.8800000000000003,2.1941968918034678
5.0,4.16,-2.6399999999999997,6.31,-2.34,-2.1499999999999995,-0.2999999999999998,2.1708293346092407
5.1,4.92,-2.5599999999999996,5.98,-2.3,-1.0600000000000005,-0.2599999999999998,1.0914210919713807
5.2,4.92,-2.62,6.03,-2.63,-1.1100000000000003,0.009999999999999787,1.1100450441310932
5.3,4.9399999999999995,-2.58,6.12,-2.31,-1.1800000000000006,-0.27,1.2104957662049056
5.4,4.96,-2.58,5.89,-2.55,-0.9299999999999997,-0.03000000000000025,0.9304837451562491
5.5,5.08,-2.46,6.11,-2.8,-1.0300000000000002,0.33999999999999986,1.0846658471621573
5.6,5.1,-2.44,6.34,-3.05,-1.2400000000000002,0.6099999999999999,1.3819189556555045
5.7,5.159999999999999,-2.38,6.63,-2.89,-1.4700000000000006,0.5100000000000002,1.5559562975867933
5.8,5.159999999999999,-2.38,6.89,-2.68,-1.7300000000000004,0.30000000000000027,1.755818897267028
5.9,5.159999999999999,-2.38,6.69,-2.95,-1.5300000000000011,0.5700000000000003,1.6327277789025345
6.0,4.9799999999999995,-2.3600000000000003,6.47,-2.7,-1.4900000000000002,0.33999999999999986,1.5282997088267736
6.1,5.42,-2.5,6.25,-2.45,-0.8300000000000001,-0.04999999999999982,0.8315046602394962
6.2,5.4399999999999995,-2.52,6.48,-2.21,-1.040000000000001,-0.31000000000000005,1.085218871933216
6.3,5.4799999999999995,-2.52,6.63,-1.91,-1.1500000000000004,-0.6100000000000001,1.3017680284904838
6.4,5.5200000000000005,-2.52,6.45,-1.63,-0.9299999999999997,-0.8900000000000001,1.2872451204024817
6.5,5.54,-2.52,6.5,-1.3,-0.96,-1.22,1.5524174696260025
6.6,5.56,-2.54,6.71,-1.04,-1.1500000000000004,-1.5,1.89010581714358
6.7,5.58,-2.54,6.81,-1.36,-1.2299999999999995,-1.18,1.7044940598312446
6.8,5.58,-2.54,7.14,-1.3,-1.5599999999999996,-1.24,1.9927869931329838
6.9,5.58,-2.54,7.2,-1.63,-1.62,-0.9100000000000001,1.8580904176062047
7.0,5.4,-2.4,7.48,-1.45,-2.08,-0.95,2.2866788143506294
7.1,5.58,-2.54,7.34,-1.75,-1.7599999999999998,-0.79,1.9291708063310515
7.2,5.58,-2.54,7.23,-1.44,-1.6500000000000004,-1.1,1.9830532015051943
7.3,5.58,-2.54,7.19,-1.11,-1.6100000000000003,-1.43,2.1533694527414475
7.4,5.58,-2.54,7.52,-1.05,-1.9399999999999995,-1.49,2.446160256401857
7.5,5.8,-2.56,7.32,-0.78,-1.5200000000000005,-1.78,2.3406836608136525
7.6,5.82,-2.5799999999999996,7.23,-1.1,-1.4100000000000001,-1.4799999999999995,2.04413796011913
7.7,5.82,-2.5799999999999996,7.02,-1.36,-1.1999999999999993,-1.2199999999999995,1.7112568480505774
7.8,5.82,-2.5799999999999996,6.73,-1.19,-0.9100000000000001,-1.3899999999999997,1.6613849644197456
7.9,5.82,-2.5799999999999996,6.42,-1.07,-0.5999999999999996,-1.5099999999999996,1.624838453508532
8.0,5.74,-2.54,6.34,-1.39,-0.5999999999999996,-1.1500000000000001,1.2971121771072847
8.1,5.9399999999999995,-2.5799999999999996,6.46,-1.71,-0.5200000000000005,-0.8699999999999997,1.0135580891098448
8.2,5.9399999999999995,-2.5799999999999996,6.36,-1.39,-0.4200000000000008,-1.1899999999999997,1.2619429464123963
8.3,5.9399999999999995,-2.5799999999999996,6.25,-1.7,-0.3100000000000005,-0.8799999999999997,0.9330058949438635
8.4,5.9399999999999995,-2.5799999999999996,5.96,-1.54,-0.020000000000000462,-1.0399999999999996,1.040192289915667
8.5,5.9399999999999995,-2.5799999999999996,6.05,-1.22,-0.11000000000000032,-1.3599999999999997,1.3644412775931396
8.6,5.9399999999999995,-2.5799999999999996,6.37,-1.33,-0.4300000000000006,-1.2499999999999996,1.321892582625381
8.7,5.9399999999999995,-2.5799999999999996,6.12,-1.56,-0.1800000000000006,-1.0199999999999996,1.0357605900979239
8.8,5.9399999999999995,-2.5799999999999996,6.33,-1.82,-0.39000000000000057,-0.7599999999999996,0.8542247947700885
8.9,5.9399999999999995,-2.5799999999999996,6.63,-1.96,-0.6900000000000004,-0.6199999999999997,0.9276313923105449
9.0,5.84,-2.46,6.96,-1.97,-1.12,-0.49,1.2224974437601086
9.1,6.2,-2.62,6.64,-1.88,-0.4399999999999995,-0.7400000000000002,0.8609297300012353
9.2,6.2,-2.62,6.7,-2.21,-0.5,-0.41000000000000014,0.6466065264130885
9.3,6.2,-2.62,6.51,-1.94,-0.3099999999999996,-0.6800000000000002,0.7473285756613351
9.4,6.2,-2.62,6.33,-2.22,-0.1299999999999999,-0.3999999999999999,0.42059481689626166
9.5,6.2,-2.62,6.04,-2.05,0.16000000000000014,-0.5700000000000003,0.5920304046246276
9.6,6.2,-2.62,6.25,-2.31,-0.04999999999999982,-0.31000000000000005,0.31400636936215165
9.7,6.2,-2.62,6.58,-2.24,-0.3799999999999999,-0.3799999999999999,0.537401153701776
9.8,6.2,-2.62,6.26,-2.12,-0.05999999999999961,-0.5,0.5035871324805667
9.9,6.2,-2.62,6.03,-2.36,0.16999999999999993,-0.26000000000000023,0.31064449134018146
10.0,6.14,-2.54,6.2,-2.07,-0.0600000000000005,-0.4700000000000002,0.4738143096192856
10.1,6.32,-2.4,5.87,-2.14,0.4500000000000002,-0.2599999999999998,0.5197114584074514
10.2,6.359999999999999,-2.34,5.68,-2.42,0.6799999999999997,0.08000000000000007,0.6846897107449473
10.3,6.32,-2.3,5.66,-2.08,0.6600000000000001,-0.21999999999999975,0.6957010852370435
10.4,6.3,-2.34,5.98,-1.99,0.3199999999999994,-0.34999999999999987,0.47423622805517457
10.5,6.279999999999999,-2.3600000000000003,5.93,-2.32,0.34999999999999964,-0.04000000000000048,0.3522782990761704
10.6,6.460000000000001,-2.2,5.74,-2.58,0.7200000000000006,0.3799999999999999,0.8141252974819054
10.7,6.540000000000001,-2.12,5.64,-2.26,0.9000000000000012,0.13999999999999968,0.9108238029388572
10.8,6.539999999999999,-2.14,5.87,-2.51,0.669999999999999,0.36999999999999966,0.7653757247260972
10.9,6.640000000000001,-1.98,5.87,-2.18,0.7700000000000005,0.20000000000000018,0.7955501241279526
11.0,6.5200000000000005,-2.08,5.75,-2.49,0.7700000000000005,0.41000000000000014,0.8723531395025761
11.1,6.4,-1.8199999999999998,5.97,-2.74,0.4300000000000006,0.9200000000000004,1.0155294185792951
11.2,6.62,-1.7799999999999998,5.74,-2.99,0.8799999999999999,1.2100000000000004,1.496161755960899
11.3,6.6,-1.8,5.93,-2.71,0.6699999999999999,0.9099999999999999,1.1300442469213317
11.4,6.6,-1.8,6.14,-2.96,0.45999999999999996,1.16,1.2478781991845198
11.5,6.6,-1.8,5.81,-2.98,0.79,1.18,1.4200352108310552
11.6,6.6,-1.8,5.87,-3.31,0.7299999999999995,1.51,1.6772000476985442
11.7,6.6,-1.8,5.98,-3.63,0.6199999999999992,1.8299999999999998,1.9321749403198456
11.8,6.6,-1.8,5.71,-3.81,0.8899999999999997,2.01,2.1982265579325526
11.9,6.6,-1.8,5.38,-3.75,1.2199999999999998,1.95,2.300195643852931
12.0,6.58,-1.8799999999999997,5.12,-3.55,1.46,1.6700000000000002,2.218220007122828
12.1,6.6,-1.8,5.37,-3.77,1.2299999999999995,1.97,2.3224555969921146
12.2,6.6,-1.8,5.66,-3.62,0.9399999999999995,1.82,2.048414020651099
12.3,6.6,-1.8,5.53,-3.31,1.0699999999999994,1.51,1.8506755523321745
12.4,6.6,-1.8,5.67,-3.61,0.9299999999999997,1.8099999999999998,2.0349447166937975
12.5,6.6,-1.8,5.48,-3.89,1.1199999999999992,2.09,2.3711811402758745
12.6,6.6,-1.8,5.8,-3.97,0.7999999999999998,2.17,2.3127689032845455
12.7,6.6,-1.8,5.73,-4.3,0.8699999999999992,2.5,2.6470549673174526
12.8,6.6,-1.8,5.96,-4.54,0.6399999999999997,2.74,2.81375194357996
12.9,6.6,-1.8,6.09,-4.24,0.5099999999999998,2.4400000000000004,2.4927294277558487
13.0,6.540000000000001,-1.9,6.36,-4.43,0.1800000000000006,2.53,2.5363950796356627
13.1,6.6,-1.8,6.21,-4.73,0.3899999999999997,2.9300000000000006,2.9558416737031097
13.2,6.6,-1.8,5.94,-4.53,0.6599999999999993,2.7300000000000004,2.8086473612755305
13.3,6.6,-1.8,6.15,-4.78,0.4499999999999993,2.9800000000000004,3.0137849956491594
13.4,6.6,-1.8,6.44,-4.6,0.15999999999999925,2.8,2.8045677028732965
13.5,6.6,-1.8,6.74,-4.46,-0.14000000000000057,2.66,2.663681662661663
13.6,6.6,-1.8,7.03,-4.62,-0.4300000000000006,2.8200000000000003,2.8525953095383163
13.7,6.6,-1.8,6.92,-4.3,-0.3200000000000003,2.5,2.520396794157618
13.8,6.6,-1.8,7.08,-4.01,-0.4800000000000004,2.21,2.2615260334561706
13.9,6.6,-1.8,7.38,-4.15,-0.7800000000000002,2.3500000000000005,2.4760654272454117
14.0,6.62,-1.86,7.13,-4.38,-0.5099999999999998,2.5199999999999996,2.5710892633278988
14.1,6.6,-1.8,7.44,-4.26,-0.8400000000000007,2.46,2.5994614826921367
14.2,6.6,-1.8,7.45,-3.92,-0.8500000000000005,2.12,2.2840534144367117
14.3,6.6,-1.8,7.59,-3.62,-0.9900000000000002,1.82,2.0718349355100663
14.4,6.6,-1.8,7.6,-3.29,-1.0,1.49,1.7944637081869335
14.5,6.6,-1.8,7.3,-3.43,-0.7000000000000002,1.6300000000000001,1.7739503938949366
14.6,6.6,-1.8,7.16,-3.13,-0.5600000000000005,1.3299999999999998,1.4430869689661814
14.7,6.6,-1.8,7.03,-3.43,-0.4300000000000006,1.6300000000000001,1.6857639217873899
14.8,6.6,-1.8,7.37,-3.43,-0.7700000000000005,1.6300000000000001,1.8027201668589612
14.9,6.6,-1.8,7.63,-3.23,-1.0300000000000002,1.43,1.7623280057923385
15.0,6.720000000000001,-1.8399999999999999,7.3,-3.18,-0.5799999999999992,1.3400000000000003,1.4601369798755184
15.1,7.040000000000001,-2.0,7.6,-3.03,-0.5599999999999987,1.0299999999999998,1.1723907198540928
15.2,7.06,-2.04,7.43,-2.74,-0.3700000000000001,0.7000000000000002,0.7917701686727029
15.3,7.1,-2.04,7.13,-2.6,-0.03000000000000025,0.56,0.5608029957123981
15.4,7.359999999999999,-2.18,7.19,-2.27,0.16999999999999904,0.08999999999999986,0.1923538406167125
15.5,7.339999999999999,-2.18,7.47,-2.09,-0.13000000000000078,-0.0900000000000003,0.15811388300841978
15.6,7.339999999999999,-2.2,7.39,-2.42,-0.05000000000000071,0.21999999999999975,0.22561028345356945
15.7,7.339999999999999,-2.18,7.57,-2.7,-0.23000000000000131,0.52,0.5685947590331806
15.8,7.339999999999999,-2.18,7.79,-2.95,-0.45000000000000107,0.77,0.8918520056601325
15.9,7.339999999999999,-2.18,8.05,-3.15,-0.7100000000000017,0.9699999999999998,1.2020815280171318
16.0,7.359999999999999,-2.1399999999999997,8.36,-3.27,-1.0,1.1300000000000003,1.5089400253157847
16.1,7.339999999999999,-2.18,8.55,-3.55,-1.2100000000000017,1.3699999999999997,1.827840255602224
16.2,7.339999999999999,-2.18,8.87,-3.45,-1.5300000000000002,1.27,1.9884164553734716
16.3,7.339999999999999,-2.18,8.82,-3.78,-1.4800000000000013,1.5999999999999996,2.179541236132045
16.4,7.339999999999999,-2.18,8.59,-3.54,-1.2500000000000009,1.3599999999999999,1.8471870506258974
16.5,7.339999999999999,-2.18,8.79,-3.81,-1.4500000000000002,1.63,2.1816049138191818
16.6,7.339999999999999,-2.18,8.56,-3.56,-1.2200000000000015,1.38,1.841955482632521
16.7,7.339999999999999,-2.18,8.61,-3.89,-1.2700000000000005,1.71,2.130023474049054
16.8,7.339999999999999,-2.18,8.94,-3.89,-1.6000000000000005,1.71,2.3418155350069743
16.9,7.339999999999999,-2.18,8.61,-3.92,-1.2700000000000005,1.7399999999999998,2.1541819793137256
17.0,7.42,-2.1399999999999997,8.5,-4.24,-1.08,2.1000000000000005,2.3614402384985316
17.1,7.339999999999999,-2.18,8.3,-3.97,-0.9600000000000017,1.79,2.031181921936094
17.2,7.339999999999999,-2.18,8.17,-3.66,-0.830000000000001,1.48,1.6968500228364325
17.3,7.339999999999999,-2.18,8.17,-4.0,-0.830000000000001,1.8199999999999998,2.0003249735980404
17.4,7.339999999999999,-2.18,8.5,-4.05,-1.160000000000001,1.8699999999999997,2.200568108466539
17.5,7.339999999999999,-2.18,8.19,-3.94,-0.8500000000000005,1.7599999999999998,1.9545076106272905
17.6,7.339999999999999,-2.18,8.21,-4.27,-0.8700000000000019,2.0899999999999994,2.2638462845343543
17.7,7.339999999999999,-2.18,8.18,-3.94,-0.8400000000000007,1.7599999999999998,1.9501794789198252
17.8,6.8,-3.2,8.21,-3.61,-1.410000000000001,0.4099999999999997,1.4684004903295296
17.9,6.8,-3.2,8.38,-3.33,-1.580000000000001,0.1299999999999999,1.585339080449354
18.0,7.340000000000001,-2.34,8.57,-3.05,-1.2299999999999995,0.71,1.4202112518917736
18.1,6.8,-3.2,8.35,-3.3,-1.5499999999999998,0.09999999999999964,1.5532224567009065
18.2,6.8,-3.2,8.08,-3.49,-1.2800000000000002,0.29000000000000004,1.312440474840669
18.3,6.8,-3.2,7.75,-3.41,-0.9500000000000002,0.20999999999999996,0.9729337079164234
18.4,7.12,-3.5,8.0,-3.19,-0.8799999999999999,-0.31000000000000005,0.9330058949438637
18.5,7.159999999999999,-3.54,7.72,-3.38,-0.5600000000000005,-0.16000000000000014,0.582408791142442
18.6,7.44,-3.7,7.41,-3.25,0.03000000000000025,-0.4500000000000002,0.4509988913511874
18.7,7.3,-3.2600000000000002,7.47,-3.58,-0.16999999999999993,0.31999999999999984,0.3623534186398686
18.8,7.3,-3.3,7.2,-3.39,0.09999999999999964,0.0900000000000003,0.13453624047073703
18.9,7.3,-3.3,7.01,-3.67,0.29000000000000004,0.3700000000000001,0.4701063709417264
19.0,7.44,-2.7800000000000002,6.77,-3.43,0.6700000000000008,0.6499999999999999,0.9334880824091977
19.1,7.3,-3.3,6.47,-3.28,0.8300000000000001,-0.020000000000000018,0.8302409288875128
19.2,7.3,-3.3,6.81,-3.28,0.4900000000000002,-0.020000000000000018,0.49040799340956936
19.3,7.3,-3.3,7.14,-3.28,0.16000000000000014,-0.020000000000000018,0.16124515496597114
19.4,7.3,-3.3,7.06,-3.61,0.2400000000000002,0.31000000000000005,0.39204591567825336
19.5,7.3,-3.3,6.74,-3.69,0.5599999999999996,0.3900000000000001,0.6824221567329124
19.6,7.3,-3.3,6.49,-3.47,0.8099999999999996,0.17000000000000037,0.8276472678623421
19.7,7.3,-3.3,6.27,-3.72,1.0300000000000002,0.4200000000000004,1.112339876117008
19.8,7.3,-3.3,6.48,-3.98,0.8199999999999994,0.6800000000000002,1.0652699188468617
19.9,7.3,-3.3,6.56,-4.3,0.7400000000000002,1.0,1.2440257232067191
20.0,7.4,-3.0,6.26,-4.16,1.1400000000000006,1.1600000000000001,1.6264070831129585
20.1,7.159999999999999,-3.6399999999999997,6.54,-4.32,0.6199999999999992,0.6800000000000006,0.9202173656261872
20.2,7.0200000000000005,-3.84,6.32,-4.08,0.7000000000000002,0.2400000000000002,0.7400000000000003
20.3,7.0,-3.8,6.65,-4.12,0.34999999999999964,0.3200000000000003,0.47423622805517496
20.4,7.08,-3.94,6.94,-4.28,0.13999999999999968,0.3400000000000003,0.36769552621700485
20.5,7.0200000000000005,-4.119999999999999,6.67,-4.09,0.35000000000000053,-0.02999999999999936,0.3512833614050064
20.6,7.0,-4.1,7.0,-4.05,0.0,-0.04999999999999982,0.04999999999999982
20.7,7.0,-4.1,7.16,-4.34,-0.16000000000000014,0.2400000000000002,0.2884441020371194
20.8,7.0,-4.1,7.43,-4.14,-0.4299999999999997,0.040000000000000036,0.4318564576337834
20.9,7.0,-4.1,7.16,-4.34,-0.16000000000000014,0.2400000000000002,0.2884441020371194
21.0,7.159999999999999,-3.8600000000000003,6.97,-4.61,0.1899999999999995,0.75,0.7736924453553878
21.1,7.0,-4.1,6.66,-4.5,0.33999999999999986,0.40000000000000036,0.5249761899362677
21.2,7.0,-4.1,6.77,-4.81,0.23000000000000043,0.71,0.7463243262818117
21.3,7.0,-4.1,7.09,-4.7,-0.08999999999999986,0.6000000000000005,0.6067124524847011
21.4,7.0,-4.1,7.42,-4.75,-0.41999999999999993,0.6500000000000004,0.7738862965578344
21.5,7.0,-4.1,7.12,-4.91,-0.1200000000000001,0.8100000000000005,0.8188406438373713
21.6,7.0,-4.1,6.86,-4.71,0.13999999999999968,0.6100000000000003,0.6258594091327543
21.7,7.0,-4.1,6.93,-5.03,0.07000000000000028,0.9300000000000006,0.9326306878931238
21.8,7.0,-4.1,7.17,-4.8,-0.16999999999999993,0.7000000000000002,0.7203471385380803
21.9,7.0,-4.1,7.47,-4.94,-0.46999999999999975,0.8400000000000007,0.9625487000666517
22.0,7.12,-4.14,7.62,-4.64,-0.5,0.5,0.7071067811865476
22.1,7.0,-4.1,7.45,-4.35,-0.4500000000000002,0.25,0.5147815070493501
22.2,7.0,-4.1,7.65,-4.62,-0.6500000000000004,0.5200000000000005,0.8324061508662709
22.3,7.0,-4.1,7.55,-4.94,-0.5499999999999998,0.8400000000000007,1.0040418317978594
22.4,7.0,-4.1,7.35,-4.67,-0.34999999999999964,0.5700000000000003,0.6688796603276258
22.5,7.0,-4.1,7.54,-4.39,-0.54,0.29000000000000004,0.6129437168288782
22.6,7.0,-4.1,7.22,-4.49,-0.21999999999999975,0.39000000000000057,0.4477722635447626
22.7,7.0,-4.1,7.54,-4.59,-0.54,0.4900000000000002,0.7291776189653658
22.8,7.0,-4.1,7.31,-4.82,-0.3099999999999996,0.7200000000000006,0.7839005038906409
22.9,7.0,-4.1,7.52,-5.08,-0.5199999999999996,0.9800000000000004,1.1094142598686931
23.0,7.06,-4.220000000000001,7.84,-4.97,-0.7800000000000002,0.7499999999999991,1.0820813278122856
23.1,7.0,-4.1,7.56,-5.15,-0.5599999999999996,1.0500000000000007,1.1900000000000004
23.2,7.0,-4.1,7.82,-5.36,-0.8200000000000003,1.2600000000000007,1.5033296378372916
23.3,7.0,-4.1,8.12,-5.22,-1.1199999999999992,1.12,1.583919189857866
23.4,7.0,-4.1,8.1,-5.56,-1.0999999999999996,1.46,1.828004376362376
23.5,7.0,-4.1,8.04,-5.89,-1.0399999999999991,1.79,2.0701932276963904
23.6,7.0,-4.1,8.15,-6.2,-1.1500000000000004,2.1000000000000005,2.3942639787625764
23.7,7.0,-4.1,8.02,-5.9,-1.0199999999999996,1.8000000000000007,2.0689127579480004
23.8,7.0,-4.1,7.78,-5.66,-0.7800000000000002,1.5600000000000005,1.7441330224498366
23.9,7.0,-4.1,8.08,-5.52,-1.08,1.42,1.784040358287895
24.0,7.12,-4.22,7.9,-5.24,-0.7800000000000002,1.0200000000000005,1.2840560735419624
24.1,7.0,-4.1,7.65,-5.02,-0.6500000000000004,0.9199999999999999,1.126454615153225
24.2,7.0,-4.1,7.46,-5.3,-0.45999999999999996,1.2000000000000002,1.2851459061133876
24.3,7.0,-4.1,7.62,-5.59,-0.6200000000000001,1.4900000000000002,1.613846337170922
24.4,7.0,-4.1,7.88,-5.81,-0.8799999999999999,1.71,1.9231484602078956
24.5,7.0,-4.1,8.13,-6.03,-1.1300000000000008,1.9300000000000006,2.2364704335179586
24.6,7.0,-4.1,8.39,-6.24,-1.3900000000000006,2.1400000000000006,2.5518032839543108
24.7,7.0,-4.1,8.68,-6.39,-1.6799999999999997,2.29,2.8401584462842915
24.8,7.0,-4.1,8.44,-6.17,-1.4399999999999995,2.0700000000000003,2.521606630701942
24.9,7.0,-4.1,8.19,-6.38,-1.1899999999999995,2.2800000000000002,2.5718670261115757
25.0,7.06,-4.22,8.5,-6.27,-1.4400000000000004,2.05,2.5052145616693196
25.1,7.32,-4.58,8.17,-6.34,-0.8499999999999996,1.7599999999999998,1.95450761062729
25.2,7.42,-4.54,7.95,-6.09,-0.5300000000000002,1.5499999999999998,1.638108665504215
25.3,7.5,-4.7,7.79,-6.39,-0.29000000000000004,1.6899999999999995,1.714701140140753
25.4,7.5,-4.7,8.1,-6.26,-0.5999999999999996,1.5599999999999996,1.6714065932620938
25.5,7.5,-4.7,7.77,-6.21,-0.2699999999999996,1.5099999999999998,1.533949151699625
25.6,7.42,-4.92,7.71,-6.54,-0.29000000000000004,1.62,1.6457521077003063
25.7,7.4,-4.9,7.51,-6.27,-0.10999999999999943,1.3699999999999992,1.3744089638822927
25.8,7.44,-5.119999999999999,7.83,-6.36,-0.3899999999999997,1.240000000000001,1.2998846102635429
25.9,7.58,-5.24,7.54,-6.21,0.040000000000000036,0.9699999999999998,0.9708243919473797
26.0,7.459999999999999,-5.1,7.81,-6.4,-0.35000000000000053,1.3000000000000007,1.3462912017836268
26.1,7.6,-5.44,8.14,-6.44,-0.5400000000000009,1.0,1.1364858116140302
26.2,7.58,-5.48,7.92,-6.19,-0.33999999999999986,0.71,0.7872102641607259
26.3,7.5200000000000005,-5.8,8.12,-5.93,-0.5999999999999988,0.1299999999999999,0.6139218191268319
26.4,7.92,-5.5,8.45,-5.91,-0.5299999999999994,0.41000000000000014,0.6700746227100377
26.5,7.9,-5.5,8.24,-5.65,-0.33999999999999986,0.15000000000000036,0.3716180835212409
26.6,8.1,-5.6,8.29,-5.98,-0.1899999999999995,0.3800000000000008,0.4248529157249605
26.7,8.1,-5.6,8.55,-5.77,-0.45000000000000107,0.16999999999999993,0.4810405388322287
26.8,8.1,-5.6,8.79,-6.0,-0.6899999999999995,0.40000000000000036,0.7975587752636163
26.9,8.1,-5.6,8.56,-6.24,-0.46000000000000085,0.6400000000000006,0.7881624198095222
27.0,8.059999999999999,-5.68,8.39,-6.53,-0.33000000000000185,0.8500000000000005,0.9118113840043905
27.1,8.1,-5.6,8.42,-6.19,-0.3200000000000003,0.5900000000000007,0.6711929677819941
27.2,8.1,-5.6,8.63,-5.94,-0.5300000000000011,0.34000000000000075,0.629682459657248
27.3,8.1,-5.6,8.78,-5.64,-0.6799999999999997,0.040000000000000036,0.6811754546370558
27.4,8.1,-5.6,8.71,-5.96,-0.6100000000000012,0.3600000000000003,0.7083078426785925
27.5,8.1,-5.6,8.46,-5.74,-0.3600000000000012,0.14000000000000057,0.3862641583165607
27.6,8.1,-5.6,8.74,-5.55,-0.6400000000000006,-0.04999999999999982,0.6419501538281619
27.7,8.1,-5.6,8.41,-5.47,-0.3100000000000005,-0.1299999999999999,0.33615472627943266
27.8,8.1,-5.6,8.4,-5.8,-0.3000000000000007,0.20000000000000018,0.3605551275463996
27.9,8.1,-5.6,8.7,-5.65,-0.5999999999999996,0.05000000000000071,0.6020797289396145
28.0,8.120000000000001,-5.659999999999999,8.99,-5.82,-0.8699999999999992,0.16000000000000103,0.884590300647706
28.1,8.1,-5.6,8.83,-6.11,-0.7300000000000004,0.5100000000000007,0.8905054744357281
28.2,8.1,-5.6,8.86,-6.44,-0.7599999999999998,0.8400000000000007,1.1327841806805041
28.3,8.1,-5.6,8.53,-6.38,-0.4299999999999997,0.7800000000000002,0.8906739021662193
28.4,8.1,-5.6,8.23,-6.23,-0.13000000000000078,0.6300000000000008,0.6432728814430165
28.5,8.1,-5.6,8.56,-6.15,-0.46000000000000085,0.5500000000000007,0.7170076708097352
28.6,8.1,-5.6,8.32,-5.91,-0.22000000000000064,0.3100000000000005,0.380131556174965
28.7,8.1,-5.6,8.39,-5.58,-0.2900000000000009,-0.019999999999999574,0.29068883707497356
28.8,8.1,-5.6,8.72,-5.58,-0.620000000000001,-0.019999999999999574,0.6203224967708338
28.9,8.1,-5.6,8.87,-5.28,-0.7699999999999996,-0.3199999999999994,0.8338465086573181
29.0,8.22,-5.58,9.11,-5.05,-0.8899999999999988,-0.5300000000000002,1.035857133006284
29.1,8.1,-5.6,9.43,-5.12,-1.33,-0.47999999999999954,1.4139660533407439
29.2,8.1,-5.6,9.1,-5.12,-1.0,-0.47999999999999954,1.1092339699089635
29.3,8.1,-5.6,8.92,-4.83,-0.8200000000000003,-0.7699999999999996,1.124855546281388
29.4,8.1,-5.6,9.07,-5.14,-0.9700000000000006,-0.45999999999999996,1.073545527679195
29.5,8.1,-5.6,8.73,-5.16,-0.6300000000000008,-0.4399999999999995,0.7684399781375254
29.6,8.1,-5.6,8.44,-5.0,-0.33999999999999986,-0.5999999999999996,0.6896375859826663
29.7,8.1,-5.6,8.15,-5.16,-0.05000000000000071,-0.4399999999999995,0.4428317965096901
29.8,8.1,-5.6,8.38,-4.93,-0.28000000000000114,-0.6699999999999999,0.7261542535852837
29.9,8.1,-5.6,8.21,-5.21,-0.11000000000000121,-0.3899999999999997,0.4052159917870962
30.0,8.2,-5.4399999999999995,7.95,-5.42,0.2499999999999991,-0.019999999999999574,0.2507987240796881
30.1,8.059999999999999,-5.279999999999999,8.05,-5.74,0.00999999999999801,0.46000000000000085,0.4601086828130944
30.2,8.1,-5.3,8.33,-5.55,-0.23000000000000043,0.25,0.33970575502926087
30.3,8.1,-5.3,8.56,-5.31,-0.46000000000000085,0.009999999999999787,0.46010868281309447
30.4,8.1,-5.3,8.36,-5.05,-0.2599999999999998,-0.25,0.3606937759374285
30.5,8.1,-5.3,8.59,-5.29,-0.4900000000000002,-0.009999999999999787,0.49010203019371407
30.6,8.1,-5.3,8.36,-5.53,-0.2599999999999998,0.23000000000000043,0.34713109915419577
30.7,8.1,-5.3,8.11,-5.75,-0.009999999999999787,0.4500000000000002,0.4501110973970761
30.8,8.1,-5.3,7.89,-6.0,0.20999999999999996,0.7000000000000002,0.7308214556237387
30.9,8.1,-5.3,7.73,-6.29,0.3699999999999992,0.9900000000000002,1.0568822072492279
31.0,8.18,-5.26,8.05,-6.36,0.129999999999999,1.1000000000000005,1.1076551810017414
31.1,8.1,-5.3,8.22,-6.07,-0.120000000000001,0.7700000000000005,0.7792945527847612
31.2,8.1,-5.3,8.29,-6.39,-0.1899999999999995,1.0899999999999999,1.106435718873898
31.3,8.1,-5.3,8.59,-6.26,-0.4900000000000002,0.96,1.0778218776773834
31.4,8.1,-5.3,8.83,-6.5,-0.7300000000000004,1.2000000000000002,1.404599587070992
31.5,8.1,-5.3,8.6,-6.74,-0.5,1.4400000000000004,1.5243359209832987
31.6,8.1,-5.3,8.79,-6.47,-0.6899999999999995,1.17,1.3583077707206122
31.7,8.1,-5.3,8.59,-6.2,-0.4900000000000002,0.9000000000000004,1.0247438704378773
31.8,8.1,-5.3,8.53,-6.53,-0.4299999999999997,1.2300000000000004,1.302996546426736
31.9,8.1,-5.3,8.53,-6.2,-0.4299999999999997,0.9000000000000004,0.9974467404327914
32.0,8.28,-5.34,8.69,-6.49,-0.41000000000000014,1.1500000000000004,1.220901306412603
32.1,8.1,-5.3,8.92,-6.25,-0.8200000000000003,0.9500000000000002,1.254950198215053
32.2,8.1,-5.3,9.22,-6.4,-1.120000000000001,1.1000000000000005,1.5698407562552334
32.3,8.1,-5.3,8.96,-6.19,-0.8600000000000012,0.8900000000000006,1.2376186811776893
32.4,8.1,-5.3,8.63,-6.24,-0.5300000000000011,0.9400000000000004,1.0791200118615176
32.5,8.1,-5.3,8.85,-5.99,-0.75,0.6900000000000004,1.019117265087782
32.6,8.1,-5.3,9.05,-6.25,-0.9500000000000011,0.9500000000000002,1.3435028842544412
32.7,8.1,-5.3,9.28,-6.01,-1.1799999999999997,0.71,1.3771347065556077
32.8,8.1,-5.3,9.11,-5.72,-1.0099999999999998,0.41999999999999993,1.0938464243210742
32.9,8.1,-5.3,9.36,-5.94,-1.2599999999999998,0.6400000000000006,1.4132232661543611
33.0,8.3,-5.279999999999999,9.15,-6.2,-0.8499999999999996,0.9200000000000008,1.2525573839150048
33.1,8.1,-5.3,9.43,-6.03,-1.33,0.7300000000000004,1.5171684151734774
33.2,8.1,-5.3,9.32,-6.34,-1.2200000000000006,1.04,1.6031219541881403
33.3,8.1,-5.3,9.53,-6.59,-1.4299999999999997,1.29,1.9258764238652488
33.4,8.1,-5.3,9.79,-6.81,-1.6899999999999995,1.5099999999999998,2.2663186007267377
33.5,8.1,-5.3,10.0,-6.55,-1.9000000000000004,1.25,2.274313083108832
33.6,8.1,-5.3,9.91,-6.23,-1.8100000000000005,0.9300000000000006,2.0349447166937984
33.7,8.1,-5.3,9.59,-6.3,-1.4900000000000002,1.0,1.7944637081869337
33.8,8.1,-5.3,9.54,-5.97,-1.4399999999999995,0.6699999999999999,1.5882380174268587
33.9,8.1,-5.3,9.23,-5.85,-1.1300000000000008,0.5499999999999998,1.256741819149821
34.0,8.18,-5.36,9.45,-5.6,-1.2699999999999996,0.23999999999999932,1.2924782396620837
34.1,8.1,-5.3,9.67,-5.85,-1.5700000000000003,0.5499999999999998,1.6635504200354134
34.2,8.1,-5.3,9.84,-5.56,-1.7400000000000002,0.2599999999999998,1.75931804969994
34.3,8.1,-5.3,10.08,-5.79,-1.9800000000000004,0.4900000000000002,2.0397303743387267
34.4,8.1,-5.3,9.4,-6.12,-1.3000000000000007,0.8200000000000003,1.5370100845472687
34.5,8.1,-5.3,9.71,-6.23,-1.6100000000000012,0.9300000000000006,1.8593009439033814
34.6,8.1,-5.3,9.78,-6.56,-1.6799999999999997,1.2599999999999998,2.0999999999999996
34.7,8.1,-5.3,9.49,-6.72,-1.3900000000000006,1.42,1.9870832896484236
34.8,8.1,-5.3,9.74,-6.51,-1.6400000000000006,1.21,2.0380628057054575
34.9,8.1,-5.3,9.55,-6.23,-1.450000000000001,0.9300000000000006,1.7226142922894851
35.0,8.24,-5.36,9.23,-6.17,-0.9900000000000002,0.8099999999999996,1.2791403363196705
35.1,8.82,-5.5,8.89,-6.17,-0.07000000000000028,0.6699999999999999,0.6736467917239716
35.2,8.940000000000001,-5.5,8.78,-5.85,0.16000000000000192,0.34999999999999964,0.38483762809787764
35.3,8.58,-5.619999999999999,9.01,-5.61,-0.4299999999999997,-0.009999999999998899,0.43011626335213105
35.4,9.12,-5.6,8.68,-5.56,0.4399999999999995,-0.040000000000000036,0.44181444068748993
35.5,9.1,-5.6,8.67,-5.89,0.4299999999999997,0.29000000000000004,0.5186520991955974
35.6,9.1,-5.6,8.45,-5.64,0.6500000000000004,0.040000000000000036,0.6512296062065979
35.7,9.1,-5.6,8.6,-5.34,0.5,-0.2599999999999998,0.5635601121442148
35.8,9.1,-5.6,8.3,-5.47,0.7999999999999989,-0.1299999999999999,0.8104936767180841
35.9,9.1,-5.6,7.96,-5.46,1.1399999999999997,-0.13999999999999968,1.1485643212288978
36.0,9.0,-5.52,8.29,-5.5,0.7100000000000009,-0.019999999999999574,0.7102816342831914
36.1,9.1,-5.6,8.54,-5.27,0.5600000000000005,-0.33000000000000007,0.6500000000000005
36.2,9.1,-5.6,8.76,-5.02,0.33999999999999986,-0.5800000000000001,0.6723094525588644
36.3,9.1,-5.6,9.02,-5.23,0.08000000000000007,-0.3699999999999992,0.37854986461495327
36.4,9.1,-5.6,9.25,-5.47,-0.15000000000000036,-0.1299999999999999,0.19849433241279227
36.5,9.1,-5.6,9.03,-5.71,0.07000000000000028,0.11000000000000032,0.1303840481040534
36.6,9.1,-5.6,8.9,-5.4,0.1999999999999993,-0.1999999999999993,0.282842712474618
36.7,9.1,-5.6,9.03,-5.71,0.07000000000000028,0.11000000000000032,0.1303840481040534
36.8,9.1,-5.6,9.36,-5.76,-0.2599999999999998,0.16000000000000014,0.30528675044947484
36.9,9.1,-5.6,9.17,-5.49,-0.07000000000000028,-0.10999999999999943,0.13038404810405266
37.0,9.14,-5.5600000000000005,9.11,-5.82,0.030000000000001137,0.2599999999999998,0.2617250465660479
37.1,9.1,-5.6,8.86,-5.6,0.2400000000000002,0.0,0.2400000000000002
37.2,9.1,-5.6,8.74,-5.91,0.35999999999999943,0.3100000000000005,0.475078940808788
37.3,9.1,-5.6,8.73,-5.58,0.3699999999999992,-0.019999999999999574,0.37054014627297727
37.4,9.1,-5.6,8.47,-5.37,0.629999999999999,-0.22999999999999954,0.6706713054842875
37.5,9.1,-5.6,8.39,-5.69,0.7099999999999991,0.09000000000000075,0.7156814934033147
37.6,9.1,-5.6,8.69,-5.54,0.41000000000000014,-0.05999999999999961,0.4143669871020133
37.7,9.1,-5.6,8.9,-5.8,0.1999999999999993,0.20000000000000018,0.2828427124746186
37.8,9.1,-5.6,8.63,-5.6,0.46999999999999886,0.0,0.46999999999999886
37.9,9.1,-5.6,8.88,-5.82,0.21999999999999886,0.22000000000000064,0.31112698372208053
38.0,9.040000000000001,-5.66,8.61,-6.01,0.4300000000000015,0.34999999999999964,0.5544366510251654
38.1,9.1,-5.6,8.29,-6.12,0.8100000000000005,0.5200000000000005,0.9625487000666518
38.2,9.1,-5.6,7.97,-6.07,1.13,0.47000000000000064,1.2238463955905579
38.3,9.1,-5.6,8.27,-5.92,0.8300000000000001,0.3200000000000003,0.8895504482602435
38.4,9.1,-5.6,8.22,-6.25,0.879999999999999,0.6500000000000004,1.0940292500660111
38.5,9.1,-5.6,8.54,-6.17,0.5600000000000005,0.5700000000000003,0.7990619500389196
38.6,9.1,-5.6,8.29,-6.38,0.8100000000000005,0.7800000000000002,1.1244998888394793
38.7,9.1,-5.6,8.51,-6.14,0.5899999999999999,0.54,0.7998124780221924
38.8,9.1,-5.6,8.84,-6.18,0.2599999999999998,0.5800000000000001,0.6356099432828282
38.9,9.1,-5.6,8.65,-6.45,0.4499999999999993,0.8500000000000005,0.9617692030835674
39.0,9.06,-5.68,8.76,-6.76,0.3000000000000007,1.08,1.1208925015361646
39.1,9.1,-5.6,8.44,-6.66,0.6600000000000001,1.0600000000000005,1.2486793023030378
39.2,9.1,-5.6,8.65,-6.92,0.4499999999999993,1.3200000000000003,1.3945967159003352
39.3,9.1,-5.6,8.76,-7.24,0.33999999999999986,1.6400000000000006,1.6748731295235473
39.4,9.1,-5.6,9.05,-7.07,0.049999999999998934,1.4700000000000006,1.4708500943332063
39.5,9.1,-5.6,9.05,-7.41,0.049999999999998934,1.8100000000000005,1.810690476033936
39.6,9.1,-5.6,9.23,-7.69,-0.13000000000000078,2.0900000000000007,2.094039159137193
39.7,9.1,-5.6,9.48,-7.47,-0.3800000000000008,1.87,1.9082190649922772
39.8,9.1,-5.6,9.74,-7.68,-0.6400000000000006,2.08,2.176235281397671
39.9,9.1,-5.6,10.01,-7.87,-0.9100000000000001,2.2700000000000005,2.4456083087853626
40.0,9.14,-5.779999999999999,9.51,-8.16,-0.3699999999999992,2.380000000000001,2.408588798446095
40.1,9.440000000000001,-6.119999999999999,9.22,-7.99,0.22000000000000064,1.870000000000001,1.882896704548607
40.2,9.64,-6.220000000000001,9.52,-8.15,0.120000000000001,1.9299999999999997,1.9337269714207328
40.3,9.68,-6.24,9.79,-7.95,-0.10999999999999943,1.71,1.7135343591536178
40.4,9.98,-6.4,9.69,-8.27,0.2900000000000009,1.8699999999999992,1.8923530326025315
40.5,10.0,-6.4,9.76,-8.6,0.2400000000000002,2.1999999999999993,2.213052190979688
40.6,10.0,-6.4,9.7,-8.27,0.3000000000000007,1.8699999999999992,1.893911296761281
40.7,10.0,-6.4,9.73,-7.94,0.2699999999999996,1.54,1.56348968656656
40.8,9.98,-6.639999999999999,9.5,-7.7,0.4800000000000004,1.0600000000000014,1.16361505662311
40.9,9.9,-6.840000000000001,9.23,-7.88,0.6699999999999999,1.0399999999999991,1.2371337841963568
41.0,9.84,-6.6,9.01,-8.14,0.8300000000000001,1.540000000000001,1.7494284781036358
41.1,9.9,-6.8,8.8,-7.88,1.0999999999999996,1.08,1.5415576538034506
41.2,9.9,-6.8,8.96,-7.58,0.9399999999999995,0.7800000000000002,1.2214745187681975
41.3,9.760000000000002,-7.0,8.85,-7.9,0.9100000000000019,0.9000000000000004,1.2798828071350923
41.4,9.8,-7.0,8.61,-8.13,1.1900000000000013,1.1300000000000008,1.6410362579784776
41.5,9.8,-7.0,8.4,-8.39,1.4000000000000004,1.3900000000000006,1.972840591634307
41.6,9.8,-7.0,8.12,-8.57,1.6800000000000015,1.5700000000000003,2.2994129685639346
41.7,9.8,-7.0,8.38,-8.36,1.42,1.3599999999999994,1.9662146373170957
41.8,9.8,-7.0,8.08,-8.21,1.7200000000000006,1.2100000000000009,2.10297408448131
41.9,9.8,-7.0,8.23,-8.5,1.5700000000000003,1.5,2.1713820483738004
42.0,9.76,-6.9,7.97,-8.71,1.79,1.8100000000000005,2.545623695678527
42.1,9.8,-7.0,7.64,-8.66,2.160000000000001,1.6600000000000001,2.7241879523997614
42.2,9.8,-7.0,7.72,-8.34,2.080000000000001,1.3399999999999999,2.4742675683927158
42.3,9.8,-7.0,7.96,-8.57,1.8400000000000007,1.5700000000000003,2.4187806845598887
42.4,9.8,-7.0,7.73,-8.32,2.0700000000000003,1.3200000000000003,2.455056007507772
42.5,9.8,-7.0,7.45,-8.49,2.3500000000000005,1.4900000000000002,2.7825527847643796
42.6,9.8,-7.0,7.33,-8.18,2.4700000000000006,1.1799999999999997,2.7373892671668023
42.7,9.8,-7.0,7.05,-7.99,2.750000000000001,0.9900000000000002,2.922772656229014
42.8,9.8,-7.0,6.73,-7.91,3.0700000000000003,0.9100000000000001,3.202030605725061
42.9,9.8,-7.0,6.68,-7.58,3.120000000000001,0.5800000000000001,3.1734523787194293
43.0,9.64,-7.0200000000000005,6.86,-7.3,2.7800000000000002,0.27999999999999936,2.7940651388255073
43.1,9.8,-7.0,6.79,-6.97,3.0100000000000007,-0.03000000000000025,3.010149497948566
43.2,9.8,-7.0,7.13,-6.93,2.670000000000001,-0.07000000000000028,2.670917445373407
43.3,9.8,-7.0,6.89,-6.69,2.910000000000001,-0.3099999999999996,2.9264654448668974
43.4,9.8,-7.0,6.57,-6.61,3.2300000000000004,-0.3899999999999997,3.2534596969994882
43.5,9.8,-7.0,6.79,-6.86,3.0100000000000007,-0.13999999999999968,3.0132540550043245
43.6,9.8,-7.0,7.1,-6.98,2.700000000000001,-0.019999999999999574,2.7000740730579977
43.7,9.8,-7.0,7.07,-7.31,2.7300000000000004,0.3099999999999996,2.7475443581496553
43.8,9.8,-7.0,7.12,-7.64,2.6800000000000006,0.6399999999999997,2.755358415887124
43.9,9.8,-7.0,6.99,-7.95,2.8100000000000005,0.9500000000000002,2.9662434155004886
44.0,9.58,-6.959999999999999,6.8,-8.22,2.7800000000000002,1.2600000000000016,3.0522123124055454
44.1,9.8,-7.0,6.57,-8.47,3.2300000000000004,1.4700000000000006,3.5487744363371427
44.2,9.8,-7.0,6.4,-8.18,3.4000000000000004,1.1799999999999997,3.598944289649397
44.3,9.8,-7.0,6.07,-8.27,3.7300000000000004,1.2699999999999996,3.9402791779263566
44.4,9.8,-7.0,6.4,-8.19,3.4000000000000004,1.1899999999999995,3.6022354170709057
44.5,9.8,-7.0,6.07,-8.19,3.7300000000000004,1.1899999999999995,3.9152266856466946
44.6,9.8,-7.0,6.1,-7.86,3.700000000000001,0.8600000000000003,3.798631332466999
44.7,9.8,-7.0,6.41,-7.98,3.3900000000000006,0.9800000000000004,3.528809997718778
44.8,9.8,-7.0,6.23,-8.27,3.5700000000000003,1.2699999999999996,3.789168774282824
44.9,9.8,-7.0,6.29,-7.94,3.5100000000000007,0.9400000000000004,3.6336895849810844
45.0,9.52,-6.9799999999999995,6.45,-7.65,3.0699999999999994,0.6700000000000008,3.14226033294506
45.1,5.6,-6.4,6.12,-7.7,-0.5200000000000005,1.2999999999999998,1.400142849854971
45.2,5.5,-6.4,5.9,-7.45,-0.40000000000000036,1.0499999999999998,1.1236102527122116
45.3,5.5,-6.4,6.15,-7.67,-0.6500000000000004,1.2699999999999996,1.4266744548074026
45.4,5.5,-6.4,6.47,-7.57,-0.9699999999999998,1.17,1.5198026187633706
45.5,5.5,-6.4,6.74,-7.76,-1.2400000000000002,1.3599999999999994,1.8404347312523743
45.6,5.5,-6.4,6.66,-7.44,-1.1600000000000001,1.04,1.5579473675320359
45.7,5.5,-6.4,6.92,-7.23,-1.42,0.8300000000000001,1.6447796204963145
45.8,7.9,-7.12,6.72,-7.49,1.1800000000000006,0.3700000000000001,1.2366486970841806
45.9,7.9,-7.1,7.03,-7.62,0.8700000000000001,0.5200000000000005,1.0135580891098452
46.0,8.1,-7.06,6.7,-7.68,1.3999999999999995,0.6200000000000001,1.531143363633856
46.1,7.8,-7.3,6.37,-7.7,1.4299999999999997,0.40000000000000036,1.48489056835849
46.2,7.8,-7.3,6.7,-7.74,1.0999999999999996,0.4400000000000004,1.1847362575695908
46.3,7.8,-7.3,6.54,-8.03,1.2599999999999998,0.7299999999999995,1.4561936684383705
46.4,7.8,-7.3,6.76,-7.78,1.04,0.4800000000000004,1.1454256850621085
46.5,7.8,-7.3,6.89,-7.48,0.9100000000000001,0.1800000000000006,0.9276313923105451
46.6,7.6,-7.360000000000001,6.64,-7.7,0.96,0.33999999999999897,1.0184301645179208
46.7,7.56,-7.38,6.68,-7.37,0.8799999999999999,-0.009999999999999787,0.8800568163476719
46.8,7.5200000000000005,-7.360000000000001,6.51,-7.08,1.0100000000000007,-0.28000000000000114,1.0480935072788125
46.9,7.5200000000000005,-7.32,6.31,-6.82,1.2100000000000009,-0.5,1.3092364186807521
47.0,7.5200000000000005,-7.3,6.08,-6.57,1.4400000000000004,-0.7299999999999995,1.614465855941215
47.1,7.6,-7.4,6.02,-6.9,1.58,-0.5,1.657226598869328
47.2,7.6,-7.4,6.3,-6.73,1.2999999999999998,-0.6699999999999999,1.4624978632463022
47.3,7.6,-7.4,6.56,-6.52,1.04,-0.8800000000000008,1.3623509092741126
47.4,7.6,-7.4,6.73,-6.81,0.8699999999999992,-0.5900000000000007,1.0511898020814316
47.5,7.18,-7.360000000000001,7.01,-6.63,0.16999999999999993,-0.7300000000000013,0.7495331880577416
47.6,7.44,-6.860000000000001,6.81,-6.37,0.6300000000000008,-0.4900000000000011,0.7981227975693979
47.7,7.42,-6.840000000000001,7.09,-6.54,0.33000000000000007,-0.3000000000000007,0.4459820624195557
47.8,7.5200000000000005,-6.58,7.29,-6.27,0.23000000000000043,-0.3100000000000005,0.3860051813123763
47.9,7.6,-6.459999999999999,7.62,-6.32,-0.020000000000000462,-0.1399999999999988,0.14142135623730837
48.0,7.5200000000000005,-6.68,7.37,-6.11,0.15000000000000036,-0.5699999999999994,0.5894064811316545
48.1,7.6,-6.3,7.62,-6.32,-0.020000000000000462,0.020000000000000462,0.028284271247462554
48.2,7.6,-6.3,7.57,-6.65,0.02999999999999936,0.35000000000000053,0.3512833614050064
48.3,7.6,-6.3,7.54,-6.99,0.05999999999999961,0.6900000000000004,0.692603782836912
48.4,7.6,-6.3,7.77,-7.22,-0.16999999999999993,0.9199999999999999,0.9355746896961246
48.5,7.6,-6.3,7.44,-7.16,0.15999999999999925,0.8600000000000003,0.8747571091451617
48.6,7.6,-6.3,7.13,-7.04,0.46999999999999975,0.7400000000000002,0.8766413177577247
48.7,7.6,-6.3,6.94,-6.77,0.6599999999999993,0.46999999999999975,0.8102468759581852
48.8,7.6,-6.3,6.77,-6.48,0.8300000000000001,0.1800000000000006,0.8492938243034623
48.9,7.6,-6.3,6.77,-6.15,0.8300000000000001,-0.14999999999999947,0.8434453153583816
49.0,7.58,-6.279999999999999,7.09,-6.23,0.4900000000000002,-0.049999999999998934,0.49254441424099016
49.1,7.6,-6.3,7.05,-5.9,0.5499999999999998,-0.39999999999999947,0.6800735254367717
49.2,7.6,-6.3,6.84,-5.64,0.7599999999999998,-0.6600000000000001,1.0065783625729294
49.3,7.6,-6.3,6.92,-5.32,0.6799999999999997,-0.9799999999999995,1.192811804099875
49.4,7.6,-6.3,7.08,-5.61,0.5199999999999996,-0.6899999999999995,0.8640023148117132
49.5,7.6,-6.3,7.01,-5.94,0.5899999999999999,-0.35999999999999943,0.6911584478250985
49.6,7.6,-6.3,7.21,-6.21,0.3899999999999997,-0.08999999999999986,0.40024992192378966
49.7,7.6,-6.3,6.97,-6.45,0.6299999999999999,0.15000000000000036,0.6476109943476871
49.8,7.6,-6.3,7.19,-6.19,0.40999999999999925,-0.10999999999999943,0.4244997055358216
49.9,7.6,-6.3,7.02,-6.47,0.5800000000000001,0.16999999999999993,0.6044005294504631
50.0,7.5,-6.220000000000001,7.28,-6.67,0.21999999999999975,0.4499999999999993,0.5008991914547269
50.1,7.3,-6.6,7.21,-7.0,0.08999999999999986,0.40000000000000036,0.4100000000000003
50.2,7.3,-6.6,7.0,-7.26,0.2999999999999998,0.6600000000000001,0.7249827584156744
50.3,7.3,-6.6,6.71,-7.42,0.5899999999999999,0.8200000000000003,1.0101980003939823
50.4,7.3,-6.6,7.03,-7.32,0.2699999999999996,0.7200000000000006,0.7689603370785782
50.5,7.3,-6.6,7.28,-7.1,0.019999999999999574,0.5,0.5003998401278721
50.6,7.3,-6.6,7.61,-7.11,-0.3100000000000005,0.5100000000000007,0.5968249324550717
50.7,7.3,-6.6,7.37,-6.88,-0.07000000000000028,0.28000000000000025,0.28861739379323653
50.8,7.3,-6.6,7.49,-6.57,-0.1900000000000004,-0.02999999999999936,0.19235384061671373
50.9,7.3,-6.6,7.75,-6.35,-0.4500000000000002,-0.25,0.5147815070493501
51.0,7.4,-6.62,7.74,-6.01,-0.33999999999999986,-0.6100000000000003,0.6983552104767317
51.1,7.3,-6.6,7.68,-6.34,-0.3799999999999999,-0.2599999999999998,0.4604345773288533
51.2,7.3,-6.6,7.47,-6.08,-0.16999999999999993,-0.5199999999999996,0.5470831746635968
51.3,7.3,-6.6,7.24,-6.32,0.05999999999999961,-0.27999999999999936,0.28635642126552635
51.4,7.3,-6.6,7.06,-6.03,0.2400000000000002,-0.5699999999999994,0.6184658438426486
51.5,7.3,-6.6,7.19,-5.72,0.10999999999999943,-0.8799999999999999,0.8868483523128403
51.6,7.3,-6.6,7.44,-5.95,-0.14000000000000057,-0.6499999999999995,0.6649060083951712
51.7,7.3,-6.6,7.19,-5.72,0.10999999999999943,-0.8799999999999999,0.8868483523128403
51.8,7.3,-6.6,6.97,-5.97,0.33000000000000007,-0.6299999999999999,0.7111961754677818
51.9,7.3,-6.6,7.14,-6.26,0.16000000000000014,-0.33999999999999986,0.37576588456111865
52.0,7.279999999999999,-6.62,7.42,-6.44,-0.14000000000000057,-0.17999999999999972,0.22803508501982772
52.1,7.3,-6.6,7.11,-6.56,0.1899999999999995,-0.040000000000000036,0.19416487838947552
52.2,7.3,-6.6,7.36,-6.77,-0.0600000000000005,0.16999999999999993,0.18027756377319956
52.3,7.3,-6.6,7.61,-6.55,-0.3100000000000005,-0.04999999999999982,0.3140063693621521
52.4,7.3,-6.6,7.39,-6.8,-0.08999999999999986,0.20000000000000018,0.2193171219946132
52.5,7.3,-6.6,7.14,-6.57,0.16000000000000014,-0.02999999999999936,0.1627882059609971
52.6,7.3,-6.6,6.85,-6.73,0.4500000000000002,0.13000000000000078,0.46840153714521515
52.7,7.3,-6.6,7.02,-6.44,0.28000000000000025,-0.15999999999999925,0.32249030993194183
52.8,7.3,-6.6,6.68,-6.42,0.6200000000000001,-0.17999999999999972,0.645600495662759
52.9,7.3,-6.6,6.84,-6.13,0.45999999999999996,-0.46999999999999975,0.6576473218982951
53.0,7.24,-6.5200000000000005,6.75,-5.81,0.4900000000000002,-0.7100000000000009,0.8626702730475888
53.1,7.3,-6.6,6.56,-5.53,0.7400000000000002,-1.0699999999999994,1.3009611831257684
53.2,7.3,-6.6,6.36,-5.27,0.9399999999999995,-1.33,1.6286497474902328
53.3,7.3,-6.6,6.07,-5.42,1.2299999999999995,-1.1799999999999997,1.7044940598312446
53.4,7.3,-6.6,5.87,-5.15,1.4299999999999997,-1.4499999999999993,2.0365166338628313
53.5,7.3,-6.6,5.65,-4.91,1.6499999999999995,-1.6899999999999995,2.3619060099843083
53.6,7.3,-6.6,5.34,-5.04,1.96,-1.5599999999999996,2.505034929896188
53.7,7.3,-6.6,5.1,-5.27,2.2,-1.33,2.5707780923292467
53.8,7.3,-6.6,4.81,-5.11,2.49,-1.4899999999999993,2.9017580877805784
53.9,7.3,-6.6,4.59,-5.37,2.71,-1.2299999999999995,2.9760712357065646
54.0,7.140000000000001,-6.4,4.27,-5.43,2.870000000000001,-0.9700000000000006,3.029488405655319
54.1,7.3,-6.6,4.11,-5.13,3.1899999999999995,-1.4699999999999998,3.5124065823876363
54.2,7.3,-6.6,4.23,-4.83,3.0699999999999994,-1.7699999999999996,3.5436986327846776
54.3,7.3,-6.6,4.15,-5.15,3.1499999999999995,-1.4499999999999993,3.4677081768799396
54.4,7.3,-6.6,4.28,-5.46,3.0199999999999996,-1.1399999999999997,3.2280024783137944
54.5,7.3,-6.6,3.98,-5.29,3.32,-1.3099999999999996,3.5691035288990984
54.6,7.3,-6.6,4.23,-5.52,3.0699999999999994,-1.08,3.254427753077336
54.7,7.3,-6.6,3.9,-5.54,3.4,-1.0599999999999996,3.5614042174400815
54.8,7.3,-6.6,4.15,-5.33,3.1499999999999995,-1.2699999999999996,3.396380426277362
54.9,7.3,-6.6,4.48,-5.41,2.8199999999999994,-1.1899999999999995,3.060800548876061
55.0,7.140000000000001,-6.540000000000001,4.15,-5.45,2.99,-1.0900000000000007,3.1824833071046896
55.1,6.7,-5.9,3.94,-5.18,2.7600000000000002,-0.7200000000000006,2.8523674377611314
55.2,6.7,-5.9,3.73,-4.92,2.97,-0.9800000000000004,3.1275069943966556
55.3,6.7,-5.9,3.95,-5.18,2.75,-0.7200000000000006,2.8426923857498196
55.4,6.7,-5.9,4.22,-4.99,2.4800000000000004,-0.9100000000000001,2.6416850682850144
55.5,6.7,-5.9,4.53,-4.86,2.17,-1.04,2.40634577731464
55.6,4.7,-3.2,4.3,-4.61,0.40000000000000036,1.4100000000000001,1.465639792036229
55.7,4.7,-3.3,4.44,-4.92,0.2599999999999998,1.62,1.6407315441594947
55.8,4.7,-3.3,4.58,-4.61,0.1200000000000001,1.3100000000000005,1.3154847015454043
55.9,4.7,-3.3,4.32,-4.41,0.3799999999999999,1.1100000000000003,1.1732433677630574
56.0,6.32,-5.46,4.38,-4.74,1.9400000000000004,-0.7199999999999998,2.06929939834718
56.1,4.4,-3.1,4.52,-4.44,-0.11999999999999922,1.3400000000000003,1.3453624047073711
56.2,4.4,-3.1,4.82,-4.29,-0.41999999999999993,1.19,1.2619429464123961
56.3,5.9,-4.58,4.88,-3.96,1.0200000000000005,-0.6200000000000001,1.1936498649101424
56.4,5.9,-4.6,4.6,-4.14,1.3000000000000007,-0.45999999999999996,1.3789851340750567
56.5,5.9,-4.6,4.86,-4.35,1.04,-0.25,1.0696261028976435
56.6,5.8,-4.4,4.92,-4.68,0.8799999999999999,0.27999999999999936,0.9234717104492154
56.7,5.66,-4.779999999999999,4.62,-4.83,1.04,0.05000000000000071,1.0412012293500235
56.8,5.7,-4.8,4.3,-4.91,1.4000000000000004,0.11000000000000032,1.4043147795277244
56.9,5.7,-4.8,4.63,-4.89,1.0700000000000003,0.08999999999999986,1.0737783756436896
57.0,5.62,-4.88,4.64,-4.56,0.9800000000000004,-0.3200000000000003,1.0309219175087903
57.1,5.3,-4.9,4.87,-4.32,0.4299999999999997,-0.5800000000000001,0.7220110802473878
57.2,5.279999999999999,-4.5,4.79,-4.64,0.4899999999999993,0.13999999999999968,0.5096076922496355
57.3,5.06,-4.82,4.68,-4.96,0.3799999999999999,0.13999999999999968,0.4049691346263315
57.4,4.9,-4.92,4.35,-4.93,0.5500000000000007,0.009999999999999787,0.5500909015790033
57.5,4.9,-4.9,4.62,-4.73,0.28000000000000025,-0.16999999999999993,0.32756678708318415
57.6,4.9,-4.9,4.55,-4.41,0.35000000000000053,-0.4900000000000002,0.6021627686929844
57.7,4.9,-4.9,4.22,-4.36,0.6800000000000006,-0.54,0.8683317338436969
57.8,4.9,-4.9,4.45,-4.59,0.4500000000000002,-0.3100000000000005,0.5464430436925705
57.9,4.9,-4.9,4.12,-4.58,0.7800000000000002,-0.3200000000000003,0.84308955633432
58.0,4.9,-4.82,3.91,-4.32,0.9900000000000002,-0.5,1.1090987332063815
58.1,4.9,-4.9,3.67,-4.54,1.2300000000000004,-0.3600000000000003,1.28160056179763
58.2,4.9,-4.9,3.94,-4.74,0.9600000000000004,-0.16000000000000014,0.9732420048477156
58.3,4.9,-4.9,3.87,-4.41,1.0300000000000002,-0.4900000000000002,1.14061386980871
58.4,4.9,-4.9,4.13,-4.2,0.7700000000000005,-0.7000000000000002,1.0406248123122959
58.5,4.9,-4.9,4.33,-4.47,0.5700000000000003,-0.4300000000000006,0.7140028011149542
58.6,4.9,-4.9,4.39,-4.14,0.5100000000000007,-0.7600000000000007,0.9152595260361958
58.7,4.9,-4.9,4.39,-3.8,0.5100000000000007,-1.1000000000000005,1.212476803901832
58.8,4.9,-4.9,4.18,-3.55,0.7200000000000006,-1.3500000000000005,1.5300000000000007
58.9,4.9,-4.9,3.87,-3.67,1.0300000000000002,-1.2300000000000004,1.6043067038443746
59.0,4.82,-4.779999999999999,3.6,-3.47,1.2200000000000002,-1.3099999999999992,1.7901117283566403
59.1,4.9,-4.9,3.29,-3.36,1.6100000000000003,-1.5400000000000005,2.2279362647975374
59.2,4.9,-4.9,3.49,-3.63,1.4100000000000001,-1.2700000000000005,1.8976301009416987
59.3,4.9,-4.9,3.72,-3.87,1.1800000000000002,-1.0300000000000002,1.5663013758533193
59.4,4.9,-4.9,4.05,-3.84,0.8500000000000005,-1.0600000000000005,1.3587126259809328
59.5,4.9,-4.9,4.08,-3.5,0.8200000000000003,-1.4000000000000004,1.622467256988566
59.6,4.9,-4.9,4.41,-3.55,0.4900000000000002,-1.3500000000000005,1.4361754767437027
59.7,4.9,-4.9,4.74,-3.49,0.16000000000000014,-1.4100000000000001,1.4190489773083945
59.8,4.9,-4.9,4.49,-3.72,0.41000000000000014,-1.1800000000000002,1.249199743836029
59.9,4.9,-4.9,4.32,-4.0,0.5800000000000001,-0.9000000000000004,1.0707007051459343
60.0,4.92,-4.74,4.57,-4.22,0.34999999999999964,-0.5200000000000005,0.6268173577685929
60.1,4.9,-4.220000000000001,4.38,-4.49,0.5200000000000005,0.2699999999999996,0.5859180830116103
60.2,4.9,-4.2,4.45,-4.82,0.4500000000000002,0.6200000000000001,0.7660939890117924
60.3,4.6,-4.8,4.65,-4.56,-0.05000000000000071,-0.2400000000000002,0.2451530134426256
60.4,4.6,-4.8,4.98,-4.49,-0.3800000000000008,-0.3099999999999996,0.4904079934095695
60.5,4.6,-4.8,5.17,-4.22,-0.5700000000000003,-0.5800000000000001,0.8132035415564792
60.6,4.6,-4.8,5.51,-4.23,-0.9100000000000001,-0.5699999999999994,1.0737783756436892
60.7,4.6,-4.8,5.24,-4.04,-0.6400000000000006,-0.7599999999999998,0.9935793878699378
60.8,4.6,-4.8,5.43,-3.76,-0.8300000000000001,-1.04,1.3306013678032953
60.9,4.6,-4.8,5.48,-3.43,-0.8800000000000008,-1.3699999999999997,1.6282813024781684
61.0,4.720000000000001,-4.54,5.58,-3.12,-0.8599999999999994,-1.42,1.6601204775557703
61.1,4.6,-4.8,5.76,-2.84,-1.1600000000000001,-1.96,2.2775425352778815
61.2,4.6,-4.8,5.89,-3.14,-1.29,-1.6599999999999997,2.102308255228048
61.3,4.6,-4.8,6.11,-3.4,-1.5100000000000007,-1.4,2.059150310200788
61.4,4.6,-4.8,6.11,-3.73,-1.5100000000000007,-1.0699999999999998,1.8506755523321752
61.5,4.6,-4.8,5.79,-3.82,-1.1900000000000004,-0.98,1.5415900881881672
61.6,4.6,-4.8,5.8,-4.15,-1.2000000000000002,-0.6499999999999995,1.364734406395618
61.7,4.6,-4.8,6.01,-4.41,-1.4100000000000001,-0.3899999999999997,1.4629422408283932
61.8,4.6,-4.8,6.28,-4.61,-1.6800000000000006,-0.1899999999999995,1.6907099100673664
61.9,4.6,-4.8,5.96,-4.72,-1.3600000000000003,-0.08000000000000007,1.3623509092741124
62.0,4.68,-4.82,5.82,-4.42,-1.1400000000000006,-0.40000000000000036,1.2081390648431172
62.1,4.6,-4.8,6.13,-4.32,-1.5300000000000002,-0.47999999999999954,1.6035273617871322
62.2,4.6,-4.8,6.44,-4.18,-1.8400000000000007,-0.6200000000000001,1.9416487838947607
62.3,4.6,-4.8,6.2,-4.42,-1.6000000000000005,-0.3799999999999999,1.6445060048537379
62.4,4.6,-4.8,6.46,-4.62,-1.8600000000000003,-0.17999999999999972,1.8686893802876927
62.5,4.6,-4.8,6.67,-4.36,-2.0700000000000003,-0.4399999999999995,2.116246677492962
62.6,4.6,-4.8,6.95,-4.19,-2.3500000000000005,-0.6099999999999994,2.427879733429974
62.7,4.6,-4.8,7.16,-4.45,-2.5600000000000005,-0.34999999999999964,2.5838150088580263
62.8,4.6,-4.8,7.02,-4.74,-2.42,-0.05999999999999961,2.420743687382041
62.9,4.6,-4.8,6.92,-4.42,-2.3200000000000003,-0.3799999999999999,2.350914715594762
63.0,4.8,-4.819999999999999,6.63,-4.27,-1.83,-0.5499999999999998,1.910863679072895
63.1,4.6,-4.8,6.82,-4.54,-2.2200000000000006,-0.2599999999999998,2.2351733713517623
63.2,4.6,-4.8,6.87,-4.87,-2.2700000000000005,0.07000000000000028,2.2710790386950435
63.3,4.6,-4.8,7.14,-4.68,-2.54,-0.1200000000000001,2.5428330656966063
63.4,4.6,-4.8,6.83,-4.81,-2.2300000000000004,0.009999999999999787,2.2300224214119466
63.5,4.6,-4.8,6.95,-4.5,-2.3500000000000005,-0.2999999999999998,2.3690715480964273
63.6,4.6,-4.8,7.27,-4.4,-2.67,-0.39999999999999947,2.69979628861142
63.7,4.6,-4.8,7.6,-4.43,-3.0,-0.3700000000000001,3.022730553655089
63.8,4.6,-4.8,7.5,-4.11,-2.9000000000000004,-0.6899999999999995,2.980956222422597
63.9,4.6,-4.8,7.66,-3.83,-3.0600000000000005,-0.9699999999999998,3.2100623046912973
64.0,4.7,-4.86,7.4,-3.63,-2.7,-1.2300000000000004,2.966968149475151
64.1,4.6,-4.8,7.73,-3.59,-3.130000000000001,-1.21,3.3557413487931402
64.2,4.6,-4.8,8.06,-3.59,-3.460000000000001,-1.21,3.6654740484690387
64.3,4.6,-4.8,8.22,-3.3,-3.620000000000001,-1.5,3.9184690888151725
64.4,4.6,-4.8,8.41,-3.02,-3.8100000000000005,-1.7799999999999998,4.205294282211413
64.5,4.6,-4.8,8.59,-3.3,-3.99,-1.5,4.262640027025506
64.6,4.6,-4.8,8.54,-2.97,-3.9399999999999995,-1.8299999999999996,4.344249072049161
64.7,4.6,-4.8,8.31,-2.74,-3.710000000000001,-2.0599999999999996,4.243548043795428
64.8,4.6,-4.8,8.64,-2.79,-4.040000000000001,-2.01,4.5123940430773555
64.9,4.6,-4.8,8.76,-3.1,-4.16,-1.6999999999999997,4.493951490614913
65.0,4.8,-4.779999999999999,9.08,-3.0,-4.28,-1.7799999999999994,4.63538563660026
65.1,5.26,-4.720000000000001,9.21,-3.3,-3.950000000000001,-1.4200000000000008,4.197487343637859
65.2,5.2,-4.7,9.0,-3.56,-3.8,-1.1400000000000001,3.967316473386009
65.3,5.32,-4.56,8.75,-3.34,-3.4299999999999997,-1.2199999999999998,3.640508206281095
65.4,5.5200000000000005,-4.74,8.85,-3.02,-3.329999999999999,-1.7200000000000002,3.747972785386788
65.5,5.5,-4.7,8.72,-3.33,-3.2200000000000006,-1.37,3.499328507013882
65.6,5.6,-4.3,8.99,-3.14,-3.3900000000000006,-1.1599999999999997,3.5829736253564586
65.7,5.6,-4.3,9.11,-3.45,-3.51,-0.8499999999999996,3.6114540008146303
65.8,5.6,-4.3,8.87,-3.21,-3.2699999999999996,-1.0899999999999999,3.446882649583533
65.9,5.9,-4.2,8.91,-3.54,-3.01,-0.6600000000000001,3.0815093704222285
66.0,5.74,-4.36,9.01,-3.86,-3.2699999999999996,-0.5000000000000004,3.308005441349817
66.1,6.0200000000000005,-4.08,9.3,-4.03,-3.2800000000000002,-0.04999999999999982,3.2803810754240126
66.2,6.0200000000000005,-4.08,9.33,-3.7,-3.3099999999999996,-0.3799999999999999,3.3317412864746863
66.3,6.0200000000000005,-4.06,9.56,-3.46,-3.54,-0.5999999999999996,3.5904874320905233
66.4,6.0200000000000005,-4.06,9.81,-3.24,-3.79,-0.8199999999999994,3.8776926128820475
66.5,6.04,-4.02,9.48,-3.21,-3.4400000000000004,-0.8099999999999996,3.534076965771968
66.6,6.04,-4.04,9.28,-2.94,-3.2399999999999993,-1.1,3.421637035104687
66.7,6.04,-4.02,8.99,-3.1,-2.95,-0.9199999999999995,3.0901294471267704
66.8,6.2,-3.7,8.68,-2.96,-2.4799999999999995,-0.7400000000000002,2.588049458569136
66.9,6.24,-3.7,8.43,-2.74,-2.1899999999999995,-0.96,2.391171261118701
67.0,6.24,-3.9,8.46,-3.07,-2.2200000000000006,-0.8300000000000001,2.37008438668331
67.1,6.720000000000001,-3.7600000000000002,8.24,-3.32,-1.5199999999999996,-0.4400000000000004,1.5824032355881983
67.2,6.8,-3.62,8.49,-3.11,-1.6900000000000004,-0.5100000000000002,1.7652761823578773
67.3,6.8,-3.6,8.82,-3.18,-2.0200000000000005,-0.41999999999999993,2.063201395889408
67.4,6.8,-3.6,8.62,-3.44,-1.8199999999999994,-0.16000000000000014,1.8270194306574843
67.5,6.8,-3.6,8.35,-3.64,-1.5499999999999998,0.040000000000000036,1.5505160431288671
67.6,7.040000000000001,-3.6,8.05,-3.79,-1.0099999999999998,0.18999999999999995,1.0277159140540735
67.7,7.2,-3.62,8.28,-4.03,-1.0799999999999992,0.41000000000000014,1.1552056094046628
67.8,7.2,-3.6,8.57,-4.2,-1.37,0.6000000000000001,1.4956269588369957
67.9,7.2,-3.6,8.62,-4.53,-1.419999999999999,0.9300000000000002,1.6974392478082971
68.0,7.08,-3.66,8.74,-4.84,-1.6600000000000001,1.1799999999999997,2.0366639388961545
68.1,7.2,-3.6,8.61,-4.53,-1.4099999999999993,0.9300000000000002,1.6890825912311092
68.2,7.2,-3.6,8.93,-4.43,-1.7299999999999995,0.8299999999999996,1.9188017094009473
68.3,7.2,-3.6,8.79,-4.73,-1.589999999999999,1.1300000000000003,1.9506409203131154
68.4,7.2,-3.6,9.04,-4.51,-1.839999999999999,0.9099999999999997,2.0527298896834907
68.5,7.2,-3.6,9.07,-4.18,-1.87,0.5799999999999996,1.9578815081613086
68.6,7.2,-3.6,9.4,-4.13,-2.2,0.5299999999999998,2.2629405648403584
68.7,7.2,-3.6,9.67,-4.33,-2.4699999999999998,0.73,2.5756164310704337
68.8,7.2,-3.6,9.42,-4.55,-2.2199999999999998,0.9499999999999997,2.4147256572952545
68.9,7.2,-3.6,9.42,-4.21,-2.2199999999999998,0.6099999999999999,2.302281477143922
69.0,7.279999999999999,-3.78,9.35,-3.89,-2.0700000000000003,0.11000000000000032,2.072920644887305
69.1,7.2,-3.6,9.55,-4.16,-2.3500000000000005,0.56,2.4158021442162854
69.2,7.2,-3.6,9.25,-4.01,-2.05,0.4099999999999997,2.0905980005730416
69.3,7.2,-3.6,9.25,-3.67,-2.05,0.06999999999999984,2.0511947737842937
69.4,7.2,-3.6,9.33,-4.0,-2.13,0.3999999999999999,2.1672332592501435
69.5,7.2,-3.6,9.52,-3.72,-2.3199999999999994,0.1200000000000001,2.323101375317056
69.6,7.2,-3.6,9.38,-4.03,-2.1800000000000006,0.43000000000000016,2.2220036003571195
69.7,7.2,-3.6,9.7,-3.94,-2.499999999999999,0.33999999999999986,2.5230140705116955
69.8,7.2,-3.6,9.83,-3.63,-2.63,0.029999999999999805,2.6301710970961563
69.9,7.2,-3.6,10.15,-3.54,-2.95,-0.06000000000000005,2.9506101064017254
70.0,7.3,-3.7399999999999998,9.8,-3.46,-2.500000000000001,-0.2799999999999998,2.5156311335328962
70.1,7.44,-3.38,9.7,-3.14,-2.259999999999999,-0.23999999999999977,2.2727076362788057
70.2,7.6,-3.28,9.98,-2.97,-2.380000000000001,-0.3099999999999996,2.4001041644062044
70.3,7.6,-3.3,10.17,-3.25,-2.5700000000000003,-0.04999999999999982,2.5704863353069984
70.4,7.6,-3.3,9.71,-3.51,-2.110000000000001,0.20999999999999996,2.1204244858046715
70.5,7.82,-3.54,10.01,-3.38,-2.1899999999999995,-0.16000000000000014,2.1958369702689673
70.6,7.840000000000001,-3.5,9.14,-3.64,-1.2999999999999998,0.14000000000000012,1.3075167302944921
70.7,8.02,-3.56,8.91,-3.89,-0.8900000000000006,0.33000000000000007,0.9492101980067434
70.8,8.12,-3.78,8.82,-3.57,-0.7000000000000011,-0.20999999999999996,0.7308214556237395
70.9,8.239999999999998,-3.7399999999999998,9.11,-3.74,-0.870000000000001,4.440892098500626e-16,0.870000000000001
71.0,8.059999999999999,-3.62,9.44,-3.79,-1.3800000000000008,0.16999999999999993,1.3904315876734108
71.1,8.2,-3.7,9.25,-4.06,-1.0500000000000007,0.35999999999999943,1.1100000000000005
71.2,8.2,-3.7,9.19,-3.74,-0.9900000000000002,0.040000000000000036,0.9908077512817511
71.3,8.2,-3.7,9.47,-3.92,-1.2700000000000014,0.21999999999999975,1.288914271780712
71.4,8.2,-3.7,9.74,-4.11,-1.540000000000001,0.41000000000000014,1.593643623900903
71.5,8.2,-3.7,9.43,-4.23,-1.2300000000000004,0.5300000000000002,1.3393281898026344
71.6,8.2,-3.7,9.69,-4.44,-1.4900000000000002,0.7400000000000002,1.6636405861844081
71.7,8.2,-3.7,9.39,-4.59,-1.1900000000000013,0.8899999999999997,1.4860013458944115
71.8,8.2,-3.7,9.32,-4.92,-1.120000000000001,1.2199999999999998,1.6561400906928139
71.9,8.2,-3.7,9.05,-4.72,-0.8500000000000014,1.0199999999999996,1.3277424449041317
72.0,8.28,-3.72,9.29,-4.48,-1.0099999999999998,0.7600000000000002,1.2640015822774906
72.1,8.2,-3.7,9.13,-4.19,-0.9300000000000015,0.4900000000000002,1.0511898020814334
72.2,8.2,-3.7,9.06,-4.51,-0.8600000000000012,0.8099999999999996,1.1813974775662937
72.3,8.2,-3.7,9.29,-4.27,-1.0899999999999999,0.5699999999999994,1.230040649734796
72.4,8.7,-4.0200000000000005,9.06,-4.03,-0.3600000000000012,0.009999999999999787,0.36013886210738333
72.5,8.719999999999999,-4.14,9.33,-4.23,-0.6100000000000012,0.09000000000000075,0.6166036003787212
72.6,8.7,-4.1,9.66,-4.16,-0.9600000000000009,0.0600000000000005,0.9618731725128847
72.7,8.7,-4.1,9.58,-3.83,-0.8800000000000008,-0.2699999999999996,0.9204890004774643
72.8,8.7,-4.1,9.89,-3.7,-1.1900000000000013,-0.39999999999999947,1.2554282137979864
72.9,8.7,-4.1,9.63,-3.5,-0.9300000000000015,-0.5999999999999996,1.106752004741804
73.0,8.74,-4.08,9.7,-3.82,-0.9599999999999991,-0.26000000000000023,0.9945853407325076
73.1,8.7,-4.1,9.61,-4.14,-0.9100000000000001,0.040000000000000036,0.9108786966440704
73.2,8.7,-4.1,9.69,-3.82,-0.9900000000000002,-0.2799999999999998,1.0288342918079667
73.3,8.7,-4.1,10.01,-3.72,-1.3100000000000005,-0.37999999999999945,1.364001466274872
73.4,8.7,-4.1,9.12,-3.47,-0.41999999999999993,-0.6299999999999994,0.7571657678474373
73.5,8.7,-4.1,9.45,-3.42,-0.75,-0.6799999999999997,1.0123734488813896
73.6,8.7,-4.1,9.3,-3.72,-0.6000000000000014,-0.37999999999999945,0.7102112361825891
73.7,8.7,-4.1,8.97,-3.77,-0.27000000000000135,-0.3299999999999996,0.4263801121065574
73.8,8.9,-3.7600000000000002,8.85,-4.09,0.05000000000000071,0.3299999999999996,0.33376638536557246
73.9,8.9,-3.8,8.95,-3.77,-0.049999999999998934,-0.029999999999999805,0.05830951894845199
74.0,8.9,-3.9199999999999995,8.81,-3.46,0.08999999999999986,-0.4599999999999995,0.4687216658103181
74.1,8.9,-3.8,9.06,-3.24,-0.16000000000000014,-0.5599999999999996,0.5824087911424412
74.2,8.9,-3.8,8.81,-3.01,0.08999999999999986,-0.79,0.7951100552753688
74.3,8.9,-3.8,8.56,-3.23,0.33999999999999986,-0.5699999999999998,0.6637017402418045
74.4,8.9,-3.8,8.24,-3.14,0.6600000000000001,-0.6599999999999997,0.9333809511662426
74.5,8.9,-3.8,8.06,-3.43,0.8399999999999999,-0.36999999999999966,0.9178779875342907
74.6,8.9,-3.8,8.37,-3.55,0.5300000000000011,-0.25,0.5860034129593454
74.7,8.9,-3.8,8.4,-3.22,0.5,-0.5799999999999996,0.7657675887630656
74.8,8.9,-3.8,8.16,-3.45,0.7400000000000002,-0.34999999999999964,0.8185963596303125
74.9,8.9,-3.8,8.05,-3.13,0.8499999999999996,-0.6699999999999999,1.0823123393919147
75.0,8.76,-3.8200000000000003,7.73,-3.22,1.0299999999999994,-0.6000000000000001,1.1920151005754913
75.1,8.459999999999999,-3.7399999999999998,8.06,-3.28,0.3999999999999986,-0.45999999999999996,0.6095900261651258
75.2,8.62,-3.4200000000000004,7.98,-3.6,0.6399999999999988,0.17999999999999972,0.6648308055437853
75.3,8.2,-3.6,7.69,-3.44,0.5099999999999989,-0.16000000000000014,0.5345091205957098
75.4,8.2,-3.6,7.59,-3.12,0.6099999999999994,-0.48,0.7762087348130008
75.5,8.2,-3.6,7.34,-2.9,0.8599999999999994,-0.7000000000000002,1.1088733020503285
75.6,8.2,-3.6,7.63,-2.74,0.5699999999999994,-0.8599999999999999,1.0317460927960906
75.7,8.2,-3.6,7.89,-2.52,0.3099999999999996,-1.08,1.1236102527122116
75.8,8.2,-3.6,7.56,-2.46,0.6399999999999997,-1.1400000000000001,1.3073637596323373
75.9,8.2,-3.6,7.37,-2.74,0.8299999999999992,-0.8599999999999999,1.1951987282456413
76.0,8.260000000000002,-3.5799999999999996,7.69,-2.66,0.5700000000000012,-0.9199999999999995,1.0822661410207752
76.1,8.2,-3.6,7.83,-2.96,0.3699999999999992,-0.6400000000000001,0.7392563831310485
76.2,8.2,-3.6,7.68,-2.67,0.5199999999999996,-0.9300000000000002,1.0655045753069294
76.3,8.2,-3.6,7.71,-3.0,0.4899999999999993,-0.6000000000000001,0.7746612162745721
76.4,8.2,-3.6,7.45,-2.79,0.7499999999999991,-0.81,1.1039021695784454
76.5,8.2,-3.6,7.7,-2.58,0.4999999999999991,-1.02,1.1359577456930336
76.6,8.2,-3.6,7.52,-2.3,0.6799999999999997,-1.3000000000000003,1.4671059948074645
76.7,8.2,-3.6,7.75,-2.05,0.4499999999999993,-1.5500000000000003,1.6140012391568972
76.8,8.2,-3.6,8.01,-1.85,0.1899999999999995,-1.75,1.760284067984483
76.9,8.2,-3.6,8.19,-2.14,0.009999999999999787,-1.46,1.4600342461736984
77.0,8.120000000000001,-3.5799999999999996,8.01,-2.41,0.11000000000000121,-1.1699999999999995,1.1751595636338068
77.1,8.2,-3.6,7.69,-2.3,0.5099999999999989,-1.3000000000000003,1.3964598096615597
77.2,8.2,-3.6,7.94,-2.08,0.2599999999999989,-1.52,1.5420765220960986
77.3,8.2,-3.6,8.19,-2.31,0.009999999999999787,-1.29,1.2900387591076479
77.4,8.2,-3.6,8.14,-2.64,0.05999999999999872,-0.96,0.9618731725128837
77.5,8.2,-3.6,8.38,-2.87,-0.1800000000000015,-0.73,0.751864349467376
77.6,8.2,-3.6,8.54,-2.57,-0.33999999999999986,-1.0300000000000002,1.0846658471621573
77.7,8.2,-3.6,8.41,-2.88,-0.21000000000000085,-0.7200000000000002,0.7500000000000004
77.8,8.2,-3.6,8.08,-2.94,0.11999999999999922,-0.6600000000000001,0.6708203932499369
77.9,8.2,-3.6,7.77,-3.07,0.4299999999999997,-0.5300000000000002,0.6824954212300621
78.0,8.22,-3.5799999999999996,8.1,-3.13,0.120000000000001,-0.44999999999999973,0.4657252408878007
78.1,8.2,-3.6,7.83,-3.33,0.3699999999999992,-0.27,0.45803929962395085
78.2,8.2,-3.6,7.5,-3.38,0.6999999999999993,-0.2200000000000002,0.7337574531137651
78.3,8.2,-3.6,7.38,-3.69,0.8199999999999994,0.08999999999999986,0.8249242389456131
78.4,8.2,-3.6,7.27,-4.0,0.9299999999999997,0.3999999999999999,1.0123734488813894
78.5,8.2,-3.6,7.6,-4.07,0.5999999999999996,0.4700000000000002,0.7621679604916489
78.6,8.2,-3.6,7.32,-4.26,0.879999999999999,0.6599999999999997,1.099999999999999
78.7,8.2,-3.6,7.52,-3.99,0.6799999999999997,0.3900000000000001,0.7839005038906403
78.8,8.2,-3.6,7.71,-4.27,0.4899999999999993,0.6699999999999995,0.8300602387778845
78.9,8.2,-3.6,7.91,-4.54,0.28999999999999915,0.94,0.9837174391053558
79.0,8.2,-3.6799999999999997,7.67,-4.77,0.5299999999999994,1.0899999999999999,1.2120231020900547
79.1,8.2,-3.6,7.7,-4.44,0.4999999999999991,0.8400000000000003,0.9775479527879948
79.2,8.2,-3.6,7.36,-4.45,0.839999999999999,0.8500000000000001,1.1950313803411183
79.3,8.2,-3.6,7.61,-4.67,0.589999999999999,1.0699999999999998,1.2218837915284737
79.4,8.2,-3.6,7.87,-4.88,0.3299999999999992,1.2799999999999998,1.3218547575282236
79.5,8.2,-3.6,7.92,-5.21,0.27999999999999936,1.6099999999999999,1.634166454190025
79.6,8.2,-3.6,8.13,-5.47,0.06999999999999851,1.8699999999999997,1.8713097017864249
79.7,8.2,-3.6,8.3,-5.18,-0.10000000000000142,1.5799999999999996,1.5831613941730638
79.8,8.2,-3.6,8.16,-4.88,0.03999999999999915,1.2799999999999998,1.2806248474865694
79.9,8.2,-3.6,8.49,-4.86,-0.2900000000000009,1.2600000000000002,1.2929423807734053
80.0,8.219999999999999,-3.8,8.81,-4.95,-0.5900000000000016,1.1500000000000004,1.2925169244539905
80.1,8.2,-4.24,8.69,-4.64,-0.4900000000000002,0.39999999999999947,0.6325345840347386
80.2,8.18,-4.46,8.52,-4.93,-0.33999999999999986,0.46999999999999975,0.5800862004909267
80.3,8.1,-4.7,8.64,-5.24,-0.5400000000000009,0.54,0.7636753236814721
80.4,8.1,-4.7,8.42,-5.49,-0.3200000000000003,0.79,0.8523496934944016
80.5,8.1,-4.7,8.18,-5.71,-0.08000000000000007,1.0099999999999998,1.0131633629380798
80.6,8.1,-4.7,8.4,-5.96,-0.3000000000000007,1.2599999999999998,1.2952219886953742
80.7,8.1,-4.7,8.62,-5.71,-0.5199999999999996,1.0099999999999998,1.1360017605620156
80.8,8.1,-4.7,8.61,-6.05,-0.5099999999999998,1.3499999999999996,1.443121616496683
80.9,8.1,-4.7,8.29,-5.98,-0.1899999999999995,1.2800000000000002,1.2940247292845684
81.0,8.120000000000001,-4.68,8.59,-6.11,-0.46999999999999886,1.4300000000000006,1.5052574530624323
81.1,8.1,-4.7,8.26,-6.12,-0.16000000000000014,1.42,1.4289856542317
81.2,8.1,-4.7,8.44,-5.84,-0.33999999999999986,1.1399999999999997,1.1896217886370437
81.3,8.1,-4.7,8.22,-5.58,-0.120000000000001,0.8799999999999999,0.8881441324469808
81.4,8.1,-4.7,7.89,-5.54,0.20999999999999996,0.8399999999999999,0.8658521813797087
81.5,8.1,-4.7,7.61,-5.72,0.4899999999999993,1.0199999999999996,1.1315917991926234
81.6,8.1,-4.7,7.28,-5.67,0.8199999999999994,0.9699999999999998,1.2701574705523715
81.7,8.1,-4.7,6.98,-5.54,1.1199999999999992,0.8399999999999999,1.3999999999999992
81.8,8.1,-4.7,7.21,-5.78,0.8899999999999997,1.08,1.3994641831786905
81.9,8.1,-4.7,7.47,-5.58,0.6299999999999999,0.8799999999999999,1.0822661410207748
82.0,8.059999999999999,-4.86,7.76,-5.41,0.29999999999999893,0.5499999999999998,0.6264982043070827
82.1,7.88,-5.24,7.43,-5.43,0.4500000000000002,0.1899999999999995,0.4884669896727925
82.2,7.88,-5.26,7.73,-5.29,0.14999999999999947,0.03000000000000025,0.15297058540778308
82.3,7.94,-5.32,7.68,-5.62,0.2600000000000007,0.2999999999999998,0.3969886648255845
82.4,7.9,-5.3,7.39,-5.79,0.5100000000000007,0.4900000000000002,0.7072481884034776
82.5,7.9,-5.3,7.31,-5.47,0.5900000000000007,0.16999999999999993,0.6140032573203508
82.6,7.9,-5.3,7.4,-5.15,0.5,-0.14999999999999947,0.5220153254455274
82.7,7.9,-5.3,7.14,-5.35,0.7600000000000007,0.04999999999999982,0.7616429609731852
82.8,7.9,-5.3,7.32,-5.63,0.5800000000000001,0.33000000000000007,0.667308024828115
82.9,7.9,-5.3,7.15,-5.91,0.75,0.6100000000000003,0.9667471230885564
83.0,7.88,-5.38,7.41,-6.11,0.46999999999999975,0.7300000000000004,0.8682165628459297
83.1,7.9,-5.3,7.72,-6.22,0.1800000000000006,0.9199999999999999,0.9374433316206372
83.2,7.9,-5.3,8.0,-6.04,-0.09999999999999964,0.7400000000000002,0.7467261881037789
83.3,7.9,-5.3,8.33,-6.06,-0.4299999999999997,0.7599999999999998,0.8732124598286487
83.4,7.9,-5.3,8.02,-5.93,-0.11999999999999922,0.6299999999999999,0.6413267497929582
83.5,7.9,-5.3,8.29,-6.13,-0.3899999999999988,0.8300000000000001,0.9170605214488295
83.6,7.9,-5.3,7.96,-6.08,-0.05999999999999961,0.7800000000000002,0.782304288624318
83.7,7.9,-5.3,8.19,-6.33,-0.28999999999999915,1.0300000000000002,1.0700467279516348
83.8,7.9,-5.3,8.04,-6.03,-0.1399999999999988,0.7300000000000004,0.7433034373659254
83.9,7.9,-5.3,7.9,-6.33,0.0,1.0300000000000002,1.0300000000000002
84.0,7.8199999999999985,-5.42,8.05,-6.04,-0.2300000000000022,0.6200000000000001,0.6612866246946184
84.1,7.9,-5.3,7.74,-6.14,0.16000000000000014,0.8399999999999999,0.8551023330572779
84.2,7.9,-5.3,8.07,-6.17,-0.16999999999999993,0.8700000000000001,0.8864536084872124
84.3,7.9,-5.3,7.75,-6.08,0.15000000000000036,0.7800000000000002,0.7942921376924239
84.4,7.9,-5.3,8.03,-6.26,-0.129999999999999,0.96,0.9687620966986682
84.5,7.9,-5.3,8.29,-6.06,-0.3899999999999988,0.7599999999999998,0.8542247947700878
84.6,7.9,-5.3,7.99,-5.91,-0.08999999999999986,0.6100000000000003,0.6166036003787201
84.7,7.9,-5.3,8.19,-5.64,-0.28999999999999915,0.33999999999999986,0.4468780594300859
84.8,7.9,-5.3,7.88,-5.75,0.020000000000000462,0.4500000000000002,0.4504442251822085
84.9,7.9,-5.3,7.95,-6.08,-0.04999999999999982,0.7800000000000002,0.7816009211867655
85.0,7.959999999999999,-5.46,8.28,-6.05,-0.3200000000000003,0.5899999999999999,0.6711929677819933
85.1,7.88,-5.92,8.51,-6.29,-0.6299999999999999,0.3700000000000001,0.7306161783043131
85.2,7.9,-5.9,8.77,-6.5,-0.8699999999999992,0.5999999999999996,1.0568348972285113
85.3,7.9,-5.9,8.81,-6.17,-0.9100000000000001,0.2699999999999996,0.9492101980067429
85.4,7.9,-5.9,8.94,-5.86,-1.0399999999999991,-0.040000000000000036,1.040768946500614
85.5,7.9,-5.9,8.61,-5.88,-0.7099999999999991,-0.020000000000000462,0.7102816342831896
85.6,7.9,-5.9,8.93,-5.99,-1.0299999999999994,0.08999999999999986,1.033924562045026
85.7,7.9,-5.9,8.62,-5.87,-0.7199999999999989,-0.03000000000000025,0.7206247289678578
85.8,7.9,-5.9,8.3,-5.75,-0.40000000000000036,-0.15000000000000036,0.427200187265877
85.9,7.9,-5.9,8.27,-5.41,-0.3699999999999992,-0.4900000000000002,0.6140032573203498
86.0,7.94,-5.86,8.38,-5.1,-0.4400000000000004,-0.7600000000000007,0.8781799360040067
86.1,7.9,-5.9,8.26,-4.79,-0.35999999999999943,-1.1100000000000003,1.1669190203266036
86.2,7.9,-5.9,8.28,-4.46,-0.379999999999999,-1.4400000000000004,1.4892951352905173
86.3,7.9,-5.9,8.6,-4.56,-0.6999999999999993,-1.3400000000000007,1.511820095117141
86.4,7.9,-5.9,8.92,-4.47,-1.0199999999999996,-1.4300000000000006,1.7565022060902744
86.5,7.9,-5.9,8.68,-4.7,-0.7799999999999994,-1.2000000000000002,1.4312232530251874
86.6,7.9,-5.9,8.37,-4.83,-0.46999999999999886,-1.0700000000000003,1.1686744627996282
86.7,7.9,-5.9,8.26,-4.52,-0.35999999999999943,-1.3800000000000008,1.4261837188805662
86.8,7.9,-5.9,8.09,-4.81,-0.1899999999999995,-1.0900000000000007,1.106435718873899
86.9,7.9,-5.9,8.26,-5.1,-0.35999999999999943,-0.8000000000000007,0.8772684879784528
87.0,7.9,-5.88,8.43,-4.81,-0.5299999999999994,-1.0700000000000003,1.1940686747419513
87.1,7.9,-5.9,8.14,-4.97,-0.2400000000000002,-0.9300000000000006,0.9604686356149279
87.2,7.9,-5.9,7.9,-5.2,0.0,-0.7000000000000002,0.7000000000000002
87.3,7.9,-5.9,7.94,-5.53,-0.040000000000000036,-0.3700000000000001,0.37215588131856797
87.4,7.9,-5.9,8.28,-5.55,-0.379999999999999,-0.35000000000000053,0.5166236541235792
87.5,7.9,-5.9,8.55,-5.36,-0.6500000000000004,-0.54,0.8450443775329202
87.6,7.9,-5.9,8.5,-5.03,-0.5999999999999996,-0.8700000000000001,1.0568348972285122
87.7,7.9,-5.9,8.83,-5.01,-0.9299999999999997,-0.8900000000000006,1.287245120402482
87.8,7.9,-5.9,8.82,-5.35,-0.9199999999999999,-0.5500000000000007,1.0718675291284836
87.9,7.9,-5.9,8.72,-5.66,-0.8200000000000003,-0.2400000000000002,0.8544003745317534
88.0,7.959999999999999,-5.88,9.02,-5.51,-1.0600000000000005,-0.3700000000000001,1.1227199116431494
88.1,7.9,-5.9,9.25,-5.28,-1.3499999999999996,-0.6200000000000001,1.4855638660118249
88.2,7.9,-5.9,9.33,-5.61,-1.4299999999999997,-0.29000000000000004,1.4591093173576815
88.3,7.9,-5.9,9.47,-5.91,-1.5700000000000003,0.009999999999999787,1.5700318468107586
88.4,7.9,-5.9,9.16,-5.78,-1.2599999999999998,-0.1200000000000001,1.265701386583739
88.5,7.9,-5.9,9.42,-5.57,-1.5199999999999996,-0.33000000000000007,1.555409913816933
88.6,7.9,-5.9,9.6,-5.85,-1.6999999999999993,-0.05000000000000071,1.7007351351694941
88.7,7.9,-5.9,9.77,-5.56,-1.8699999999999992,-0.34000000000000075,1.9006577808748206
88.8,7.9,-5.9,9.66,-5.87,-1.7599999999999998,-0.03000000000000025,1.7602556632489497
88.9,7.9,-5.9,9.4,-5.67,-1.5,-0.23000000000000043,1.5175308893067054
89.0,7.959999999999999,-5.86,9.55,-5.96,-1.5900000000000016,0.09999999999999964,1.5931415505221138
89.1,7.9,-5.9,9.55,-6.29,-1.6500000000000004,0.3899999999999997,1.6954645381133753
89.2,7.9,-5.9,9.4,-6.59,-1.5,0.6899999999999995,1.6510905486980414
89.3,7.9,-5.9,9.43,-6.93,-1.5299999999999994,1.0299999999999994,1.844396920405149
89.4,7.9,-5.9,9.74,-7.05,-1.8399999999999999,1.1499999999999995,2.1698156603730183
89.5,7.9,-5.9,9.61,-7.35,-1.709999999999999,1.4499999999999993,2.242008028531565
89.6,7.9,-5.9,9.85,-7.12,-1.9499999999999993,1.2199999999999998,2.3001956438529305
89.7,7.9,-5.9,10.03,-7.41,-2.129999999999999,1.5099999999999998,2.6109385285755
89.8,7.9,-5.9,9.61,-7.18,-1.709999999999999,1.2799999999999994,2.1360009363293817
89.9,7.9,-5.9,9.83,-6.93,-1.9299999999999997,1.0299999999999994,2.1876471379086704
90.0,8.02,-5.9799999999999995,10.16,-7.0,-2.1400000000000006,1.0200000000000005,2.3706539182259405
90.1,8.2,-6.24,9.65,-7.29,-1.450000000000001,1.0499999999999998,1.7902513789968164
90.2,8.219999999999999,-6.460000000000001,9.88,-7.53,-1.660000000000002,1.0699999999999994,1.9749683541768475
90.3,8.2,-6.4,10.11,-7.77,-1.9100000000000001,1.3699999999999992,2.3505318547086316
90.4,8.2,-6.4,9.61,-7.48,-1.4100000000000001,1.08,1.7760912138738822
90.5,8.4,-6.62,9.94,-7.47,-1.5399999999999991,0.8499999999999996,1.7590054007876146
90.6,8.4,-6.6,10.06,-7.78,-1.6600000000000001,1.1800000000000006,2.036663938896155
90.7,8.4,-6.6,9.58,-8.05,-1.1799999999999997,1.450000000000001,1.869465164157921
90.8,8.4,-6.6,9.27,-8.17,-0.8699999999999992,1.5700000000000003,1.794937324811092
90.9,8.4,-6.6,9.24,-7.83,-0.8399999999999999,1.2300000000000004,1.4894629904767693
91.0,8.42,-6.74,8.99,-8.05,-0.5700000000000003,1.3100000000000005,1.4286357128393514
91.1,8.62,-6.94,9.23,-8.28,-0.6100000000000012,1.339999999999999,1.4723111084278344
91.2,8.6,-6.9,8.92,-8.4,-0.3200000000000003,1.5,1.5337535656030274
91.3,8.6,-6.9,8.59,-8.35,0.009999999999999787,1.4499999999999993,1.4500344823486089
91.4,8.84,-7.220000000000001,8.67,-8.02,0.16999999999999993,0.7999999999999989,0.8178630692236925
91.5,9.02,-7.3,8.37,-7.89,0.6500000000000004,0.5899999999999999,0.87783825389419
91.6,8.86,-7.32,8.1,-8.08,0.7599999999999998,0.7599999999999998,1.074802307403552
91.7,8.9,-7.3,7.82,-8.26,1.08,0.96,1.4449913494550755
91.8,8.9,-7.3,8.07,-8.04,0.8300000000000001,0.7399999999999993,1.1119802156513392
91.9,8.9,-7.3,7.74,-8.01,1.1600000000000001,0.71,1.3600367642089681
92.0,8.82,-7.26,7.67,-7.68,1.1500000000000004,0.41999999999999993,1.2242957159118057
92.1,8.9,-7.3,7.45,-7.93,1.4500000000000002,0.6299999999999999,1.5809490820390137
92.2,8.9,-7.3,7.68,-7.69,1.2200000000000006,0.39000000000000057,1.2808200498118392
92.3,8.9,-7.3,7.96,-7.87,0.9400000000000004,0.5700000000000003,1.0993179703798173
92.4,8.5,-7.6,7.99,-7.54,0.5099999999999998,-0.05999999999999961,0.5135172830587104
92.5,8.459999999999999,-7.62,8.3,-7.64,0.15999999999999837,0.019999999999999574,0.16124515496596933
92.6,8.260000000000002,-7.74,8.62,-7.75,-0.35999999999999766,0.009999999999999787,0.3601388621073798
92.7,8.280000000000001,-7.720000000000001,8.34,-7.94,-0.05999999999999872,0.21999999999999975,0.228035085019827
92.8,8.260000000000002,-7.779999999999999,8.02,-8.03,0.240000000000002,0.25,0.34655446902327053
92.9,8.1,-8.1,8.33,-7.9,-0.23000000000000043,-0.1999999999999993,0.3047950130825633
93.0,8.4,-7.88,8.39,-8.23,0.009999999999999787,0.35000000000000053,0.35014282800023244
93.1,8.42,-7.9799999999999995,8.12,-8.43,0.3000000000000007,0.4500000000000002,0.540832691319599
93.2,8.2,-8.4,7.92,-8.17,0.27999999999999936,-0.23000000000000043,0.36235341863986853
93.3,8.2,-8.4,7.65,-8.36,0.5499999999999989,-0.040000000000000924,0.5514526271584885
93.4,8.2,-8.4,7.4,-8.14,0.7999999999999989,-0.2599999999999998,0.8411896337925225
93.5,8.2,-8.4,7.65,-7.92,0.5499999999999989,-0.4800000000000004,0.7299999999999995
93.6,8.2,-8.4,7.82,-7.63,0.379999999999999,-0.7700000000000005,0.8586617494683224
93.7,8.2,-8.4,7.57,-7.42,0.629999999999999,-0.9800000000000004,1.1650321883965264
93.8,8.2,-8.4,7.24,-7.5,0.9599999999999991,-0.9000000000000004,1.3159027319676782
93.9,8.2,-8.4,6.94,-7.63,1.259999999999999,-0.7700000000000005,1.4766516176810285
94.0,8.16,-8.4,7.27,-7.66,0.8900000000000006,-0.7400000000000002,1.1574541027617473
94.1,8.9,-7.3,7.27,-7.33,1.6300000000000008,0.03000000000000025,1.630276050244253
94.2,8.9,-7.3,6.94,-7.25,1.96,-0.04999999999999982,1.9606376513777348
94.3,8.9,-7.3,6.87,-7.58,2.0300000000000002,0.28000000000000025,2.049219363562623
94.4,8.9,-7.3,6.78,-7.9,2.12,0.6000000000000005,2.203270296627266
94.5,8.9,-7.3,6.83,-8.22,2.0700000000000003,0.9200000000000008,2.265237294413105
94.6,8.9,-7.3,7.09,-8.02,1.8100000000000005,0.7199999999999998,1.9479476378999518
94.7,8.9,-7.3,7.0,-8.34,1.9000000000000004,1.04,2.1660101569475616
94.8,8.9,-7.3,6.69,-8.22,2.21,0.9200000000000008,2.393846277437213
94.9,8.9,-7.3,6.86,-8.5,2.04,1.2000000000000002,2.3667699507979223
95.0,8.66,-7.5,7.11,-8.73,1.5499999999999998,1.2300000000000004,1.9787369708983558
95.1,8.1,-7.62,7.39,-8.91,0.71,1.29,1.4724808997063425
95.2,8.08,-7.74,7.72,-8.9,0.3600000000000003,1.1600000000000001,1.2145781160551183
95.3,7.959999999999999,-7.9,7.51,-9.16,0.4499999999999993,1.2599999999999998,1.337946187258665
95.4,7.959999999999999,-7.9,7.72,-9.42,0.23999999999999932,1.5199999999999996,1.5388307249337072
95.5,8.0,-7.9,7.76,-9.75,0.2400000000000002,1.8499999999999996,1.8655026132385875
95.6,8.0,-7.9,7.52,-9.51,0.4800000000000004,1.6099999999999994,1.6800297616411437
95.7,8.0,-7.9,7.51,-9.85,0.4900000000000002,1.9499999999999993,2.010621794371084
95.8,8.0,-7.9,7.34,-9.56,0.6600000000000001,1.6600000000000001,1.7863930138690087
95.9,8.0,-7.9,7.04,-9.42,0.96,1.5199999999999996,1.7977764043395381
96.0,8.02,-7.919999999999999,7.35,-9.53,0.6699999999999999,1.6100000000000003,1.7438463235044541
96.1,8.0,-7.9,7.23,-9.84,0.7699999999999996,1.9399999999999995,2.0872230355187242
96.2,8.0,-7.9,7.33,-9.52,0.6699999999999999,1.6199999999999992,1.7530829986055987
96.3,8.0,-7.9,7.61,-9.34,0.3899999999999997,1.4399999999999995,1.4918780110987622
96.4,8.0,-7.9,7.29,-9.42,0.71,1.5199999999999996,1.6776471619503306
96.5,8.0,-7.9,7.27,-9.75,0.7300000000000004,1.8499999999999996,1.9888187448835049
96.6,8.0,-7.9,7.53,-9.54,0.46999999999999975,1.6399999999999988,1.7060187572239631
96.7,8.0,-7.9,7.27,-9.75,0.7300000000000004,1.8499999999999996,1.9888187448835049
96.8,8.0,-7.9,7.01,-9.96,0.9900000000000002,2.0600000000000005,2.2855415113272395
96.9,8.0,-7.9,7.22,-10.22,0.7800000000000002,2.3200000000000003,2.44761108021679
97.0,8.0,-8.08,6.91,-9.68,1.0899999999999999,1.5999999999999996,1.9360010330575752
97.1,8.0,-7.9,7.09,-9.4,0.9100000000000001,1.5,1.7544514812328098
97.2,8.0,-7.9,7.1,-9.73,0.9000000000000004,1.83,2.039338127922881
97.3,8.0,-7.9,6.92,-9.46,1.08,1.5600000000000005,1.897366596101028
97.4,8.0,-7.9,6.64,-9.27,1.3600000000000003,1.3699999999999992,1.930414463269481
97.5,8.0,-7.9,6.41,-9.51,1.5899999999999999,1.6099999999999994,2.2627858935392005
97.6,8.0,-7.9,6.3,-9.83,1.7000000000000002,1.9299999999999997,2.5719447894540814
97.7,8.0,-7.9,6.31,-10.16,1.6900000000000004,2.26,2.8220028348674635
97.8,8.0,-7.9,6.5,-9.77,1.5,1.8699999999999992,2.3972692798265274
97.9,8.0,-7.9,6.37,-10.08,1.63,2.1799999999999997,2.722002939013843
98.0,7.9799999999999995,-8.059999999999999,6.61,-9.17,1.3699999999999992,1.1100000000000012,1.7632356620712957
98.1,8.0,-7.9,6.87,-8.98,1.13,1.08,1.563105882530035
98.2,7.7,-8.42,6.94,-9.3,0.7599999999999998,0.8800000000000008,1.1627553482998911
98.3,7.7,-8.459999999999999,7.16,-9.05,0.54,0.5900000000000016,0.7998124780221936
98.4,7.7,-8.719999999999999,6.97,-8.78,0.7300000000000004,0.0600000000000005,0.7324616030891999
98.5,7.459999999999999,-8.58,6.64,-8.76,0.8199999999999994,0.17999999999999972,0.8395236744726136
98.6,7.7,-8.7,6.86,-9.01,0.8399999999999999,0.3100000000000005,0.895377015563835
98.7,7.7,-8.7,6.8,-8.68,0.9000000000000004,-0.019999999999999574,0.9002221947941522
98.8,7.7,-8.7,6.48,-8.78,1.2199999999999998,0.08000000000000007,1.2226201372462338
98.9,7.7,-8.7,6.47,-9.11,1.2300000000000004,0.41000000000000014,1.2965338406690359
99.0,7.62,-8.64,6.51,-8.78,1.1100000000000003,0.1399999999999988,1.1187939935484104
99.1,7.7,-8.7,6.43,-9.11,1.2700000000000005,0.41000000000000014,1.3345411196362595
99.2,7.7,-8.7,6.58,-8.81,1.12,0.11000000000000121,1.1253888216967505
99.3,7.7,-8.7,6.35,-8.56,1.3500000000000005,-0.1399999999999988,1.357239846158372
99.4,7.7,-8.7,6.38,-8.89,1.3200000000000003,0.19000000000000128,1.3336041391657425
99.5,7.7,-8.7,6.18,-8.63,1.5200000000000005,-0.06999999999999851,1.5216109883935516
99.6,7.7,-8.7,6.04,-8.33,1.6600000000000001,-0.3699999999999992,1.7007351351694948
99.7,7.7,-8.7,5.82,-8.58,1.88,-0.11999999999999922,1.8838258942906585
99.8,7.7,-8.7,6.07,-8.36,1.63,-0.33999999999999986,1.6650825805346712
99.9,7.7,-8.7,5.75,-8.26,1.9500000000000002,-0.4399999999999995,1.9990247622278219
