Time,ID,Measurement,x,y,Ni,Linear Coverage,Abs(zi-z_goal)/range
0.0,25,0.0,-16.0,3.5,,,0.277
0.1,25,0.0,-16.0,3.4,0.0,22.568,0.277
0.2,25,0.0,-16.0,3.4,0.0,22.568,0.277
0.3,25,0.0,-16.1,3.4,0.0,22.568,0.277
0.4,25,0.0,-16.0,3.5,0.0,22.568,0.277
0.5,25,0.0,-16.1,3.5,0.0,22.568,0.277
0.6,25,0.0,-16.1,3.5,0.0,22.568,0.277
0.7,25,0.0,-16.1,3.5,0.0,22.568,0.277
0.8,25,0.0,-16.1,3.4,0.0,22.568,0.277
0.9,25,0.0,-16.1,3.5,0.0,22.568,0.277
1.0,25,0.0,-16.0,3.5,0.0,22.568,0.277
1.1,25,0.0,-16.0,3.6,0.0,22.568,0.277
1.2,25,0.0,-16.0,3.6,0.0,22.568,0.277
1.3,25,0.0,-15.8,3.4,0.0,22.568,0.277
1.4,25,0.0,-15.7,3.2,0.0,22.568,0.277
1.5,25,0.0,-15.6,3.1,0.0,22.568,0.277
1.6,25,0.0,-15.5,3.0,0.0,22.568,0.277
1.7,25,0.001,-15.4,2.9,0.0,22.568,0.276
1.8,25,0.001,-15.2,2.6,0.0,22.568,0.276
1.9,25,0.002,-15.2,2.4,0.0,22.568,0.276
2.0,25,0.004,-15.1,2.3,0.0,22.568,0.275
2.1,25,0.006,-14.9,2.1,0.0,22.568,0.275
2.2,25,0.01,-14.8,1.8,0.0,22.568,0.274
2.3,25,0.015,-14.6,1.5,0.0,22.568,0.272
2.4,25,0.021,-14.5,1.4,0.0,22.568,0.271
2.5,25,0.028,-14.4,1.4,0.0,22.568,0.269
2.6,25,0.036,-14.2,1.3,0.0,22.568,0.267
2.7,25,0.046,-14.1,1.2,0.0,22.568,0.264
2.8,25,0.058,-14.0,0.9,0.0,22.568,0.261
2.9,25,0.072,-13.9,0.7,0.0,22.568,0.257
3.0,25,0.087,-13.7,0.6,0.0,22.568,0.252
3.1,25,0.102,-13.6,0.5,0.0,22.568,0.248
3.2,25,0.118,-13.5,0.4,0.0,22.568,0.244
3.3,25,0.136,-13.3,0.3,0.0,22.568,0.239
3.4,25,0.154,-13.2,0.3,0.0,22.568,0.234
3.5,25,0.176,-13.1,0.0,0.0,22.568,0.228
3.6,25,0.198,-13.0,-0.1,0.0,22.568,0.222
3.7,25,0.222,-12.8,-0.3,0.0,22.568,0.215
3.8,25,0.249,-12.7,-0.6,0.0,22.568,0.208
3.9,25,0.274,-12.6,-0.7,0.0,22.568,0.201
4.0,25,0.298,-12.4,-0.8,0.0,22.568,0.194
4.1,25,0.323,-12.4,-0.9,0.0,22.568,0.187
4.2,25,0.35,-12.2,-0.9,0.0,22.568,0.18
4.3,25,0.377,-12.0,-0.9,0.0,22.568,0.172
4.4,25,0.409,-11.8,-1.1,0.0,22.568,0.163
4.5,25,0.444,-11.6,-1.3,0.0,22.568,0.154
4.6,25,0.481,-11.4,-1.5,0.0,22.568,0.144
4.7,25,0.519,-11.2,-1.6,0.0,22.568,0.133
4.8,25,0.551,-11.0,-1.7,0.0,22.568,0.124
4.9,25,0.591,-10.8,-1.8,0.0,22.568,0.113
5.0,25,0.626,-10.7,-1.9,0.0,22.568,0.103
5.1,25,0.659,-10.5,-2.0,0.0,22.568,0.094
5.2,25,0.692,-10.4,-2.1,0.0,22.568,0.085
5.3,25,0.724,-10.2,-2.1,0.0,22.568,0.076
5.4,25,0.757,-10.1,-2.1,0.0,22.568,0.067
5.5,25,0.799,-9.9,-2.3,0.0,22.568,0.056
5.6,25,0.833,-9.8,-2.4,0.0,22.568,0.046
5.7,25,0.877,-9.6,-2.6,0.0,22.568,0.034
5.8,25,0.913,-9.4,-2.7,0.0,22.568,0.024
5.9,25,0.946,-9.3,-2.8,0.0,22.568,0.015
6.0,25,0.984,-9.3,-3.0,0.0,22.568,0.004
6.1,25,1.01,-9.4,-3.1,0.0,22.568,0.003
6.2,25,1.041,-9.4,-3.2,0.0,22.568,0.011
6.3,25,1.06,-9.4,-3.2,0.0,22.568,0.017
6.4,25,1.075,-9.4,-3.1,0.0,22.568,0.021
6.5,25,1.105,-9.4,-3.2,0.0,22.568,0.029
6.6,25,1.123,-9.5,-3.2,0.0,22.568,0.034
6.7,25,1.153,-9.4,-3.3,0.0,22.568,0.042
6.8,25,1.184,-9.3,-3.3,0.0,22.568,0.051
6.9,25,1.202,-9.3,-3.3,0.0,22.568,0.056
7.0,25,1.219,-9.3,-3.2,0.0,22.568,0.061
7.1,25,1.235,-9.3,-3.2,0.0,22.568,0.065
7.2,25,1.253,-9.3,-3.1,0.0,22.568,0.07
7.3,25,1.27,-9.3,-3.0,0.0,22.568,0.075
7.4,25,1.286,-9.3,-3.0,0.0,22.568,0.079
7.5,25,1.318,-9.3,-3.0,0.0,22.568,0.088
7.6,25,1.337,-9.3,-3.0,0.0,22.568,0.093
7.7,25,1.37,-9.3,-3.1,0.0,22.568,0.102
7.8,25,1.406,-9.3,-3.2,0.0,22.568,0.112
7.9,25,1.439,-9.4,-3.3,0.0,22.568,0.121
8.0,25,1.475,-9.3,-3.4,0.0,22.568,0.131
8.1,25,1.511,-9.4,-3.5,0.0,22.568,0.141
8.2,25,1.532,-9.2,-3.5,0.0,22.568,0.147
8.3,25,1.565,-9.1,-3.6,0.0,22.568,0.156
8.4,25,1.583,-8.9,-3.6,0.0,22.568,0.161
8.5,25,1.595,-8.8,-3.5,0.0,22.568,0.165
8.6,25,1.605,-8.6,-3.4,0.0,22.568,0.167
8.7,25,1.627,-8.4,-3.5,0.0,22.568,0.173
8.8,25,1.634,-8.3,-3.4,0.0,22.568,0.175
8.9,25,1.641,-8.0,-3.4,0.0,22.568,0.177
9.0,25,1.643,-7.9,-3.4,0.0,22.568,0.178
9.1,25,1.643,-7.7,-3.3,0.0,22.568,0.178
9.2,25,1.639,-7.4,-3.2,0.0,22.568,0.177
9.3,25,1.65,-7.2,-3.3,0.0,22.568,0.18
9.4,25,1.66,-7.1,-3.4,0.0,22.568,0.183
9.5,25,1.668,-6.9,-3.5,0.0,22.568,0.185
9.6,25,1.663,-6.7,-3.4,0.0,22.568,0.183
9.7,25,1.648,-6.6,-3.3,0.0,22.568,0.179
9.8,25,1.632,-6.5,-3.1,0.0,22.568,0.175
9.9,25,1.61,-6.4,-2.9,0.0,22.568,0.169
10.0,25,1.591,-6.3,-2.7,0.0,22.568,0.163
10.1,25,1.584,-6.2,-2.7,0.0,22.568,0.162
10.2,25,1.565,-6.2,-2.5,0.0,22.568,0.156
10.3,25,1.543,-6.0,-2.3,0.0,22.568,0.15
10.4,25,1.52,-5.9,-2.1,0.0,22.568,0.144
10.5,25,1.498,-5.7,-1.9,0.0,22.568,0.138
10.6,25,1.49,-5.6,-1.8,0.0,22.568,0.136
10.7,25,1.479,-5.5,-1.8,0.0,22.568,0.132
10.8,25,1.475,-5.4,-1.8,0.0,22.568,0.131
10.9,25,1.47,-5.3,-1.8,0.0,22.568,0.13
11.0,25,1.466,-5.2,-1.8,0.0,22.568,0.129
11.1,25,1.452,-4.9,-1.7,0.0,22.568,0.125
11.2,25,1.445,-4.8,-1.7,0.0,22.568,0.123
11.3,25,1.436,-4.7,-1.7,0.0,22.568,0.121
11.4,25,1.417,-4.6,-1.5,0.0,22.568,0.115
11.5,25,1.405,-4.5,-1.4,0.0,22.568,0.112
11.6,25,1.387,-4.3,-1.2,0.0,22.568,0.107
11.7,25,1.379,-4.1,-1.3,0.0,22.568,0.105
11.8,25,1.375,-4.0,-1.3,0.0,22.568,0.104
11.9,25,1.361,-3.8,-1.3,0.0,22.568,0.1
12.0,25,1.353,-3.6,-1.3,0.0,22.568,0.098
12.1,25,1.343,-3.5,-1.3,0.0,22.568,0.095
12.2,25,1.328,-3.3,-1.2,0.0,22.568,0.091
12.3,25,1.314,-3.1,-1.2,0.0,22.568,0.087
12.4,25,1.306,-3.0,-1.3,0.0,22.568,0.085
12.5,25,1.303,-2.8,-1.4,0.0,22.568,0.084
12.6,25,1.292,-2.7,-1.4,0.0,22.568,0.081
12.7,25,1.277,-2.4,-1.4,0.0,22.568,0.077
12.8,25,1.262,-2.2,-1.4,0.0,22.568,0.072
12.9,25,1.247,-1.9,-1.4,0.0,22.568,0.068
13.0,25,1.234,-1.8,-1.4,0.0,22.568,0.065
13.1,25,1.224,-1.6,-1.5,0.0,22.568,0.062
13.2,25,1.219,-1.4,-1.6,0.0,22.568,0.061
13.3,25,1.215,-1.3,-1.7,0.0,22.568,0.059
13.4,25,1.204,-1.1,-1.8,0.0,22.568,0.056
13.5,25,1.188,-0.9,-1.8,0.0,22.568,0.052
13.6,25,1.179,-0.8,-1.8,0.0,22.568,0.05
13.7,25,1.165,-0.6,-1.8,0.0,22.568,0.046
13.8,25,1.157,-0.5,-1.8,0.0,22.568,0.043
13.9,25,1.141,-0.3,-1.8,0.0,22.568,0.039
14.0,25,1.132,-0.2,-1.8,0.0,22.568,0.037
14.1,25,1.116,0.0,-1.8,0.0,22.568,0.032
14.2,25,1.098,0.2,-1.7,0.0,22.568,0.027
14.3,25,1.084,0.3,-1.5,0.0,22.568,0.023
14.4,25,1.067,0.5,-1.3,0.0,22.568,0.019
14.5,25,1.057,0.6,-1.2,0.0,22.568,0.016
14.6,25,1.05,0.6,-1.0,0.0,22.568,0.014
14.7,25,1.042,0.6,-0.9,0.0,22.568,0.012
14.8,25,1.028,0.8,-0.9,0.0,22.568,0.008
14.9,25,1.019,0.8,-0.8,0.0,22.568,0.005
15.0,25,1.008,0.9,-0.8,0.0,22.568,0.002
15.1,25,1.001,1.0,-0.8,0.0,22.568,0.0
15.2,25,0.989,1.2,-0.8,0.0,22.568,0.003
15.3,25,0.985,1.1,-0.8,0.0,22.568,0.004
15.4,25,0.988,1.0,-0.9,0.0,22.568,0.003
15.5,25,0.994,0.8,-1.1,0.0,22.568,0.002
15.6,25,0.988,0.8,-1.1,0.0,22.568,0.003
15.7,25,0.98,0.9,-1.1,0.0,22.568,0.006
15.8,25,0.98,0.8,-1.2,0.0,22.568,0.006
15.9,25,0.982,0.7,-1.3,0.0,22.568,0.005
16.0,25,0.983,0.6,-1.3,0.0,22.568,0.005
16.1,25,0.983,0.5,-1.3,0.0,22.568,0.005
16.2,25,0.98,0.4,-1.1,0.0,22.568,0.006
16.3,25,0.988,0.1,-1.0,0.0,22.568,0.003
16.4,25,0.991,0.0,-1.1,0.0,22.568,0.002
16.5,25,0.985,0.1,-1.2,0.0,22.568,0.004
16.6,25,0.986,-0.0,-1.4,0.0,22.568,0.004
16.7,25,0.988,-0.1,-1.5,0.0,22.568,0.003
16.8,25,0.989,-0.2,-1.6,0.0,22.568,0.003
16.9,25,0.991,-0.3,-1.7,0.0,22.568,0.002
17.0,25,0.986,-0.2,-1.7,0.0,22.568,0.004
17.1,25,0.991,-0.4,-2.0,0.0,22.568,0.002
17.2,25,0.994,-0.5,-2.0,0.0,22.568,0.002
17.3,25,0.994,-0.5,-2.1,0.0,22.568,0.002
17.4,25,0.982,-0.4,-2.2,0.0,22.568,0.005
17.5,25,0.987,-0.5,-2.5,0.0,22.568,0.004
17.6,25,0.996,-0.8,-2.7,0.0,22.568,0.001
17.7,25,0.992,-0.8,-2.7,0.0,22.568,0.002
17.8,25,0.991,-0.8,-2.8,0.0,22.568,0.002
17.9,25,0.99,-0.9,-3.0,0.0,22.568,0.003
18.0,25,0.976,-0.7,-3.0,0.0,22.568,0.007
18.1,25,0.971,-0.6,-3.2,0.0,22.568,0.008
18.2,25,0.97,-0.7,-3.4,0.0,22.568,0.008
18.3,25,0.977,-1.0,-3.4,0.0,22.568,0.006
18.4,25,0.978,-1.1,-3.5,0.0,22.568,0.006
18.5,25,0.978,-1.2,-3.6,0.0,22.568,0.006
18.6,25,0.985,-1.4,-3.7,0.0,22.568,0.004
18.7,25,0.992,-1.7,-3.8,0.0,22.568,0.002
18.8,25,0.988,-1.7,-3.7,0.0,22.568,0.003
18.9,25,0.985,-1.7,-3.9,0.0,22.568,0.004
19.0,25,0.99,-2.0,-4.0,0.0,22.568,0.003
19.1,25,0.985,-2.0,-4.1,0.0,22.568,0.004
19.2,25,0.976,-1.9,-4.2,0.0,22.568,0.007
19.3,25,0.972,-2.0,-4.3,0.0,22.568,0.008
19.4,25,0.968,-2.1,-4.5,0.0,22.568,0.009
19.5,25,0.966,-2.2,-4.5,0.0,22.568,0.009
19.6,25,0.963,-2.2,-4.6,0.0,22.568,0.01
19.7,25,0.964,-2.5,-4.7,0.0,22.568,0.01
19.8,25,0.968,-2.7,-4.8,0.0,22.568,0.009
19.9,25,0.971,-2.9,-4.9,0.0,22.568,0.008
20.0,25,0.966,-3.0,-5.0,0.0,22.568,0.009
20.1,25,0.968,-3.2,-5.1,0.0,22.568,0.009
20.2,25,0.963,-3.3,-5.2,0.0,22.568,0.01
20.3,25,0.958,-3.5,-5.4,0.0,22.568,0.012
20.4,25,0.958,-3.7,-5.5,0.0,22.568,0.012
20.5,25,0.952,-3.8,-5.7,0.0,22.568,0.013
20.6,25,0.953,-4.0,-5.7,0.0,22.568,0.013
20.7,25,0.954,-4.2,-5.8,0.0,22.568,0.013
20.8,25,0.949,-4.4,-6.0,0.0,22.568,0.014
20.9,25,0.948,-4.6,-6.1,0.0,22.568,0.014
21.0,25,0.949,-4.9,-6.2,0.0,22.568,0.014
21.1,25,0.947,-5.1,-6.4,0.0,22.568,0.015
21.2,25,0.941,-5.2,-6.5,0.0,22.568,0.016
21.3,25,0.939,-5.3,-6.4,0.0,22.568,0.017
21.4,25,0.937,-5.3,-6.3,0.0,22.568,0.017
21.5,25,0.928,-5.3,-6.3,0.0,22.568,0.02
21.6,25,0.92,-5.2,-6.3,0.0,22.568,0.022
21.7,25,0.917,-5.2,-6.3,0.0,22.568,0.023
21.8,25,0.912,-5.2,-6.2,0.0,22.568,0.024
21.9,25,0.91,-5.2,-6.1,0.0,22.568,0.025
22.0,25,0.906,-5.2,-6.0,0.0,22.568,0.026
22.1,25,0.896,-5.1,-6.0,0.0,22.568,0.029
22.2,25,0.892,-5.1,-5.9,0.0,22.568,0.03
22.3,25,0.884,-5.1,-5.9,0.0,22.568,0.032
22.4,25,0.88,-5.1,-5.9,0.0,22.568,0.033
22.5,25,0.871,-5.1,-6.0,0.0,22.568,0.036
22.6,25,0.861,-5.1,-6.1,0.0,22.568,0.038
22.7,25,0.855,-5.1,-6.0,0.0,22.568,0.04
22.8,25,0.847,-5.0,-5.9,0.0,22.568,0.042
22.9,25,0.844,-4.9,-5.7,0.0,22.568,0.043
23.0,25,0.837,-4.8,-5.7,0.0,22.568,0.045
23.1,25,0.834,-4.7,-5.5,0.0,22.568,0.046
23.2,25,0.829,-4.7,-5.4,0.0,22.568,0.047
23.3,25,0.824,-4.6,-5.3,0.0,22.568,0.049
23.4,25,0.816,-4.5,-5.2,0.0,22.568,0.051
23.5,25,0.814,-4.4,-5.0,0.0,22.568,0.051
23.6,25,0.81,-4.4,-4.9,0.0,22.568,0.053
23.7,25,0.803,-4.2,-4.8,0.0,22.568,0.054
23.8,25,0.795,-4.1,-4.8,0.0,22.568,0.057
23.9,25,0.793,-3.9,-4.5,0.0,22.568,0.057
24.0,25,0.792,-3.9,-4.4,0.0,22.568,0.058
24.1,25,0.79,-3.9,-4.2,0.0,22.568,0.058
24.2,25,0.787,-3.7,-4.0,0.0,22.568,0.059
24.3,25,0.782,-3.4,-3.8,0.0,22.568,0.06
24.4,25,0.777,-3.3,-3.7,0.0,22.568,0.062
24.5,25,0.775,-3.3,-3.6,0.0,22.568,0.062
24.6,25,0.77,-3.2,-3.5,0.0,22.568,0.064
24.7,25,0.767,-3.0,-3.3,0.0,22.568,0.064
24.8,25,0.762,-2.8,-3.2,0.0,22.568,0.066
24.9,25,0.757,-2.6,-3.0,0.0,22.568,0.067
25.0,25,0.755,-2.5,-2.9,0.0,22.568,0.068
25.1,25,0.756,-2.5,-2.7,0.0,22.568,0.067
25.2,25,0.753,-2.3,-2.6,0.0,22.568,0.068
25.3,25,0.755,-2.3,-2.3,0.0,22.568,0.068
25.4,25,0.756,-2.1,-2.1,0.0,22.568,0.067
25.5,25,0.753,-2.0,-2.0,0.0,22.568,0.068
25.6,25,0.75,-1.8,-1.8,0.0,22.568,0.069
25.7,25,0.748,-1.6,-1.7,0.0,22.568,0.07
25.8,25,0.751,-1.5,-1.4,0.0,22.568,0.069
25.9,25,0.753,-1.5,-1.3,0.0,22.568,0.068
26.0,25,0.758,-1.5,-1.1,0.0,22.568,0.067
26.1,25,0.763,-1.4,-0.8,0.0,22.568,0.066
26.2,25,0.767,-1.2,-0.5,0.0,22.568,0.064
26.3,25,0.767,-1.2,-0.4,0.0,22.568,0.064
26.4,25,0.771,-1.0,-0.1,0.0,22.568,0.063
26.5,25,0.776,-0.9,0.2,0.0,22.568,0.062
26.6,25,0.777,-0.8,0.3,0.0,22.568,0.062
26.7,25,0.777,-0.7,0.4,0.0,22.568,0.062
26.8,25,0.783,-0.6,0.6,0.0,22.568,0.06
26.9,25,0.788,-0.6,0.8,0.0,22.568,0.059
27.0,25,0.795,-0.5,1.1,0.0,22.568,0.057
27.1,25,0.801,-0.5,1.3,0.0,22.568,0.055
27.2,25,0.808,-0.5,1.5,0.0,22.568,0.053
27.3,25,0.814,-0.5,1.7,0.0,22.568,0.051
27.4,25,0.815,-0.3,1.8,0.0,22.568,0.051
27.5,25,0.823,-0.3,2.1,0.0,22.568,0.049
27.6,25,0.829,-0.1,2.4,0.0,22.568,0.047
27.7,25,0.837,-0.1,2.6,0.0,22.568,0.045
27.8,25,0.845,-0.2,2.8,0.0,22.568,0.043
27.9,25,0.853,-0.2,3.0,0.0,22.568,0.041
28.0,25,0.856,-0.1,3.2,0.0,22.568,0.04
28.1,25,0.86,0.1,3.4,0.0,22.568,0.039
28.2,25,0.869,0.1,3.6,0.0,22.568,0.036
28.3,25,0.878,0.1,3.9,0.0,22.568,0.034
28.4,25,0.884,0.3,4.1,0.0,22.568,0.032
28.5,25,0.894,0.2,4.3,0.0,22.568,0.029
28.6,25,0.901,0.3,4.6,0.0,22.568,0.027
28.7,25,0.91,0.3,4.7,0.0,22.568,0.025
28.8,25,0.921,0.2,5.0,0.0,22.568,0.022
28.9,25,0.93,0.3,5.2,0.0,22.568,0.019
29.0,25,0.936,0.5,5.4,0.0,22.568,0.018
29.1,25,0.945,0.6,5.6,0.0,22.568,0.015
29.2,25,0.958,0.5,5.8,0.0,22.568,0.012
29.3,25,0.975,0.5,6.0,0.0,22.568,0.007
29.4,25,0.99,0.4,6.3,0.0,22.568,0.003
29.5,25,1.005,0.3,6.5,0.0,22.568,0.001
29.6,25,1.013,0.2,6.5,0.0,22.568,0.004
29.7,25,1.011,0.3,6.4,0.0,22.568,0.003
29.8,25,1.013,0.4,6.5,0.0,22.568,0.004
29.9,25,1.017,0.5,6.5,0.0,22.568,0.005
30.0,25,1.018,0.7,6.6,0.0,22.568,0.005
30.1,25,1.021,0.9,6.6,0.0,22.568,0.006
30.2,25,1.02,1.1,6.6,0.0,22.568,0.006
30.3,25,1.022,1.3,6.7,0.0,22.568,0.006
30.4,25,1.027,1.5,6.8,0.0,22.568,0.007
30.5,25,1.037,1.5,6.9,0.0,22.568,0.01
30.6,25,1.042,1.8,7.0,0.0,22.568,0.012
30.7,25,1.052,2.0,7.2,0.0,22.568,0.014
30.8,25,1.059,2.0,7.2,0.0,22.568,0.016
30.9,25,1.067,2.1,7.3,0.0,22.568,0.019
31.0,25,1.075,2.2,7.4,0.0,22.568,0.021
31.1,25,1.079,2.4,7.4,0.0,22.568,0.022
31.2,25,1.079,2.6,7.4,0.0,22.568,0.022
31.3,25,1.09,2.8,7.6,0.0,22.568,0.025
31.4,25,1.101,2.9,7.7,0.0,22.568,0.028
31.5,25,1.115,3.0,7.9,0.0,22.568,0.032
31.6,25,1.121,3.2,8.0,0.0,22.568,0.033
31.7,25,1.126,3.3,8.0,0.0,22.568,0.035
31.8,25,1.136,3.4,8.1,0.0,22.568,0.038
31.9,25,1.151,3.5,8.3,0.0,22.568,0.042
32.0,25,1.165,3.5,8.4,0.0,22.568,0.046
32.1,25,1.166,3.7,8.4,0.0,22.568,0.046
32.2,25,1.171,3.8,8.4,0.0,22.568,0.047
32.3,25,1.173,3.9,8.4,0.0,22.568,0.048
32.4,25,1.169,4.1,8.3,0.0,22.568,0.047
32.5,25,1.174,4.3,8.3,0.0,22.568,0.048
32.6,25,1.179,4.5,8.4,0.0,22.568,0.05
32.7,25,1.175,4.7,8.3,0.0,22.568,0.048
32.8,25,1.183,4.9,8.3,0.0,22.568,0.051
32.9,25,1.187,5.1,8.3,0.0,22.568,0.052
33.0,25,1.184,5.4,8.3,0.0,22.568,0.051
33.1,25,1.188,5.5,8.2,0.0,22.568,0.052
33.2,25,1.195,5.5,8.2,0.0,22.568,0.054
33.3,25,1.204,5.6,8.3,0.0,22.568,0.056
33.4,25,1.213,5.7,8.3,0.0,22.568,0.059
33.5,25,1.21,5.9,8.2,0.0,22.568,0.058
33.6,25,1.205,6.1,8.1,0.0,22.568,0.057
33.7,25,1.211,6.2,8.1,0.0,22.568,0.058
33.8,25,1.21,6.3,8.0,0.0,22.568,0.058
33.9,25,1.218,6.5,8.1,0.0,22.568,0.06
34.0,25,1.227,6.6,8.1,0.0,22.568,0.063
34.1,25,1.236,6.7,8.2,0.0,22.568,0.065
34.2,25,1.241,6.7,8.1,0.0,22.568,0.067
34.3,25,1.249,6.8,8.2,0.0,22.568,0.069
34.4,25,1.252,6.9,8.1,0.0,22.568,0.07
34.5,25,1.26,7.0,8.2,0.0,22.568,0.072
34.6,25,1.264,7.1,8.2,0.0,22.568,0.073
34.7,25,1.259,7.2,8.1,0.0,22.568,0.072
34.8,25,1.263,7.3,8.1,0.0,22.568,0.073
34.9,25,1.264,7.4,8.0,0.0,22.568,0.073
35.0,25,1.258,7.6,7.9,0.0,22.568,0.071
35.1,25,1.259,7.7,7.9,0.0,22.568,0.072
35.2,25,1.258,7.8,7.8,0.0,22.568,0.071
35.3,25,1.26,7.8,7.8,0.0,22.568,0.072
35.4,25,1.262,8.1,7.8,0.0,22.568,0.072
35.5,25,1.261,8.2,7.8,0.0,22.568,0.072
35.6,25,1.26,8.3,7.7,0.0,22.568,0.072
35.7,25,1.267,8.5,7.7,0.0,22.568,0.074
35.8,25,1.266,8.7,7.7,0.0,22.568,0.074
35.9,25,1.266,8.8,7.6,0.0,22.568,0.074
36.0,25,1.277,8.9,7.7,0.0,22.568,0.077
36.1,25,1.289,9.1,7.8,0.0,22.568,0.08
36.2,25,1.293,9.4,7.8,0.0,22.568,0.081
36.3,25,1.294,9.5,7.7,0.0,22.568,0.081
36.4,25,1.301,9.6,7.7,0.0,22.568,0.083
36.5,25,1.304,9.8,7.7,0.0,22.568,0.084
36.6,25,1.309,9.9,7.7,0.0,22.568,0.085
36.7,25,1.312,10.0,7.6,0.0,22.568,0.086
36.8,25,1.315,10.1,7.6,0.0,22.568,0.087
36.9,25,1.314,10.3,7.5,0.0,22.568,0.087
37.0,25,1.325,10.4,7.6,0.0,22.568,0.09
37.1,25,1.326,10.7,7.5,0.0,22.568,0.09
37.2,25,1.336,10.8,7.6,0.0,22.568,0.093
37.3,25,1.343,10.9,7.5,0.0,22.568,0.095
37.4,25,1.348,11.0,7.5,0.0,22.568,0.096
37.5,25,1.361,11.2,7.6,0.0,22.568,0.1
37.6,25,1.363,11.3,7.5,0.0,22.568,0.1
37.7,25,1.376,11.5,7.6,0.0,22.568,0.104
37.8,25,1.391,11.6,7.7,0.0,22.568,0.108
37.9,25,1.405,11.8,7.8,0.0,22.568,0.112
38.0,25,1.407,12.0,7.8,0.0,22.568,0.113
38.1,25,1.411,12.2,7.7,0.0,22.568,0.114
38.2,25,1.423,12.5,7.8,0.0,22.568,0.117
38.3,25,1.427,12.6,7.7,0.0,22.568,0.118
38.4,25,1.43,12.9,7.7,0.0,22.568,0.119
38.5,25,1.445,13.0,7.7,0.0,22.568,0.123
38.6,25,1.453,13.2,7.7,0.0,22.568,0.125
38.7,25,1.471,13.5,7.8,0.0,22.568,0.13
38.8,25,1.477,13.7,7.8,0.0,22.568,0.132
38.9,25,1.489,13.6,7.8,0.0,22.568,0.135
39.0,25,1.513,13.4,8.0,0.0,22.568,0.142
39.1,25,1.528,13.3,8.2,0.0,22.568,0.146
39.2,25,1.551,13.1,8.4,0.0,22.568,0.152
39.3,25,1.566,12.9,8.5,0.0,22.568,0.157
39.4,25,1.583,12.6,8.8,0.0,22.568,0.161
39.5,25,1.59,12.4,8.9,0.0,22.568,0.163
39.6,25,1.606,12.2,9.1,0.0,22.568,0.168
39.7,25,1.619,12.0,9.2,0.0,22.568,0.171
39.8,25,1.626,11.8,9.4,0.0,22.568,0.173
39.9,25,1.637,11.6,9.6,0.0,22.568,0.176
40.0,25,1.64,11.4,9.7,0.0,22.568,0.177
40.1,25,1.646,11.3,9.8,0.0,22.568,0.179
40.2,25,1.657,11.1,10.0,0.0,22.568,0.182
40.3,25,1.67,11.0,10.1,0.0,22.568,0.185
40.4,25,1.673,10.9,10.2,0.0,22.568,0.186
40.5,25,1.68,10.8,10.3,0.0,22.568,0.188
40.6,25,1.696,10.8,10.5,0.0,22.568,0.192
40.7,25,1.706,10.7,10.7,0.0,22.568,0.195
40.8,25,1.703,10.6,10.8,0.0,22.568,0.194
40.9,25,1.712,10.5,11.0,0.0,22.568,0.197
41.0,25,1.72,10.5,11.2,0.0,22.568,0.199
41.1,25,1.718,10.4,11.4,0.0,22.568,0.199
41.2,25,1.707,10.2,11.5,0.0,22.568,0.196
41.3,25,1.695,10.1,11.6,0.0,22.568,0.192
41.4,25,1.684,9.9,11.8,0.0,22.568,0.189
41.5,25,1.682,9.9,12.0,0.0,22.568,0.189
41.6,25,1.672,9.8,12.2,0.0,22.568,0.186
41.7,25,1.659,9.6,12.3,0.0,22.568,0.182
41.8,25,1.648,9.5,12.4,0.0,22.568,0.179
41.9,25,1.648,9.5,12.6,0.0,22.568,0.179
42.0,25,1.649,9.5,12.8,0.0,22.568,0.179
42.1,25,1.642,9.4,12.9,0.0,22.568,0.178
42.2,25,1.627,9.2,13.1,0.0,22.568,0.173
42.3,25,1.613,9.1,13.2,0.0,22.568,0.17
42.4,25,1.594,8.9,13.4,0.0,22.568,0.164
42.5,25,1.581,8.7,13.5,0.0,22.568,0.161
42.6,25,1.57,8.6,13.6,0.0,22.568,0.158
42.7,25,1.547,8.4,13.6,0.0,22.568,0.151
42.8,25,1.524,8.1,13.7,0.0,22.568,0.145
42.9,25,1.5,7.9,13.7,0.0,22.568,0.138
43.0,25,1.475,7.6,13.7,0.0,22.568,0.131
43.1,25,1.455,7.4,13.8,0.0,22.568,0.126
43.2,25,1.445,7.4,13.8,0.0,22.568,0.123
43.3,25,1.435,7.3,13.7,0.0,22.568,0.12
43.4,25,1.425,7.2,13.7,0.0,22.568,0.118
43.5,25,1.414,7.1,13.6,0.0,22.568,0.114
43.6,25,1.405,7.1,13.6,0.0,22.568,0.112
43.7,25,1.396,7.0,13.5,0.0,22.568,0.11
43.8,25,1.388,6.9,13.5,0.0,22.568,0.107
43.9,25,1.367,6.7,13.4,0.0,22.568,0.101
44.0,25,1.352,6.6,13.5,0.0,22.568,0.097
44.1,25,1.343,6.5,13.5,0.0,22.568,0.095
44.2,25,1.333,6.4,13.5,0.0,22.568,0.092
44.3,25,1.315,6.2,13.5,0.0,22.568,0.087
44.4,25,1.3,6.1,13.5,0.0,22.568,0.083
44.5,25,1.28,5.8,13.4,0.0,22.568,0.077
44.6,25,1.27,5.7,13.4,0.0,22.568,0.075
44.7,25,1.251,5.5,13.3,0.0,22.568,0.069
44.8,25,1.24,5.4,13.3,0.0,22.568,0.066
44.9,25,1.231,5.4,13.2,0.0,22.568,0.064
45.0,25,1.218,5.3,13.2,0.0,22.568,0.06
45.1,25,1.207,5.2,13.2,0.0,22.568,0.057
45.2,25,1.196,5.1,13.2,0.0,22.568,0.054
45.3,25,1.186,5.0,13.2,0.0,22.568,0.051
45.4,25,1.176,5.0,13.1,0.0,22.568,0.049
45.5,25,1.164,4.9,13.0,0.0,22.568,0.045
45.6,25,1.144,4.6,13.0,0.0,22.568,0.04
45.7,25,1.132,4.5,13.0,0.0,22.568,0.037
45.8,25,1.121,4.5,13.0,0.0,22.568,0.033
45.9,25,1.102,4.3,13.0,0.0,22.568,0.028
46.0,25,1.082,4.0,13.0,0.0,22.568,0.023
46.1,25,1.062,3.7,13.0,0.0,22.568,0.017
46.2,25,1.049,3.6,12.9,0.0,22.568,0.014
46.3,25,1.031,3.4,12.9,0.0,22.568,0.009
46.4,25,1.019,3.3,12.9,0.0,22.568,0.005
46.5,25,1.005,3.1,12.9,0.0,22.568,0.001
46.6,25,1.003,3.2,12.9,0.0,22.568,0.001
46.7,25,1.009,3.4,12.9,0.0,22.568,0.002
46.8,25,1.01,3.6,12.9,0.0,22.568,0.003
46.9,25,1.017,3.8,12.9,0.0,22.568,0.005
47.0,25,1.01,3.8,12.9,0.0,22.568,0.003
47.1,25,0.994,3.6,12.8,0.0,22.568,0.002
47.2,25,0.991,3.6,12.8,0.0,22.568,0.002
47.3,25,0.998,3.9,12.8,0.0,22.568,0.001
47.4,25,0.999,4.0,12.8,0.0,22.568,0.0
47.5,25,1.004,4.2,12.9,0.0,22.568,0.001
47.6,25,1.012,4.5,12.9,0.0,22.568,0.003
47.7,25,1.013,4.7,12.8,0.0,22.568,0.004
47.8,25,0.998,4.5,12.8,0.0,22.568,0.001
47.9,25,0.988,4.4,12.9,0.0,22.568,0.003
48.0,25,0.993,4.6,12.9,0.0,22.568,0.002
48.1,25,0.989,4.6,12.8,0.0,22.568,0.003
48.2,25,0.988,4.7,12.8,0.0,22.568,0.003
48.3,25,0.983,4.7,12.9,0.0,22.568,0.005
48.4,25,0.981,4.8,12.9,0.0,22.568,0.005
48.5,25,0.975,4.7,12.9,0.0,22.568,0.007
48.6,25,0.969,4.7,13.0,0.0,22.568,0.009
48.7,25,0.968,4.8,13.0,0.0,22.568,0.009
48.8,25,0.961,4.8,13.0,0.0,22.568,0.011
48.9,25,0.96,4.8,13.0,0.0,22.568,0.011
49.0,25,0.959,4.9,13.0,0.0,22.568,0.011
49.1,25,0.959,5.0,13.0,0.0,22.568,0.011
49.2,25,0.952,5.0,13.0,0.0,22.568,0.013
49.3,25,0.95,5.0,13.0,0.0,22.568,0.014
49.4,25,0.944,5.0,12.9,0.0,22.568,0.015
49.5,25,0.942,5.0,12.9,0.0,22.568,0.016
49.6,25,0.942,5.1,12.9,0.0,22.568,0.016
49.7,25,0.935,5.1,12.8,0.0,22.568,0.018
49.8,25,0.933,5.2,12.8,0.0,22.568,0.019
49.9,25,0.926,5.1,12.7,0.0,22.568,0.02
50.0,25,0.923,5.2,12.8,0.0,22.568,0.021
50.1,25,0.918,5.3,12.8,0.0,22.568,0.023
50.2,25,0.916,5.3,12.8,0.0,22.568,0.023
50.3,25,0.909,5.3,12.7,0.0,22.568,0.025
50.4,25,0.906,5.4,12.7,0.0,22.568,0.026
50.5,25,0.9,5.5,12.8,0.0,22.568,0.028
50.6,25,0.895,5.5,12.8,0.0,22.568,0.029
50.7,25,0.892,5.6,12.8,0.0,22.568,0.03
50.8,25,0.888,5.7,12.8,0.0,22.568,0.031
50.9,25,0.884,5.8,12.8,0.0,22.568,0.032
51.0,25,0.881,5.9,12.7,0.0,22.568,0.033
51.1,25,0.872,5.9,12.8,0.0,22.568,0.035
51.2,25,0.863,5.8,12.7,0.0,22.568,0.038
51.3,25,0.853,5.7,12.7,0.0,22.568,0.041
51.4,25,0.849,5.8,12.7,0.0,22.568,0.042
51.5,25,0.842,5.7,12.6,0.0,22.568,0.044
51.6,25,0.836,5.8,12.7,0.0,22.568,0.045
51.7,25,0.826,5.7,12.7,0.0,22.568,0.048
51.8,25,0.822,5.8,12.7,0.0,22.568,0.049
51.9,25,0.818,5.9,12.6,0.0,22.568,0.05
52.0,25,0.811,5.8,12.6,0.0,22.568,0.052
52.1,25,0.806,5.9,12.6,0.0,22.568,0.054
52.2,25,0.803,6.0,12.5,0.0,22.568,0.054
52.3,25,0.795,5.9,12.5,0.0,22.568,0.057
52.4,25,0.791,6.0,12.5,0.0,22.568,0.058
52.5,25,0.783,5.9,12.5,0.0,22.568,0.06
52.6,25,0.778,6.0,12.5,0.0,22.568,0.061
52.7,25,0.772,6.1,12.6,0.0,22.568,0.063
52.8,25,0.764,6.1,12.6,0.0,22.568,0.065
52.9,25,0.759,6.1,12.6,0.0,22.568,0.067
53.0,25,0.751,6.1,12.7,0.0,22.568,0.069
53.1,25,0.747,6.2,12.7,0.0,22.568,0.07
53.2,25,0.74,6.2,12.8,0.0,22.568,0.072
53.3,25,0.731,6.2,12.9,0.0,22.568,0.074
53.4,25,0.723,6.1,12.9,0.0,22.568,0.077
53.5,25,0.717,6.2,13.0,0.0,22.568,0.078
53.6,25,0.714,6.2,12.9,0.0,22.568,0.079
53.7,25,0.708,6.1,12.9,0.0,22.568,0.081
53.8,25,0.702,6.2,12.9,0.0,22.568,0.082
53.9,25,0.697,6.3,13.0,0.0,22.568,0.084
54.0,25,0.689,6.3,13.0,0.0,22.568,0.086
54.1,25,0.683,6.2,13.0,0.0,22.568,0.088
54.2,25,0.678,6.3,13.1,0.0,22.568,0.089
54.3,25,0.671,6.3,13.1,0.0,22.568,0.091
54.4,25,0.663,6.2,13.2,0.0,22.568,0.093
54.5,25,0.659,6.3,13.2,0.0,22.568,0.094
54.6,25,0.655,6.4,13.2,0.0,22.568,0.095
54.7,25,0.651,6.5,13.2,0.0,22.568,0.097
54.8,25,0.644,6.5,13.3,0.0,22.568,0.098
54.9,25,0.64,6.5,13.2,0.0,22.568,0.1
55.0,25,0.633,6.4,13.2,0.0,22.568,0.101
55.1,25,0.628,6.5,13.2,0.0,22.568,0.103
55.2,25,0.623,6.3,13.1,0.0,22.568,0.104
55.3,25,0.618,6.2,13.0,0.0,22.568,0.106
55.4,25,0.612,6.1,12.9,0.0,22.568,0.107
55.5,25,0.606,5.9,12.9,0.0,22.568,0.109
55.6,25,0.601,5.7,12.7,0.0,22.568,0.11
55.7,25,0.597,5.6,12.6,0.0,22.568,0.111
55.8,25,0.594,5.4,12.5,0.0,22.568,0.112
55.9,25,0.588,5.2,12.4,0.0,22.568,0.114
56.0,25,0.583,5.0,12.3,0.0,22.568,0.115
56.1,25,0.578,4.8,12.1,0.0,22.568,0.117
56.2,25,0.575,4.7,12.0,0.0,22.568,0.118
56.3,25,0.573,4.6,11.9,0.0,22.568,0.118
56.4,25,0.57,4.5,11.8,0.0,22.568,0.119
56.5,25,0.567,4.5,11.7,0.0,22.568,0.12
56.6,25,0.565,4.4,11.5,0.0,22.568,0.12
56.7,25,0.562,4.2,11.3,0.0,22.568,0.121
56.8,25,0.559,4.1,11.2,0.0,22.568,0.122
56.9,25,0.556,4.0,11.1,0.0,22.568,0.123
57.0,25,0.555,3.9,11.0,0.0,22.568,0.123
57.1,25,0.55,3.7,10.9,0.0,22.568,0.124
57.2,25,0.548,3.6,10.7,0.0,22.568,0.125
57.3,25,0.545,3.3,10.5,0.0,22.568,0.126
57.4,25,0.54,3.1,10.5,0.0,22.568,0.127
57.5,25,0.536,2.8,10.3,0.0,22.568,0.128
57.6,25,0.532,2.7,10.2,0.0,22.568,0.129
57.7,25,0.529,2.4,10.1,0.0,22.568,0.13
57.8,25,0.528,2.3,9.9,0.0,22.568,0.131
57.9,25,0.526,2.1,9.7,0.0,22.568,0.131
58.0,25,0.523,1.8,9.6,0.0,22.568,0.132
58.1,25,0.522,1.7,9.5,0.0,22.568,0.132
58.2,25,0.521,1.7,9.3,0.0,22.568,0.132
58.3,25,0.519,1.4,9.2,0.0,22.568,0.133
58.4,25,0.518,1.4,9.0,0.0,22.568,0.133
58.5,25,0.515,1.1,8.9,0.0,22.568,0.134
58.6,25,0.512,0.9,8.7,0.0,22.568,0.135
58.7,25,0.512,0.8,8.6,0.0,22.568,0.135
58.8,25,0.512,0.7,8.5,0.0,22.568,0.135
58.9,25,0.509,0.6,8.4,0.0,22.568,0.136
59.0,25,0.506,0.5,8.4,0.0,22.568,0.137
59.1,25,0.505,0.4,8.3,0.0,22.568,0.137
59.2,25,0.502,0.2,8.1,0.0,22.568,0.138
59.3,25,0.502,0.1,8.0,0.0,22.568,0.138
59.4,25,0.5,-0.1,7.8,0.0,22.568,0.138
59.5,25,0.498,-0.4,7.7,0.0,22.568,0.139
59.6,25,0.496,-0.6,7.6,0.0,22.568,0.139
59.7,25,0.495,-0.7,7.4,0.0,22.568,0.14
59.8,25,0.493,-0.9,7.4,0.0,22.568,0.14
59.9,25,0.494,-0.9,7.2,0.0,22.568,0.14
60.0,25,0.496,-1.0,7.1,0.0,22.568,0.139
60.1,25,0.497,-1.0,6.9,0.0,22.568,0.139
60.2,25,0.5,-1.1,6.7,0.0,22.568,0.138
60.3,25,0.502,-1.2,6.5,0.0,22.568,0.138
60.4,25,0.503,-1.4,6.4,0.0,22.568,0.137
60.5,25,0.503,-1.6,6.2,0.0,22.568,0.137
60.6,25,0.503,-1.8,6.0,0.0,22.568,0.137
60.7,25,0.504,-2.1,5.8,0.0,22.568,0.137
60.8,25,0.508,-2.1,5.6,0.0,22.568,0.136
60.9,25,0.51,-2.2,5.5,0.0,22.568,0.136
61.0,25,0.512,-2.4,5.3,0.0,22.568,0.135
61.1,25,0.513,-2.6,5.2,0.0,22.568,0.135
61.2,25,0.518,-2.7,4.9,0.0,22.568,0.133
61.3,25,0.521,-2.8,4.8,0.0,22.568,0.132
61.4,25,0.523,-3.0,4.7,0.0,22.568,0.132
61.5,25,0.528,-3.1,4.4,0.0,22.568,0.131
61.6,25,0.53,-3.3,4.3,0.0,22.568,0.13
61.7,25,0.532,-3.5,4.1,0.0,22.568,0.129
61.8,25,0.537,-3.6,3.9,0.0,22.568,0.128
61.9,25,0.541,-3.8,3.6,0.0,22.568,0.127
62.0,25,0.545,-3.9,3.5,0.0,22.568,0.126
62.1,25,0.549,-4.1,3.3,0.0,22.568,0.125
62.2,25,0.553,-4.2,3.1,0.0,22.568,0.124
62.3,25,0.556,-4.4,3.0,0.0,22.568,0.123
62.4,25,0.558,-4.5,2.9,0.0,22.568,0.122
62.5,25,0.562,-4.6,2.8,0.0,22.568,0.121
62.6,25,0.565,-4.7,2.7,0.0,22.568,0.12
62.7,25,0.57,-4.7,2.5,0.0,22.568,0.119
62.8,25,0.575,-4.7,2.4,0.0,22.568,0.118
62.9,25,0.583,-4.8,2.1,0.0,22.568,0.115
63.0,25,0.591,-5.0,1.9,0.0,22.568,0.113
63.1,25,0.595,-5.1,1.7,0.0,22.568,0.112
63.2,25,0.603,-5.1,1.5,0.0,22.568,0.11
63.3,25,0.609,-5.3,1.3,0.0,22.568,0.108
63.4,25,0.618,-5.4,1.1,0.0,22.568,0.106
63.5,25,0.627,-5.5,0.8,0.0,22.568,0.103
63.6,25,0.637,-5.6,0.5,0.0,22.568,0.1
63.7,25,0.647,-5.7,0.2,0.0,22.568,0.098
63.8,25,0.652,-5.8,0.1,0.0,22.568,0.096
63.9,25,0.657,-5.9,-0.0,0.0,22.568,0.095
64.0,25,0.669,-6.0,-0.3,0.0,22.568,0.092
64.1,25,0.676,-6.1,-0.4,0.0,22.568,0.09
64.2,25,0.687,-6.2,-0.7,0.0,22.568,0.087
64.3,25,0.694,-6.3,-0.8,0.0,22.568,0.085
64.4,25,0.7,-6.4,-0.9,0.0,22.568,0.083
64.5,25,0.712,-6.5,-1.2,0.0,22.568,0.08
64.6,25,0.72,-6.6,-1.3,0.0,22.568,0.077
64.7,25,0.732,-6.7,-1.6,0.0,22.568,0.074
64.8,25,0.742,-6.8,-1.7,0.0,22.568,0.071
64.9,25,0.748,-6.9,-1.8,0.0,22.568,0.07
65.0,25,0.762,-7.0,-2.1,0.0,22.568,0.066
65.1,25,0.771,-7.0,-2.2,0.0,22.568,0.063
65.2,25,0.779,-7.1,-2.4,0.0,22.568,0.061
65.3,25,0.788,-7.3,-2.5,0.0,22.568,0.059
65.4,25,0.803,-7.4,-2.8,0.0,22.568,0.054
65.5,25,0.814,-7.4,-3.0,0.0,22.568,0.051
65.6,25,0.83,-7.5,-3.2,0.0,22.568,0.047
65.7,25,0.843,-7.5,-3.4,0.0,22.568,0.043
65.8,25,0.859,-7.5,-3.6,0.0,22.568,0.039
65.9,25,0.875,-7.6,-3.9,0.0,22.568,0.035
66.0,25,0.889,-7.6,-4.0,0.0,22.568,0.031
66.1,25,0.9,-7.7,-4.1,0.0,22.568,0.028
66.2,25,0.912,-7.8,-4.2,0.0,22.568,0.024
66.3,25,0.925,-7.9,-4.4,0.0,22.568,0.021
66.4,25,0.939,-7.9,-4.5,0.0,22.568,0.017
66.5,25,0.958,-7.9,-4.7,0.0,22.568,0.012
66.6,25,0.979,-8.0,-4.9,0.0,22.568,0.006
66.7,25,0.994,-8.2,-5.1,0.0,22.568,0.002
66.8,25,1.007,-8.3,-5.1,0.0,22.568,0.002
66.9,25,1.026,-8.1,-5.2,0.0,22.568,0.007
67.0,25,1.03,-8.1,-5.1,0.0,22.568,0.008
67.1,25,1.026,-8.2,-4.9,0.0,22.568,0.007
67.2,25,1.031,-8.3,-4.8,0.0,22.568,0.009
67.3,25,1.032,-8.5,-4.8,0.0,22.568,0.009
67.4,25,1.038,-8.6,-4.7,0.0,22.568,0.011
67.5,25,1.034,-8.7,-4.6,0.0,22.568,0.009
67.6,25,1.03,-9.0,-4.4,0.0,22.568,0.008
67.7,25,1.026,-9.1,-4.2,0.0,22.568,0.007
67.8,25,1.026,-9.2,-4.1,0.0,22.568,0.007
67.9,25,1.031,-9.4,-4.0,0.0,22.568,0.009
68.0,25,1.036,-9.5,-4.0,0.0,22.568,0.01
68.1,25,1.036,-9.6,-3.9,0.0,22.568,0.01
68.2,25,1.031,-9.8,-3.7,0.0,22.568,0.009
68.3,25,1.026,-9.9,-3.5,0.0,22.568,0.007
68.4,25,1.03,-10.1,-3.4,0.0,22.568,0.008
68.5,25,1.035,-10.3,-3.4,0.0,22.568,0.01
68.6,25,1.041,-10.4,-3.4,0.0,22.568,0.011
68.7,25,1.038,-10.6,-3.2,0.0,22.568,0.011
68.8,25,1.033,-10.8,-3.0,0.0,22.568,0.009
68.9,25,1.027,-10.9,-2.8,0.0,22.568,0.007
69.0,25,1.032,-11.0,-2.8,0.0,22.568,0.009
69.1,25,1.038,-11.2,-2.8,0.0,22.568,0.011
69.2,25,1.034,-11.3,-2.6,0.0,22.568,0.009
69.3,25,1.029,-11.5,-2.4,0.0,22.568,0.008
69.4,25,1.033,-11.6,-2.4,0.0,22.568,0.009
69.5,25,1.037,-11.8,-2.3,0.0,22.568,0.01
69.6,25,1.033,-11.9,-2.1,0.0,22.568,0.009
69.7,25,1.027,-12.1,-1.9,0.0,22.568,0.007
69.8,25,1.023,-12.2,-1.7,0.0,22.568,0.006
69.9,25,1.018,-12.3,-1.5,0.0,22.568,0.005
70.0,25,1.011,-12.4,-1.3,0.0,22.568,0.003
70.1,25,1.003,-12.5,-1.1,0.0,22.568,0.001
70.2,25,1.015,-12.5,-1.2,0.0,22.568,0.004
70.3,25,1.03,-12.5,-1.3,0.0,22.568,0.008
70.4,25,1.027,-12.6,-1.2,0.0,22.568,0.007
70.5,25,1.018,-12.8,-1.0,0.0,22.568,0.005
70.6,25,1.011,-13.0,-0.8,0.0,22.568,0.003
70.7,25,1.013,-13.1,-0.8,0.0,22.568,0.004
70.8,25,1.007,-13.2,-0.6,0.0,22.568,0.002
70.9,25,1.009,-13.2,-0.5,0.0,22.568,0.002
71.0,25,1.03,-13.1,-0.7,0.0,22.568,0.008
71.1,25,1.036,-13.1,-0.7,0.0,22.568,0.01
71.2,25,1.04,-13.2,-0.7,0.0,22.568,0.011
71.3,25,1.045,-13.4,-0.7,0.0,22.568,0.012
71.4,25,1.04,-13.5,-0.6,0.0,22.568,0.011
71.5,25,1.043,-13.6,-0.5,0.0,22.568,0.012
71.6,25,1.038,-13.8,-0.4,0.0,22.568,0.011
71.7,25,1.032,-13.9,-0.2,0.0,22.568,0.009
71.8,25,1.025,-14.1,0.0,0.0,22.568,0.007
71.9,25,1.02,-14.2,0.2,0.0,22.568,0.006
72.0,25,1.014,-14.3,0.4,0.0,22.568,0.004
72.1,25,1.008,-14.5,0.6,0.0,22.568,0.002
72.2,25,1.021,-14.5,0.5,0.0,22.568,0.006
72.3,25,1.027,-14.5,0.6,0.0,22.568,0.007
72.4,25,1.033,-14.6,0.6,0.0,22.568,0.009
72.5,25,1.04,-14.7,0.6,0.0,22.568,0.011
72.6,25,1.047,-14.8,0.7,0.0,22.568,0.013
72.7,25,1.045,-15.0,0.8,0.0,22.568,0.012
72.8,25,1.041,-15.1,1.0,0.0,22.568,0.011
72.9,25,1.05,-15.3,1.1,0.0,22.568,0.014
73.0,25,1.05,-15.4,1.2,0.0,22.568,0.014
73.1,25,1.048,-15.6,1.4,0.0,22.568,0.013
73.2,25,1.047,-15.8,1.6,0.0,22.568,0.013
73.3,25,1.045,-15.9,1.8,0.0,22.568,0.012
73.4,25,1.055,-16.0,1.9,0.0,22.568,0.015
73.5,25,1.055,-16.2,2.0,0.0,22.568,0.015
73.6,25,1.066,-16.3,2.0,0.0,22.568,0.018
73.7,25,1.067,-16.5,2.2,0.0,22.568,0.019
73.8,25,1.077,-16.6,2.2,0.0,22.568,0.021
73.9,25,1.077,-16.8,2.4,0.0,22.568,0.021
74.0,25,1.088,-16.9,2.4,0.0,22.568,0.024
74.1,25,1.1,-17.1,2.4,0.0,22.568,0.028
74.2,25,1.112,-17.2,2.4,0.0,22.568,0.031
74.3,25,1.123,-17.4,2.4,0.0,22.568,0.034
74.4,25,1.134,-17.5,2.4,0.0,22.568,0.037
74.5,25,1.132,-17.7,2.6,0.0,22.568,0.037
74.6,25,1.139,-17.8,2.7,0.0,22.568,0.038
74.7,25,1.149,-17.9,2.7,0.0,22.568,0.041
74.8,25,1.157,-18.1,2.7,0.0,22.568,0.043
74.9,25,1.166,-18.3,2.7,0.0,22.568,0.046
75.0,25,1.17,-18.3,2.8,0.0,22.568,0.047
75.1,25,1.178,-18.4,2.9,0.0,22.568,0.049
75.2,25,1.187,-18.6,2.9,0.0,22.568,0.052
75.3,25,1.196,-18.7,2.9,0.0,22.568,0.054
75.4,25,1.206,-18.8,3.0,0.0,22.568,0.057
75.5,25,1.217,-18.9,3.0,0.0,22.568,0.06
75.6,25,1.227,-19.0,3.0,0.0,22.568,0.063
75.7,25,1.236,-19.2,3.1,0.0,22.568,0.065
75.8,25,1.234,-19.4,3.3,0.0,22.568,0.065
75.9,25,1.231,-19.5,3.5,0.0,22.568,0.064
76.0,25,1.243,-19.6,3.6,0.0,22.568,0.067
76.1,25,1.245,-19.7,3.8,0.0,22.568,0.068
76.2,25,1.259,-19.8,3.8,0.0,22.568,0.072
76.3,25,1.28,-19.9,3.9,0.0,22.568,0.077
76.4,25,1.288,-20.0,4.1,0.0,22.568,0.08
76.5,25,1.311,-20.1,4.1,0.0,22.568,0.086
76.6,25,1.322,-20.3,4.3,0.0,22.568,0.089
76.7,25,1.352,-20.4,4.4,0.0,22.568,0.097
76.8,25,1.388,-20.6,4.4,0.0,22.568,0.107
76.9,25,1.427,-20.7,4.4,0.0,22.568,0.118
77.0,25,1.451,-20.9,4.6,0.0,22.568,0.125
77.1,25,1.475,-21.0,4.8,0.0,22.568,0.131
77.2,25,1.507,-21.1,4.9,0.0,22.568,0.14
77.3,25,1.556,-21.2,4.9,0.0,22.568,0.154
77.4,25,1.586,-21.4,5.1,0.0,22.568,0.162
77.5,25,1.61,-21.5,5.3,0.0,22.568,0.169
77.6,25,1.634,-21.7,5.6,0.0,22.568,0.175
77.7,25,1.688,-21.8,5.6,0.0,22.568,0.19
77.8,25,1.749,-21.9,5.7,0.0,22.568,0.207
77.9,25,1.817,-22.0,5.7,0.0,22.568,0.226
78.0,25,1.858,-22.1,5.9,0.0,22.568,0.237
78.1,25,1.896,-22.2,6.2,0.0,22.568,0.248
78.2,25,1.933,-22.3,6.4,0.0,22.568,0.258
78.3,25,2.005,-22.4,6.5,0.0,22.568,0.278
78.4,25,2.044,-22.6,6.7,0.0,22.568,0.289
78.5,25,2.072,-22.7,6.9,0.0,22.568,0.296
78.6,25,2.082,-22.8,7.1,0.0,22.568,0.299
78.7,25,2.123,-22.9,7.2,0.0,22.568,0.311
78.8,25,2.167,-23.0,7.3,0.0,22.568,0.323
78.9,25,2.171,-23.1,7.5,0.0,22.568,0.324
79.0,25,2.2,-23.1,7.6,0.0,22.568,0.332
79.1,25,2.229,-23.2,7.7,0.0,22.568,0.34
79.2,25,2.234,-23.3,7.9,0.0,22.568,0.341
79.3,25,2.244,-23.5,8.0,0.0,22.568,0.344
79.4,25,2.235,-23.6,8.2,0.0,22.568,0.342
79.5,25,2.225,-23.6,8.5,0.0,22.568,0.339
79.6,25,2.217,-23.7,8.8,0.0,22.568,0.337
79.7,25,2.208,-23.8,9.0,0.0,22.568,0.334
79.8,25,2.196,-23.9,9.3,0.0,22.568,0.331
79.9,25,2.203,-24.0,9.4,0.0,22.568,0.333
80.0,25,2.222,-24.0,9.5,0.0,22.568,0.338
80.1,25,2.208,-24.1,9.8,0.0,22.568,0.334
80.2,25,2.22,-24.0,9.9,0.0,22.568,0.337
80.3,25,2.207,-24.1,10.1,0.0,22.568,0.334
80.4,25,2.191,-24.1,10.3,0.0,22.568,0.329
80.5,25,2.179,-24.2,10.6,0.0,22.568,0.326
80.6,25,2.195,-24.2,10.7,0.0,22.568,0.33
80.7,25,2.19,-24.2,10.9,0.0,22.568,0.329
80.8,25,2.181,-24.2,11.2,0.0,22.568,0.327
80.9,25,2.182,-24.1,11.4,0.0,22.568,0.327
81.0,25,2.192,-24.2,11.5,0.0,22.568,0.33
81.1,25,2.185,-24.2,11.7,0.0,22.568,0.328
81.2,25,2.18,-24.2,11.8,0.0,22.568,0.326
81.3,25,2.164,-24.2,12.1,0.0,22.568,0.322
81.4,25,2.149,-24.2,12.3,0.0,22.568,0.318
81.5,25,2.142,-24.1,12.5,0.0,22.568,0.316
81.6,25,2.124,-24.1,12.8,0.0,22.568,0.311
81.7,25,2.112,-24.1,13.0,0.0,22.568,0.308
81.8,25,2.098,-24.1,13.2,0.0,22.568,0.304
81.9,25,2.079,-24.2,13.5,0.0,22.568,0.298
82.0,25,2.083,-24.2,13.6,0.0,22.568,0.3
82.1,25,2.081,-24.2,13.7,0.0,22.568,0.299
82.2,25,2.088,-24.2,13.8,0.0,22.568,0.301
82.3,25,2.076,-24.2,14.0,0.0,22.568,0.298
82.4,25,2.079,-24.2,14.2,0.0,22.568,0.298
82.5,25,2.077,-24.2,14.3,0.0,22.568,0.298
82.6,25,2.075,-24.3,14.3,0.0,22.568,0.297
82.7,25,2.077,-24.3,14.4,0.0,22.568,0.298
82.8,25,2.073,-24.3,14.6,0.0,22.568,0.297
82.9,25,2.06,-24.3,14.7,0.0,22.568,0.293
83.0,25,2.057,-24.3,14.8,0.0,22.568,0.292
83.1,25,2.035,-24.4,15.0,0.0,22.568,0.286
83.2,25,2.017,-24.3,15.3,0.0,22.568,0.281
83.3,25,2.003,-24.3,15.5,0.0,22.568,0.277
83.4,25,1.982,-24.3,15.7,0.0,22.568,0.272
83.5,25,1.973,-24.3,15.9,0.0,22.568,0.269
83.6,25,1.969,-24.3,16.0,0.0,22.568,0.268
83.7,25,1.962,-24.2,16.2,0.0,22.568,0.266
83.8,25,1.963,-24.2,16.3,0.0,22.568,0.266
83.9,25,1.957,-24.3,16.4,0.0,22.568,0.265
84.0,25,1.949,-24.2,16.6,0.0,22.568,0.262
84.1,25,1.934,-24.2,16.9,0.0,22.568,0.258
84.2,25,1.929,-24.1,17.1,0.0,22.568,0.257
84.3,25,1.913,-24.2,17.3,0.0,22.568,0.252
84.4,25,1.895,-24.2,17.6,0.0,22.568,0.248
84.5,25,1.897,-24.2,17.7,0.0,22.568,0.248
84.6,25,1.898,-24.1,17.8,0.0,22.568,0.248
84.7,25,1.898,-24.1,17.9,0.0,22.568,0.248
84.8,25,1.902,-24.0,18.0,0.0,22.568,0.249
84.9,25,1.895,-24.0,18.1,0.0,22.568,0.248
85.0,25,1.886,-24.0,18.3,0.0,22.568,0.245
85.1,25,1.887,-23.9,18.5,0.0,22.568,0.245
85.2,25,1.872,-24.0,18.7,0.0,22.568,0.241
85.3,25,1.864,-24.0,18.8,0.0,22.568,0.239
85.4,25,1.85,-24.0,19.0,0.0,22.568,0.235
85.5,25,1.85,-23.9,19.2,0.0,22.568,0.235
85.6,25,1.842,-23.8,19.4,0.0,22.568,0.233
85.7,25,1.841,-23.7,19.5,0.0,22.568,0.233
85.8,25,1.828,-23.8,19.7,0.0,22.568,0.229
85.9,25,1.815,-23.8,19.8,0.0,22.568,0.225
86.0,25,1.807,-23.7,20.0,0.0,22.568,0.223
86.1,25,1.797,-23.6,20.3,0.0,22.568,0.22
86.2,25,1.797,-23.5,20.4,0.0,22.568,0.22
86.3,25,1.794,-23.5,20.4,0.0,22.568,0.22
86.4,25,1.782,-23.4,20.6,0.0,22.568,0.216
86.5,25,1.781,-23.4,20.7,0.0,22.568,0.216
86.6,25,1.774,-23.3,20.8,0.0,22.568,0.214
86.7,25,1.776,-23.2,20.9,0.0,22.568,0.215
86.8,25,1.766,-23.1,21.1,0.0,22.568,0.212
86.9,25,1.756,-23.1,21.3,0.0,22.568,0.209
87.0,25,1.75,-23.1,21.4,0.0,22.568,0.207
87.1,25,1.756,-23.0,21.4,0.0,22.568,0.209
87.2,25,1.757,-22.8,21.6,0.0,22.568,0.209
87.3,25,1.764,-22.7,21.7,0.0,22.568,0.211
87.4,25,1.757,-22.6,21.8,0.0,22.568,0.209
87.5,25,1.747,-22.7,21.8,0.0,22.568,0.207
87.6,25,1.734,-22.8,21.9,0.0,22.568,0.203
87.7,25,1.725,-22.8,21.8,0.0,22.568,0.2
87.8,25,1.723,-22.8,21.9,0.0,22.568,0.2
87.9,25,1.712,-22.8,22.0,0.0,22.568,0.197
88.0,25,1.7,-22.8,22.0,0.0,22.568,0.194
88.1,25,1.686,-22.9,22.0,0.0,22.568,0.19
88.2,25,1.67,-22.9,22.1,0.0,22.568,0.185
88.3,25,1.659,-22.9,22.2,0.0,22.568,0.182
88.4,25,1.644,-22.9,22.3,0.0,22.568,0.178
88.5,25,1.639,-22.9,22.2,0.0,22.568,0.177
88.6,25,1.633,-22.8,22.3,0.0,22.568,0.175
88.7,25,1.631,-22.7,22.3,0.0,22.568,0.175
88.8,25,1.62,-22.7,22.4,0.0,22.568,0.171
88.9,25,1.606,-22.6,22.5,0.0,22.568,0.168
89.0,25,1.601,-22.5,22.5,0.0,22.568,0.166
89.1,25,1.598,-22.4,22.4,0.0,22.568,0.165
89.2,25,1.592,-22.4,22.4,0.0,22.568,0.164
89.3,25,1.576,-22.4,22.3,0.0,22.568,0.159
89.4,25,1.563,-22.4,22.4,0.0,22.568,0.156
89.5,25,1.556,-22.3,22.5,0.0,22.568,0.154
89.6,25,1.55,-22.2,22.5,0.0,22.568,0.152
89.7,25,1.545,-22.1,22.5,0.0,22.568,0.151
89.8,25,1.542,-22.0,22.5,0.0,22.568,0.15
89.9,25,1.528,-22.0,22.6,0.0,22.568,0.146
90.0,25,1.515,-22.1,22.6,0.0,22.568,0.142
90.1,25,1.505,-22.1,22.6,0.0,22.568,0.14
90.2,25,1.501,-22.0,22.5,0.0,22.568,0.139
90.3,25,1.498,-21.9,22.5,0.0,22.568,0.138
90.4,25,1.494,-21.8,22.4,0.0,22.568,0.137
90.5,25,1.49,-21.7,22.4,0.0,22.568,0.136
90.6,25,1.479,-21.7,22.3,0.0,22.568,0.132
90.7,25,1.474,-21.6,22.3,0.0,22.568,0.131
90.8,25,1.46,-21.6,22.3,0.0,22.568,0.127
90.9,25,1.444,-21.7,22.4,0.0,22.568,0.123
91.0,25,1.438,-21.6,22.4,0.0,22.568,0.121
91.1,25,1.428,-21.5,22.5,0.0,22.568,0.118
91.2,25,1.422,-21.5,22.5,0.0,22.568,0.117
91.3,25,1.413,-21.4,22.5,0.0,22.568,0.114
91.4,25,1.398,-21.4,22.6,0.0,22.568,0.11
91.5,25,1.384,-21.5,22.7,0.0,22.568,0.106
91.6,25,1.378,-21.4,22.6,0.0,22.568,0.105
91.7,25,1.364,-21.4,22.6,0.0,22.568,0.101
91.8,25,1.351,-21.5,22.6,0.0,22.568,0.097
91.9,25,1.344,-21.4,22.6,0.0,22.568,0.095
92.0,25,1.334,-21.4,22.7,0.0,22.568,0.092
92.1,25,1.321,-21.4,22.8,0.0,22.568,0.089
92.2,25,1.313,-21.3,22.8,0.0,22.568,0.087
92.3,25,1.303,-21.3,22.7,0.0,22.568,0.084
92.4,25,1.296,-21.2,22.7,0.0,22.568,0.082
92.5,25,1.288,-21.2,22.7,0.0,22.568,0.08
92.6,25,1.282,-21.1,22.6,0.0,22.568,0.078
92.7,25,1.271,-21.0,22.7,0.0,22.568,0.075
92.8,25,1.254,-21.1,22.8,0.0,22.568,0.07
92.9,25,1.246,-21.0,22.7,0.0,22.568,0.068
93.0,25,1.233,-21.0,22.6,0.0,22.568,0.064
93.1,25,1.221,-21.0,22.7,0.0,22.568,0.061
93.2,25,1.207,-21.0,22.7,0.0,22.568,0.057
93.3,25,1.198,-20.9,22.7,0.0,22.568,0.055
93.4,25,1.188,-20.8,22.8,0.0,22.568,0.052
93.5,25,1.174,-20.9,22.8,0.0,22.568,0.048
93.6,25,1.164,-20.8,22.8,0.0,22.568,0.045
93.7,25,1.157,-20.7,22.8,0.0,22.568,0.043
93.8,25,1.147,-20.6,22.9,0.0,22.568,0.041
93.9,25,1.141,-20.5,22.9,0.0,22.568,0.039
94.0,25,1.135,-20.4,22.8,0.0,22.568,0.037
94.1,25,1.129,-20.3,22.8,0.0,22.568,0.036
94.2,25,1.124,-20.2,22.8,0.0,22.568,0.034
94.3,25,1.111,-20.2,22.8,0.0,22.568,0.031
94.4,25,1.101,-20.2,22.8,0.0,22.568,0.028
94.5,25,1.095,-20.1,22.7,0.0,22.568,0.026
94.6,25,1.085,-20.1,22.7,0.0,22.568,0.024
94.7,25,1.076,-20.1,22.7,0.0,22.568,0.021
94.8,25,1.064,-20.1,22.8,0.0,22.568,0.018
94.9,25,1.057,-20.0,22.9,0.0,22.568,0.016
95.0,25,1.045,-20.1,22.9,0.0,22.568,0.012
95.1,25,1.04,-20.0,22.9,0.0,22.568,0.011
95.2,25,1.032,-19.9,23.0,0.0,22.568,0.009
95.3,25,1.023,-19.9,23.1,0.0,22.568,0.006
95.4,25,1.016,-19.8,23.2,0.0,22.568,0.004
95.5,25,1.012,-19.7,23.3,0.0,22.568,0.003
95.6,25,1.007,-19.6,23.3,0.0,22.568,0.002
95.7,25,0.998,-19.6,23.4,0.0,22.568,0.001
95.8,25,0.981,-19.8,23.4,0.0,22.568,0.005
95.9,25,0.972,-19.8,23.4,0.0,22.568,0.008
96.0,25,0.969,-19.7,23.4,0.0,22.568,0.009
96.1,25,0.971,-19.5,23.5,0.0,22.568,0.008
96.2,25,0.969,-19.3,23.6,0.0,22.568,0.009
96.3,25,0.969,-19.1,23.5,0.0,22.568,0.009
96.4,25,0.969,-18.9,23.6,0.0,22.568,0.009
96.5,25,0.967,-18.8,23.7,0.0,22.568,0.009
96.6,25,0.972,-18.5,23.7,0.0,22.568,0.008
96.7,25,0.978,-18.2,23.7,0.0,22.568,0.006
96.8,25,0.983,-18.0,23.6,0.0,22.568,0.005
96.9,25,0.985,-17.8,23.7,0.0,22.568,0.004
97.0,25,0.99,-17.5,23.8,0.0,22.568,0.003
97.1,25,0.994,-17.2,23.8,0.0,22.568,0.002
97.2,25,0.989,-17.2,23.7,0.0,22.568,0.003
97.3,25,0.98,-17.3,23.8,0.0,22.568,0.006
97.4,25,0.98,-17.1,23.7,0.0,22.568,0.006
97.5,25,0.979,-17.0,23.8,0.0,22.568,0.006
97.6,25,0.984,-16.8,23.9,0.0,22.568,0.004
97.7,25,0.985,-16.6,24.0,0.0,22.568,0.004
97.8,25,0.986,-16.5,24.0,0.0,22.568,0.004
97.9,25,0.989,-16.3,23.9,0.0,22.568,0.003
98.0,25,0.997,-16.0,23.9,0.0,22.568,0.001
98.1,25,0.998,-15.9,24.0,0.0,22.568,0.001
98.2,25,0.989,-15.9,23.9,0.0,22.568,0.003
98.3,25,0.981,-16.0,23.9,0.0,22.568,0.005
98.4,25,0.98,-15.9,24.0,0.0,22.568,0.006
98.5,25,0.982,-15.7,24.1,0.0,22.568,0.005
98.6,25,0.988,-15.4,24.2,0.0,22.568,0.003
98.7,25,0.994,-15.1,24.3,0.0,22.568,0.002
98.8,25,0.987,-15.1,24.3,0.0,22.568,0.004
98.9,25,0.978,-15.2,24.4,0.0,22.568,0.006
99.0,25,0.976,-15.1,24.4,0.0,22.568,0.007
99.1,25,0.976,-14.9,24.4,0.0,22.568,0.007
99.2,25,0.981,-14.7,24.3,0.0,22.568,0.005
99.3,25,0.984,-14.5,24.2,0.0,22.568,0.004
99.4,25,0.989,-14.2,24.3,0.0,22.568,0.003
99.5,25,0.994,-14.0,24.4,0.0,22.568,0.002
99.6,25,0.986,-14.0,24.5,0.0,22.568,0.004
99.7,25,0.977,-14.1,24.5,0.0,22.568,0.006
99.8,25,0.975,-14.0,24.5,0.0,22.568,0.007
99.9,25,0.973,-13.8,24.5,0.0,22.568,0.007
100.0,25,0.98,-13.6,24.5,0.0,22.568,0.006
100.1,25,0.98,-13.4,24.6,0.0,22.568,0.006
100.2,25,0.986,-13.1,24.6,0.0,22.568,0.004
100.3,25,0.993,-12.8,24.6,0.0,22.568,0.002
100.4,25,0.987,-12.8,24.6,0.0,22.568,0.004
100.5,25,0.978,-12.8,24.6,0.0,22.568,0.006
100.6,25,0.975,-12.7,24.6,0.0,22.568,0.007
100.7,25,0.98,-12.4,24.6,0.0,22.568,0.006
100.8,25,0.979,-12.3,24.6,0.0,22.568,0.006
100.9,25,0.984,-12.0,24.5,0.0,22.568,0.004
101.0,25,0.983,-11.9,24.5,0.0,22.568,0.005
101.1,25,0.987,-11.6,24.4,0.0,22.568,0.004
101.2,25,0.985,-11.5,24.4,0.0,22.568,0.004
101.3,25,0.989,-11.2,24.4,0.0,22.568,0.003
101.4,25,0.993,-10.9,24.4,0.0,22.568,0.002
101.5,25,0.984,-10.9,24.4,0.0,22.568,0.004
101.6,25,0.973,-10.9,24.3,0.0,22.568,0.007
101.7,25,0.968,-10.8,24.3,0.0,22.568,0.009
101.8,25,0.97,-10.5,24.2,0.0,22.568,0.008
101.9,25,0.972,-10.3,24.1,0.0,22.568,0.008
102.0,25,0.974,-10.0,24.1,0.0,22.568,0.007
102.1,25,0.973,-9.7,24.1,0.0,22.568,0.007
102.2,25,0.973,-9.4,24.2,0.0,22.568,0.007
102.3,25,0.968,-9.3,24.2,0.0,22.568,0.009
102.4,25,0.961,-9.1,24.2,0.0,22.568,0.011
102.5,25,0.961,-8.9,24.1,0.0,22.568,0.011
102.6,25,0.957,-8.6,24.2,0.0,22.568,0.012
102.7,25,0.951,-8.5,24.1,0.0,22.568,0.014
102.8,25,0.95,-8.2,24.1,0.0,22.568,0.014
102.9,25,0.95,-7.9,24.0,0.0,22.568,0.014
103.0,25,0.943,-7.8,24.0,0.0,22.568,0.016
103.1,25,0.943,-7.5,24.0,0.0,22.568,0.016
103.2,25,0.943,-7.2,23.9,0.0,22.568,0.016
103.3,25,0.937,-7.0,23.9,0.0,22.568,0.017
103.4,25,0.936,-6.8,23.9,0.0,22.568,0.018
103.5,25,0.937,-6.4,23.8,0.0,22.568,0.017
103.6,25,0.937,-6.1,23.8,0.0,22.568,0.017
103.7,25,0.938,-5.8,23.7,0.0,22.568,0.017
103.8,25,0.938,-5.6,23.6,0.0,22.568,0.017
103.9,25,0.939,-5.3,23.5,0.0,22.568,0.017
104.0,25,0.941,-5.0,23.4,0.0,22.568,0.016
104.1,25,0.936,-4.8,23.4,0.0,22.568,0.018
104.2,25,0.93,-4.7,23.3,0.0,22.568,0.019
104.3,25,0.925,-4.6,23.3,0.0,22.568,0.021
104.4,25,0.925,-4.3,23.3,0.0,22.568,0.021
104.5,25,0.92,-4.1,23.2,0.0,22.568,0.022
104.6,25,0.914,-4.0,23.2,0.0,22.568,0.024
104.7,25,0.909,-3.9,23.1,0.0,22.568,0.025
104.8,25,0.906,-3.8,23.0,0.0,22.568,0.026
104.9,25,0.907,-3.5,22.9,0.0,22.568,0.026
105.0,25,0.903,-3.4,22.9,0.0,22.568,0.027
105.1,25,0.898,-3.2,22.8,0.0,22.568,0.028
105.2,25,0.899,-3.0,22.8,0.0,22.568,0.028
105.3,25,0.901,-2.7,22.7,0.0,22.568,0.027
105.4,25,0.903,-2.4,22.7,0.0,22.568,0.027
105.5,25,0.905,-2.1,22.6,0.0,22.568,0.026
105.6,25,0.903,-1.9,22.5,0.0,22.568,0.027
105.7,25,0.905,-1.7,22.4,0.0,22.568,0.026
105.8,25,0.903,-1.5,22.3,0.0,22.568,0.027
105.9,25,0.904,-1.3,22.2,0.0,22.568,0.027
106.0,25,0.902,-1.1,22.1,0.0,22.568,0.027
106.1,25,0.898,-1.0,22.0,0.0,22.568,0.028
106.2,25,0.894,-0.9,22.0,0.0,22.568,0.029
106.3,25,0.896,-0.7,21.8,0.0,22.568,0.029
106.4,25,0.894,-0.5,21.7,0.0,22.568,0.029
106.5,25,0.89,-0.4,21.7,0.0,22.568,0.03
106.6,25,0.886,-0.3,21.6,0.0,22.568,0.032
106.7,25,0.883,-0.2,21.5,0.0,22.568,0.032
106.8,25,0.885,0.1,21.4,0.0,22.568,0.032
106.9,25,0.887,0.4,21.4,0.0,22.568,0.031
107.0,25,0.89,0.6,21.3,0.0,22.568,0.03
107.1,25,0.887,0.8,21.2,0.0,22.568,0.031
107.2,25,0.889,1.0,21.1,0.0,22.568,0.031
107.3,25,0.886,1.2,21.0,0.0,22.568,0.032
107.4,25,0.883,1.3,20.9,0.0,22.568,0.032
107.5,25,0.884,1.5,20.8,0.0,22.568,0.032
107.6,25,0.881,1.6,20.7,0.0,22.568,0.033
107.7,25,0.881,1.9,20.7,0.0,22.568,0.033
107.8,25,0.877,2.1,20.7,0.0,22.568,0.034
107.9,25,0.872,2.2,20.7,0.0,22.568,0.035
108.0,25,0.872,2.5,20.6,0.0,22.568,0.035
108.1,25,0.873,2.8,20.6,0.0,22.568,0.035
108.2,25,0.873,3.1,20.5,0.0,22.568,0.035
108.3,25,0.874,3.4,20.5,0.0,22.568,0.035
108.4,25,0.869,3.5,20.4,0.0,22.568,0.036
108.5,25,0.868,3.8,20.4,0.0,22.568,0.037
108.6,25,0.862,3.9,20.4,0.0,22.568,0.038
108.7,25,0.857,4.0,20.4,0.0,22.568,0.04
108.8,25,0.855,4.3,20.3,0.0,22.568,0.04
108.9,25,0.854,4.5,20.3,0.0,22.568,0.04
109.0,25,0.849,4.7,20.2,0.0,22.568,0.042
109.1,25,0.848,4.9,20.2,0.0,22.568,0.042
109.2,25,0.845,5.2,20.2,0.0,22.568,0.043
109.3,25,0.844,5.5,20.2,0.0,22.568,0.043
109.4,25,0.839,5.6,20.1,0.0,22.568,0.045
109.5,25,0.836,5.8,20.0,0.0,22.568,0.045
109.6,25,0.837,6.0,19.9,0.0,22.568,0.045
109.7,25,0.833,6.1,19.9,0.0,22.568,0.046
109.8,25,0.832,6.4,19.8,0.0,22.568,0.046
109.9,25,0.83,6.6,19.8,0.0,22.568,0.047
110.0,25,0.83,6.9,19.7,0.0,22.568,0.047
110.1,25,0.83,7.1,19.6,0.0,22.568,0.047
110.2,25,0.832,7.3,19.4,0.0,22.568,0.046
110.3,25,0.833,7.5,19.2,0.0,22.568,0.046
110.4,25,0.83,7.6,19.1,0.0,22.568,0.047
110.5,25,0.829,7.6,18.9,0.0,22.568,0.047
110.6,25,0.831,7.8,18.6,0.0,22.568,0.047
110.7,25,0.832,7.9,18.4,0.0,22.568,0.046
110.8,25,0.831,7.9,18.2,0.0,22.568,0.047
110.9,25,0.827,7.9,18.0,0.0,22.568,0.048
111.0,25,0.827,8.1,17.9,0.0,22.568,0.048
111.1,25,0.828,8.3,17.7,0.0,22.568,0.048
111.2,25,0.829,8.5,17.5,0.0,22.568,0.047
111.3,25,0.827,8.6,17.4,0.0,22.568,0.048
111.4,25,0.829,8.8,17.1,0.0,22.568,0.047
111.5,25,0.83,9.0,17.0,0.0,22.568,0.047
111.6,25,0.832,9.2,16.8,0.0,22.568,0.046
111.7,25,0.832,9.4,16.6,0.0,22.568,0.046
111.8,25,0.831,9.6,16.5,0.0,22.568,0.047
111.9,25,0.83,9.7,16.3,0.0,22.568,0.047
112.0,25,0.828,9.8,16.1,0.0,22.568,0.048
112.1,25,0.826,9.8,16.0,0.0,22.568,0.048
112.2,25,0.822,9.9,15.8,0.0,22.568,0.049
112.3,25,0.823,10.1,15.7,0.0,22.568,0.049
112.4,25,0.821,10.1,15.5,0.0,22.568,0.05
112.5,25,0.817,10.2,15.4,0.0,22.568,0.051
112.6,25,0.816,10.4,15.3,0.0,22.568,0.051
112.7,25,0.812,10.5,15.2,0.0,22.568,0.052
112.8,25,0.813,10.7,15.0,0.0,22.568,0.052
112.9,25,0.812,10.8,14.8,0.0,22.568,0.052
113.0,25,0.812,11.0,14.7,0.0,22.568,0.052
113.1,25,0.811,11.1,14.6,0.0,22.568,0.052
113.2,25,0.813,11.4,14.4,0.0,22.568,0.052
113.3,25,0.817,11.5,14.2,0.0,22.568,0.051
113.4,25,0.818,11.6,13.9,0.0,22.568,0.05
113.5,25,0.816,11.7,13.8,0.0,22.568,0.051
113.6,25,0.818,11.9,13.7,0.0,22.568,0.05
113.7,25,0.818,12.1,13.6,0.0,22.568,0.05
113.8,25,0.819,12.3,13.4,0.0,22.568,0.05
113.9,25,0.82,12.4,13.2,0.0,22.568,0.05
114.0,25,0.818,12.5,13.1,0.0,22.568,0.05
114.1,25,0.822,12.6,12.9,0.0,22.568,0.049
114.2,25,0.824,12.8,12.7,0.0,22.568,0.049
114.3,25,0.827,12.9,12.5,0.0,22.568,0.048
114.4,25,0.827,13.1,12.4,0.0,22.568,0.048
114.5,25,0.829,13.1,12.2,0.0,22.568,0.047
114.6,25,0.834,13.3,11.9,0.0,22.568,0.046
114.7,25,0.84,13.4,11.7,0.0,22.568,0.044
114.8,25,0.845,13.6,11.4,0.0,22.568,0.043
114.9,25,0.839,13.7,11.4,0.0,22.568,0.045
115.0,25,0.837,13.7,11.3,0.0,22.568,0.045
115.1,25,0.831,13.8,11.4,0.0,22.568,0.047
115.2,25,0.823,13.7,11.4,0.0,22.568,0.049
115.3,25,0.821,13.7,11.3,0.0,22.568,0.05
115.4,25,0.816,13.8,11.3,0.0,22.568,0.051
115.5,25,0.812,13.8,11.3,0.0,22.568,0.052
115.6,25,0.81,13.8,11.1,0.0,22.568,0.053
115.7,25,0.806,13.7,11.1,0.0,22.568,0.054
115.8,25,0.799,13.8,11.1,0.0,22.568,0.056
115.9,25,0.796,13.8,11.0,0.0,22.568,0.056
116.0,25,0.794,13.8,10.9,0.0,22.568,0.057
116.1,25,0.788,13.9,10.9,0.0,22.568,0.059
116.2,25,0.78,13.9,11.0,0.0,22.568,0.061
116.3,25,0.771,13.9,11.1,0.0,22.568,0.063
116.4,25,0.762,13.9,11.1,0.0,22.568,0.066
116.5,25,0.753,13.8,11.2,0.0,22.568,0.068
116.6,25,0.744,13.8,11.3,0.0,22.568,0.071
116.7,25,0.74,13.7,11.2,0.0,22.568,0.072
116.8,25,0.732,13.7,11.3,0.0,22.568,0.074
116.9,25,0.728,13.7,11.2,0.0,22.568,0.075
117.0,25,0.721,13.8,11.2,0.0,22.568,0.077
117.1,25,0.713,13.8,11.3,0.0,22.568,0.079
117.2,25,0.706,13.9,11.4,0.0,22.568,0.081
117.3,25,0.702,13.9,11.3,0.0,22.568,0.082
117.4,25,0.698,13.9,11.3,0.0,22.568,0.084
117.5,25,0.694,13.9,11.2,0.0,22.568,0.085
117.6,25,0.69,13.9,11.1,0.0,22.568,0.086
117.7,25,0.683,14.0,11.2,0.0,22.568,0.088
117.8,25,0.679,14.1,11.1,0.0,22.568,0.089
117.9,25,0.676,14.1,11.0,0.0,22.568,0.09
118.0,25,0.669,14.2,11.1,0.0,22.568,0.092
118.1,25,0.661,14.2,11.1,0.0,22.568,0.094
118.2,25,0.653,14.2,11.2,0.0,22.568,0.096
118.3,25,0.649,14.2,11.1,0.0,22.568,0.097
118.4,25,0.646,14.2,11.1,0.0,22.568,0.098
118.5,25,0.643,14.3,11.0,0.0,22.568,0.099
118.6,25,0.636,14.3,11.0,0.0,22.568,0.101
118.7,25,0.628,14.3,11.1,0.0,22.568,0.103
118.8,25,0.625,14.3,11.0,0.0,22.568,0.104
118.9,25,0.619,14.3,11.1,0.0,22.568,0.105
119.0,25,0.612,14.3,11.1,0.0,22.568,0.107
119.1,25,0.606,14.4,11.2,0.0,22.568,0.109
119.2,25,0.601,14.5,11.2,0.0,22.568,0.11
119.3,25,0.595,14.4,11.2,0.0,22.568,0.112
119.4,25,0.59,14.3,11.2,0.0,22.568,0.113
119.5,25,0.583,14.3,11.3,0.0,22.568,0.115
119.6,25,0.576,14.3,11.4,0.0,22.568,0.117
119.7,25,0.573,14.4,11.3,0.0,22.568,0.118
119.8,25,0.567,14.3,11.3,0.0,22.568,0.12
119.9,25,0.561,14.4,11.4,0.0,22.568,0.121
120.0,25,0.556,14.5,11.4,0.0,22.568,0.123
120.1,25,0.554,14.5,11.3,0.0,22.568,0.123
120.2,25,0.548,14.5,11.4,0.0,22.568,0.125
120.3,25,0.543,14.6,11.4,0.0,22.568,0.126
120.4,25,0.54,14.6,11.4,0.0,22.568,0.127
120.5,25,0.536,14.6,11.4,0.0,22.568,0.128
120.6,25,0.53,14.6,11.4,0.0,22.568,0.13
120.7,25,0.528,14.6,11.4,0.0,22.568,0.131
120.8,25,0.523,14.6,11.4,0.0,22.568,0.132
120.9,25,0.518,14.5,11.5,0.0,22.568,0.133
121.0,25,0.517,14.5,11.4,0.0,22.568,0.134
121.1,25,0.516,14.4,11.3,0.0,22.568,0.134
121.2,25,0.514,14.5,11.2,0.0,22.568,0.134
121.3,25,0.512,14.5,11.1,0.0,22.568,0.135
121.4,25,0.511,14.5,11.1,0.0,22.568,0.135
121.5,25,0.508,14.4,11.0,0.0,22.568,0.136
121.6,25,0.504,14.5,11.1,0.0,22.568,0.137
121.7,25,0.499,14.6,11.2,0.0,22.568,0.139
121.8,25,0.496,14.5,11.2,0.0,22.568,0.139
121.9,25,0.491,14.5,11.2,0.0,22.568,0.141
122.0,25,0.49,14.5,11.2,0.0,22.568,0.141
122.1,25,0.489,14.5,11.1,0.0,22.568,0.141
122.2,25,0.488,14.5,11.0,0.0,22.568,0.142
122.3,25,0.485,14.5,11.0,0.0,22.568,0.142
122.4,25,0.48,14.5,11.1,0.0,22.568,0.144
122.5,25,0.476,14.6,11.1,0.0,22.568,0.145
122.6,25,0.471,14.6,11.2,0.0,22.568,0.146
122.7,25,0.466,14.6,11.3,0.0,22.568,0.148
122.8,25,0.465,14.6,11.2,0.0,22.568,0.148
122.9,25,0.463,14.7,11.2,0.0,22.568,0.149
123.0,25,0.462,14.7,11.1,0.0,22.568,0.149
123.1,25,0.458,14.7,11.1,0.0,22.568,0.15
123.2,25,0.456,14.7,11.1,0.0,22.568,0.15
123.3,25,0.455,14.8,11.0,0.0,22.568,0.151
123.4,25,0.454,14.8,10.9,0.0,22.568,0.151
123.5,25,0.451,14.7,10.9,0.0,22.568,0.152
123.6,25,0.449,14.8,10.8,0.0,22.568,0.152
123.7,25,0.446,14.9,10.8,0.0,22.568,0.153
123.8,25,0.441,14.9,10.9,0.0,22.568,0.155
123.9,25,0.439,15.0,10.8,0.0,22.568,0.155
124.0,25,0.438,15.0,10.8,0.0,22.568,0.155
124.1,25,0.435,15.1,10.8,0.0,22.568,0.156
124.2,25,0.431,15.2,10.8,0.0,22.568,0.157
124.3,25,0.429,15.1,10.8,0.0,22.568,0.158
124.4,25,0.427,15.0,10.8,0.0,22.568,0.158
124.5,25,0.423,15.1,10.8,0.0,22.568,0.16
124.6,25,0.422,15.1,10.8,0.0,22.568,0.16
124.7,25,0.419,15.2,10.8,0.0,22.568,0.161
124.8,25,0.415,15.1,10.9,0.0,22.568,0.162
124.9,25,0.413,15.1,10.9,0.0,22.568,0.162
125.0,25,0.413,15.1,10.8,0.0,22.568,0.162
125.1,25,0.411,15.0,10.9,0.0,22.568,0.163
125.2,25,0.41,15.1,10.8,0.0,22.568,0.163
125.3,25,0.408,15.0,10.9,0.0,22.568,0.164
125.4,25,0.405,15.1,10.9,0.0,22.568,0.165
125.5,25,0.403,15.1,11.0,0.0,22.568,0.165
125.6,25,0.4,15.1,11.0,0.0,22.568,0.166
125.7,25,0.399,15.2,11.0,0.0,22.568,0.166
125.8,25,0.4,15.2,10.9,0.0,22.568,0.166
125.9,25,0.401,15.1,10.9,0.0,22.568,0.166
126.0,25,0.4,15.1,10.9,0.0,22.568,0.166
126.1,25,0.398,15.1,11.0,0.0,22.568,0.166
126.2,25,0.398,15.2,10.9,0.0,22.568,0.166
126.3,25,0.397,15.1,10.9,0.0,22.568,0.167
126.4,25,0.397,15.1,10.9,0.0,22.568,0.167
126.5,25,0.398,15.0,10.8,0.0,22.568,0.166
126.6,25,0.399,15.0,10.7,0.0,22.568,0.166
126.7,25,0.4,15.0,10.6,0.0,22.568,0.166
126.8,25,0.401,15.0,10.6,0.0,22.568,0.166
126.9,25,0.399,15.0,10.6,0.0,22.568,0.166
127.0,25,0.4,15.0,10.5,0.0,22.568,0.166
127.1,25,0.399,15.0,10.6,0.0,22.568,0.166
127.2,25,0.398,14.9,10.6,0.0,22.568,0.166
127.3,25,0.395,14.9,10.7,0.0,22.568,0.167
127.4,25,0.393,14.9,10.8,0.0,22.568,0.168
127.5,25,0.392,15.0,10.7,0.0,22.568,0.168
127.6,25,0.393,15.0,10.6,0.0,22.568,0.168
127.7,25,0.394,15.0,10.5,0.0,22.568,0.168
127.8,25,0.393,14.9,10.5,0.0,22.568,0.168
127.9,25,0.391,15.0,10.6,0.0,22.568,0.168
128.0,25,0.388,15.0,10.7,0.0,22.568,0.169
128.1,25,0.387,14.9,10.7,0.0,22.568,0.17
128.2,25,0.387,14.9,10.6,0.0,22.568,0.17
128.3,25,0.387,14.9,10.6,0.0,22.568,0.17
128.4,25,0.385,14.9,10.6,0.0,22.568,0.17
128.5,25,0.383,14.9,10.7,0.0,22.568,0.171
128.6,25,0.382,14.9,10.6,0.0,22.568,0.171
128.7,25,0.383,14.8,10.5,0.0,22.568,0.171
128.8,25,0.382,14.9,10.4,0.0,22.568,0.171
128.9,25,0.383,14.8,10.3,0.0,22.568,0.171
129.0,25,0.38,14.8,10.4,0.0,22.568,0.171
129.1,25,0.378,14.8,10.5,0.0,22.568,0.172
129.2,25,0.378,14.7,10.5,0.0,22.568,0.172
129.3,25,0.376,14.7,10.5,0.0,22.568,0.173
129.4,25,0.373,14.7,10.6,0.0,22.568,0.173
129.5,25,0.373,14.7,10.5,0.0,22.568,0.173
129.6,25,0.371,14.7,10.6,0.0,22.568,0.174
129.7,25,0.371,14.8,10.5,0.0,22.568,0.174
129.8,25,0.37,14.8,10.4,0.0,22.568,0.174
129.9,25,0.369,14.9,10.4,0.0,22.568,0.175
130.0,25,0.368,14.9,10.4,0.0,22.568,0.175
130.1,25,0.368,14.9,10.3,0.0,22.568,0.175
130.2,25,0.366,15.0,10.4,0.0,22.568,0.175
130.3,25,0.363,15.0,10.4,0.0,22.568,0.176
130.4,25,0.362,15.1,10.3,0.0,22.568,0.176
130.5,25,0.363,15.1,10.3,0.0,22.568,0.176
130.6,25,0.364,15.0,10.2,0.0,22.568,0.176
130.7,25,0.364,14.9,10.2,0.0,22.568,0.176
130.8,25,0.364,15.0,10.1,0.0,22.568,0.176
130.9,25,0.362,15.0,10.2,0.0,22.568,0.176
131.0,25,0.36,15.1,10.2,0.0,22.568,0.177
131.1,25,0.361,15.0,10.2,0.0,22.568,0.177
131.2,25,0.359,15.1,10.3,0.0,22.568,0.177
131.3,25,0.357,15.1,10.3,0.0,22.568,0.178
131.4,25,0.357,15.2,10.3,0.0,22.568,0.178
131.5,25,0.355,15.3,10.3,0.0,22.568,0.178
131.6,25,0.354,15.2,10.4,0.0,22.568,0.179
131.7,25,0.353,15.3,10.4,0.0,22.568,0.179
131.8,25,0.353,15.3,10.4,0.0,22.568,0.179
131.9,25,0.353,15.2,10.4,0.0,22.568,0.179
132.0,25,0.352,15.2,10.5,0.0,22.568,0.179
132.1,25,0.352,15.1,10.4,0.0,22.568,0.179
132.2,25,0.352,15.1,10.5,0.0,22.568,0.179
132.3,25,0.352,15.0,10.5,0.0,22.568,0.179
132.4,25,0.353,14.9,10.5,0.0,22.568,0.179
132.5,25,0.351,14.9,10.5,0.0,22.568,0.179
132.6,25,0.349,15.0,10.6,0.0,22.568,0.18
132.7,25,0.348,15.1,10.5,0.0,22.568,0.18
132.8,25,0.347,15.1,10.6,0.0,22.568,0.181
132.9,25,0.348,15.0,10.5,0.0,22.568,0.18
133.0,25,0.346,15.0,10.5,0.0,22.568,0.181
133.1,25,0.347,15.0,10.5,0.0,22.568,0.181
133.2,25,0.347,14.9,10.5,0.0,22.568,0.181
133.3,25,0.348,14.8,10.5,0.0,22.568,0.18
133.4,25,0.347,14.7,10.6,0.0,22.568,0.181
133.5,25,0.347,14.8,10.5,0.0,22.568,0.181
133.6,25,0.344,14.8,10.5,0.0,22.568,0.181
133.7,25,0.345,14.8,10.5,0.0,22.568,0.181
133.8,25,0.343,14.8,10.5,0.0,22.568,0.182
133.9,25,0.343,14.7,10.5,0.0,22.568,0.182
134.0,25,0.342,14.8,10.5,0.0,22.568,0.182
134.1,25,0.342,14.8,10.5,0.0,22.568,0.182
134.2,25,0.342,14.7,10.5,0.0,22.568,0.182
134.3,25,0.342,14.6,10.6,0.0,22.568,0.182
134.4,25,0.34,14.7,10.6,0.0,22.568,0.183
134.5,25,0.339,14.8,10.6,0.0,22.568,0.183
134.6,25,0.338,14.8,10.6,0.0,22.568,0.183
134.7,25,0.336,14.9,10.7,0.0,22.568,0.184
134.8,25,0.335,14.9,10.7,0.0,22.568,0.184
134.9,25,0.333,14.9,10.8,0.0,22.568,0.184
135.0,25,0.333,14.9,10.9,0.0,22.568,0.184
135.1,25,0.334,14.8,10.8,0.0,22.568,0.184
135.2,25,0.333,14.8,10.9,0.0,22.568,0.184
135.3,25,0.334,14.8,10.8,0.0,22.568,0.184
135.4,25,0.333,14.8,10.9,0.0,22.568,0.184
135.5,25,0.332,14.9,11.0,0.0,22.568,0.185
135.6,25,0.333,14.8,10.9,0.0,22.568,0.184
135.7,25,0.332,14.9,10.9,0.0,22.568,0.185
135.8,25,0.333,14.8,10.9,0.0,22.568,0.184
135.9,25,0.332,14.9,11.0,0.0,22.568,0.185
136.0,25,0.332,14.9,11.0,0.0,22.568,0.185
136.1,25,0.331,15.0,11.0,0.0,22.568,0.185
136.2,25,0.332,15.0,10.9,0.0,22.568,0.185
136.3,25,0.333,15.0,10.8,0.0,22.568,0.184
136.4,25,0.335,15.0,10.7,0.0,22.568,0.184
136.5,25,0.335,15.0,10.6,0.0,22.568,0.184
136.6,25,0.335,15.1,10.5,0.0,22.568,0.184
136.7,25,0.336,15.0,10.5,0.0,22.568,0.184
136.8,25,0.336,15.0,10.6,0.0,22.568,0.184
136.9,25,0.335,15.1,10.7,0.0,22.568,0.184
137.0,25,0.334,15.1,10.8,0.0,22.568,0.184
137.1,25,0.334,15.0,10.8,0.0,22.568,0.184
137.2,25,0.336,15.0,10.8,0.0,22.568,0.184
137.3,25,0.338,14.9,10.7,0.0,22.568,0.183
137.4,25,0.339,15.0,10.6,0.0,22.568,0.183
137.5,25,0.339,14.9,10.6,0.0,22.568,0.183
137.6,25,0.341,14.8,10.6,0.0,22.568,0.182
137.7,25,0.342,14.9,10.5,0.0,22.568,0.182
137.8,25,0.344,14.8,10.5,0.0,22.568,0.181
137.9,25,0.343,14.8,10.5,0.0,22.568,0.182
138.0,25,0.345,14.8,10.5,0.0,22.568,0.181
138.1,25,0.344,14.8,10.6,0.0,22.568,0.181
138.2,25,0.346,14.7,10.5,0.0,22.568,0.181
138.3,25,0.348,14.7,10.4,0.0,22.568,0.18
138.4,25,0.35,14.7,10.4,0.0,22.568,0.18
138.5,25,0.351,14.6,10.4,0.0,22.568,0.179
138.6,25,0.352,14.5,10.5,0.0,22.568,0.179
138.7,25,0.353,14.5,10.4,0.0,22.568,0.179
138.8,25,0.354,14.5,10.5,0.0,22.568,0.179
138.9,25,0.355,14.5,10.4,0.0,22.568,0.178
139.0,25,0.356,14.5,10.4,0.0,22.568,0.178
139.1,25,0.356,14.5,10.5,0.0,22.568,0.178
139.2,25,0.355,14.6,10.5,0.0,22.568,0.178
139.3,25,0.356,14.6,10.5,0.0,22.568,0.178
139.4,25,0.356,14.7,10.5,0.0,22.568,0.178
139.5,25,0.357,14.6,10.5,0.0,22.568,0.178
139.6,25,0.359,14.5,10.5,0.0,22.568,0.177
139.7,25,0.358,14.6,10.5,0.0,22.568,0.178
139.8,25,0.36,14.5,10.6,0.0,22.568,0.177
139.9,25,0.362,14.5,10.5,0.0,22.568,0.176
140.0,25,0.364,14.5,10.4,0.0,22.568,0.176
140.1,25,0.366,14.4,10.3,0.0,22.568,0.175
140.2,25,0.369,14.4,10.2,0.0,22.568,0.175
140.3,25,0.368,14.5,10.3,0.0,22.568,0.175
140.4,25,0.368,14.5,10.3,0.0,22.568,0.175
140.5,25,0.368,14.6,10.2,0.0,22.568,0.175
140.6,25,0.371,14.5,10.1,0.0,22.568,0.174
140.7,25,0.37,14.6,10.1,0.0,22.568,0.174
140.8,25,0.371,14.6,10.0,0.0,22.568,0.174
140.9,25,0.371,14.7,10.1,0.0,22.568,0.174
141.0,25,0.371,14.8,10.0,0.0,22.568,0.174
141.1,25,0.373,14.7,10.0,0.0,22.568,0.173
141.2,25,0.374,14.8,10.0,0.0,22.568,0.173
141.3,25,0.374,14.8,9.9,0.0,22.568,0.173
141.4,25,0.377,14.8,9.8,0.0,22.568,0.172
141.5,25,0.377,14.8,9.9,0.0,22.568,0.172
141.6,25,0.376,14.8,10.0,0.0,22.568,0.173
141.7,25,0.377,14.8,9.9,0.0,22.568,0.172
141.8,25,0.379,14.8,9.9,0.0,22.568,0.172
141.9,25,0.379,14.8,9.9,0.0,22.568,0.172
142.0,25,0.378,14.9,10.0,0.0,22.568,0.172
142.1,25,0.38,14.8,10.0,0.0,22.568,0.171
142.2,25,0.382,14.8,10.0,0.0,22.568,0.171
142.3,25,0.384,14.7,10.0,0.0,22.568,0.17
142.4,25,0.386,14.7,10.0,0.0,22.568,0.17
142.5,25,0.386,14.7,10.1,0.0,22.568,0.17
142.6,25,0.386,14.8,10.1,0.0,22.568,0.17
142.7,25,0.387,14.7,10.1,0.0,22.568,0.17
142.8,25,0.389,14.7,10.2,0.0,22.568,0.169
142.9,25,0.392,14.6,10.2,0.0,22.568,0.168
143.0,25,0.394,14.5,10.3,0.0,22.568,0.168
143.1,25,0.396,14.5,10.2,0.0,22.568,0.167
143.2,25,0.398,14.5,10.1,0.0,22.568,0.166
143.3,25,0.4,14.5,10.2,0.0,22.568,0.166
143.4,25,0.401,14.5,10.1,0.0,22.568,0.166
143.5,25,0.404,14.4,10.1,0.0,22.568,0.165
143.6,25,0.405,14.4,10.2,0.0,22.568,0.165
143.7,25,0.406,14.5,10.1,0.0,22.568,0.164
143.8,25,0.408,14.4,10.0,0.0,22.568,0.164
143.9,25,0.412,14.4,9.9,0.0,22.568,0.163
144.0,25,0.411,14.4,10.0,0.0,22.568,0.163
144.1,25,0.411,14.5,10.0,0.0,22.568,0.163
144.2,25,0.41,14.6,10.1,0.0,22.568,0.163
144.3,25,0.411,14.6,10.0,0.0,22.568,0.163
144.4,25,0.413,14.5,10.0,0.0,22.568,0.162
144.5,25,0.415,14.5,10.1,0.0,22.568,0.162
144.6,25,0.416,14.5,10.0,0.0,22.568,0.162
144.7,25,0.417,14.5,10.0,0.0,22.568,0.161
144.8,25,0.416,14.6,10.0,0.0,22.568,0.162
144.9,25,0.419,14.5,10.0,0.0,22.568,0.161
145.0,25,0.419,14.5,10.1,0.0,22.568,0.161
145.1,25,0.419,14.5,10.0,0.0,22.568,0.161
145.2,25,0.422,14.5,10.0,0.0,22.568,0.16
145.3,25,0.422,14.5,10.1,0.0,22.568,0.16
145.4,25,0.421,14.5,10.1,0.0,22.568,0.16
145.5,25,0.42,14.6,10.1,0.0,22.568,0.16
145.6,25,0.421,14.6,10.2,0.0,22.568,0.16
145.7,25,0.423,14.6,10.1,0.0,22.568,0.16
145.8,25,0.425,14.5,10.0,0.0,22.568,0.159
145.9,25,0.427,14.5,10.0,0.0,22.568,0.158
146.0,25,0.429,14.4,10.0,0.0,22.568,0.158
146.1,25,0.432,14.4,9.9,0.0,22.568,0.157
146.2,25,0.431,14.4,9.9,0.0,22.568,0.157
146.3,25,0.433,14.4,10.0,0.0,22.568,0.157
146.4,25,0.435,14.4,9.9,0.0,22.568,0.156
146.5,25,0.438,14.3,9.8,0.0,22.568,0.155
146.6,25,0.441,14.2,9.9,0.0,22.568,0.155
146.7,25,0.444,14.2,9.8,0.0,22.568,0.154
146.8,25,0.445,14.2,9.8,0.0,22.568,0.153
146.9,25,0.445,14.3,10.0,0.0,22.568,0.153
147.0,25,0.445,14.3,9.9,0.0,22.568,0.153
147.1,25,0.449,14.3,10.1,0.0,22.568,0.152
147.2,25,0.449,14.3,10.1,0.0,22.568,0.152
147.3,25,0.45,14.4,10.2,0.0,22.568,0.152
147.4,25,0.453,14.3,10.2,0.0,22.568,0.151
147.5,25,0.457,14.2,10.1,0.0,22.568,0.15
147.6,25,0.458,14.3,10.2,0.0,22.568,0.15
147.7,25,0.461,14.3,10.2,0.0,22.568,0.149
147.8,25,0.461,14.3,10.2,0.0,22.568,0.149
147.9,25,0.461,14.4,10.3,0.0,22.568,0.149
148.0,25,0.462,14.5,10.2,0.0,22.568,0.149
148.1,25,0.464,14.5,10.3,0.0,22.568,0.148
148.2,25,0.468,14.4,10.5,0.0,22.568,0.147
148.3,25,0.472,14.3,10.7,0.0,22.568,0.146
148.4,25,0.477,14.2,10.9,0.0,22.568,0.145
148.5,25,0.482,14.1,11.1,0.0,22.568,0.143
148.6,25,0.488,14.0,11.3,0.0,22.568,0.142
148.7,25,0.49,14.0,11.5,0.0,22.568,0.141
148.8,25,0.495,14.0,11.8,0.0,22.568,0.14
148.9,25,0.496,14.0,12.0,0.0,22.568,0.139
149.0,25,0.502,13.9,12.2,0.0,22.568,0.138
149.1,25,0.507,13.9,12.5,0.0,22.568,0.136
149.2,25,0.513,13.8,12.8,0.0,22.568,0.135
149.3,25,0.52,13.7,13.0,0.0,22.568,0.133
149.4,25,0.523,13.7,13.1,0.0,22.568,0.132
149.5,25,0.529,13.6,13.4,0.0,22.568,0.13
149.6,25,0.537,13.5,13.6,0.0,22.568,0.128
149.7,25,0.54,13.5,13.9,0.0,22.568,0.127
149.8,25,0.546,13.5,14.1,0.0,22.568,0.126
149.9,25,0.552,13.5,14.1,0.0,22.568,0.124
