Time,ID,Ne,Area Coverage
0.0,6,,
0.0,7,,
0.0,8,,
0.0,9,,
0.0,10,,
0.1,6,2.0,104.72
0.1,7,0.0,314.159
0.1,8,2.0,104.72
0.1,9,3.0,78.54
0.1,10,3.0,78.54
0.2,6,2.0,104.72
0.2,7,0.0,314.159
0.2,8,2.0,104.72
0.2,9,3.0,78.54
0.2,10,3.0,78.54
0.3,6,2.0,104.72
0.3,7,0.0,314.159
0.3,8,2.0,104.72
0.3,9,3.0,78.54
0.3,10,3.0,78.54
0.4,6,2.0,104.72
0.4,7,0.0,314.159
0.4,8,2.0,104.72
0.4,9,3.0,78.54
0.4,10,3.0,78.54
0.5,6,2.0,104.72
0.5,7,0.0,314.159
0.5,8,2.0,104.72
0.5,9,2.0,104.72
0.5,10,3.0,78.54
0.6,6,1.0,157.08
0.6,7,0.0,314.159
0.6,8,1.0,157.08
0.6,9,2.0,104.72
0.6,10,2.0,104.72
0.7,6,1.0,157.08
0.7,7,0.0,314.159
0.7,8,1.0,157.08
0.7,9,2.0,104.72
0.7,10,2.0,104.72
0.8,6,1.0,157.08
0.8,7,0.0,314.159
0.8,8,1.0,157.08
0.8,9,2.0,104.72
0.8,10,2.0,104.72
0.9,6,1.0,157.08
0.9,7,0.0,314.159
0.9,8,1.0,157.08
0.9,9,2.0,104.72
0.9,10,2.0,104.72
1.0,6,1.0,157.08
1.0,7,0.0,314.159
1.0,8,1.0,157.08
1.0,9,2.0,104.72
1.0,10,2.0,104.72
1.1,6,1.0,157.08
1.1,7,0.0,314.159
1.1,8,1.0,157.08
1.1,9,2.0,104.72
1.1,10,2.0,104.72
1.2,6,1.0,157.08
1.2,7,0.0,314.159
1.2,8,1.0,157.08
1.2,9,2.0,104.72
1.2,10,2.0,104.72
1.3,6,1.0,157.08
1.3,7,0.0,314.159
1.3,8,1.0,157.08
1.3,9,2.0,104.72
1.3,10,2.0,104.72
1.4,6,1.0,157.08
1.4,7,0.0,314.159
1.4,8,1.0,157.08
1.4,9,2.0,104.72
1.4,10,2.0,104.72
1.5,6,1.0,157.08
1.5,7,0.0,314.159
1.5,8,1.0,157.08
1.5,9,2.0,104.72
1.5,10,2.0,104.72
1.6,6,1.0,157.08
1.6,7,0.0,314.159
1.6,8,1.0,157.08
1.6,9,2.0,104.72
1.6,10,2.0,104.72
1.7,6,1.0,157.08
1.7,7,0.0,314.159
1.7,8,1.0,157.08
1.7,9,2.0,104.72
1.7,10,2.0,104.72
1.8,6,1.0,157.08
1.8,7,0.0,314.159
1.8,8,1.0,157.08
1.8,9,2.0,104.72
1.8,10,2.0,104.72
1.9,6,1.0,157.08
1.9,7,0.0,314.159
1.9,8,1.0,157.08
1.9,9,2.0,104.72
1.9,10,2.0,104.72
2.0,6,1.0,157.08
2.0,7,0.0,314.159
2.0,8,1.0,157.08
2.0,9,2.0,104.72
2.0,10,2.0,104.72
2.1,6,1.0,157.08
2.1,7,0.0,314.159
2.1,8,1.0,157.08
2.1,9,2.0,104.72
2.1,10,2.0,104.72
2.2,6,1.0,157.08
2.2,7,0.0,314.159
2.2,8,1.0,157.08
2.2,9,2.0,104.72
2.2,10,2.0,104.72
2.3,6,1.0,157.08
2.3,7,0.0,314.159
2.3,8,1.0,157.08
2.3,9,2.0,104.72
2.3,10,2.0,104.72
2.4,6,1.0,157.08
2.4,7,0.0,314.159
2.4,8,1.0,157.08
2.4,9,2.0,104.72
2.4,10,2.0,104.72
2.5,6,1.0,157.08
2.5,7,0.0,314.159
2.5,8,1.0,157.08
2.5,9,2.0,104.72
2.5,10,2.0,104.72
2.6,6,1.0,157.08
2.6,7,0.0,314.159
2.6,8,1.0,157.08
2.6,9,2.0,104.72
2.6,10,2.0,104.72
2.7,6,1.0,157.08
2.7,7,0.0,314.159
2.7,8,1.0,157.08
2.7,9,2.0,104.72
2.7,10,2.0,104.72
2.8,6,1.0,157.08
2.8,7,0.0,314.159
2.8,8,1.0,157.08
2.8,9,2.0,104.72
2.8,10,2.0,104.72
2.9,6,1.0,157.08
2.9,7,0.0,314.159
2.9,8,1.0,157.08
2.9,9,2.0,104.72
2.9,10,2.0,104.72
3.0,6,1.0,157.08
3.0,7,0.0,314.159
3.0,8,1.0,157.08
3.0,9,2.0,104.72
3.0,10,2.0,104.72
3.1,6,1.0,157.08
3.1,7,0.0,314.159
3.1,8,1.0,157.08
3.1,9,2.0,104.72
3.1,10,2.0,104.72
3.2,6,1.0,157.08
3.2,7,0.0,314.159
3.2,8,1.0,157.08
3.2,9,2.0,104.72
3.2,10,2.0,104.72
3.3,6,1.0,157.08
3.3,7,0.0,314.159
3.3,8,1.0,157.08
3.3,9,2.0,104.72
3.3,10,2.0,104.72
3.4,6,1.0,157.08
3.4,7,0.0,314.159
3.4,8,1.0,157.08
3.4,9,2.0,104.72
3.4,10,2.0,104.72
3.5,6,1.0,157.08
3.5,7,0.0,314.159
3.5,8,1.0,157.08
3.5,9,2.0,104.72
3.5,10,2.0,104.72
3.6,6,1.0,157.08
3.6,7,0.0,314.159
3.6,8,1.0,157.08
3.6,9,2.0,104.72
3.6,10,2.0,104.72
3.7,6,1.0,157.08
3.7,7,0.0,314.159
3.7,8,1.0,157.08
3.7,9,2.0,104.72
3.7,10,2.0,104.72
3.8,6,1.0,157.08
3.8,7,0.0,314.159
3.8,8,1.0,157.08
3.8,9,2.0,104.72
3.8,10,2.0,104.72
3.9,6,1.0,157.08
3.9,7,0.0,314.159
3.9,8,1.0,157.08
3.9,9,2.0,104.72
3.9,10,2.0,104.72
4.0,6,1.0,157.08
4.0,7,0.0,314.159
4.0,8,1.0,157.08
4.0,9,2.0,104.72
4.0,10,2.0,104.72
4.1,6,1.0,157.08
4.1,7,0.0,314.159
4.1,8,0.0,314.159
4.1,9,2.0,104.72
4.1,10,1.0,157.08
4.2,6,1.0,157.08
4.2,7,0.0,314.159
4.2,8,0.0,314.159
4.2,9,2.0,104.72
4.2,10,1.0,157.08
4.3,6,1.0,157.08
4.3,7,0.0,314.159
4.3,8,0.0,314.159
4.3,9,2.0,104.72
4.3,10,1.0,157.08
4.4,6,1.0,157.08
4.4,7,0.0,314.159
4.4,8,0.0,314.159
4.4,9,2.0,104.72
4.4,10,1.0,157.08
4.5,6,1.0,157.08
4.5,7,0.0,314.159
4.5,8,0.0,314.159
4.5,9,2.0,104.72
4.5,10,1.0,157.08
4.6,6,1.0,157.08
4.6,7,0.0,314.159
4.6,8,0.0,314.159
4.6,9,2.0,104.72
4.6,10,1.0,157.08
4.7,6,1.0,157.08
4.7,7,0.0,314.159
4.7,8,0.0,314.159
4.7,9,2.0,104.72
4.7,10,1.0,157.08
4.8,6,1.0,157.08
4.8,7,0.0,314.159
4.8,8,0.0,314.159
4.8,9,2.0,104.72
4.8,10,1.0,157.08
4.9,6,1.0,157.08
4.9,7,0.0,314.159
4.9,8,0.0,314.159
4.9,9,2.0,104.72
4.9,10,1.0,157.08
5.0,6,1.0,157.08
5.0,7,0.0,314.159
5.0,8,0.0,314.159
5.0,9,2.0,104.72
5.0,10,1.0,157.08
5.1,6,1.0,157.08
5.1,7,0.0,314.159
5.1,8,0.0,314.159
5.1,9,2.0,104.72
5.1,10,1.0,157.08
5.2,6,1.0,157.08
5.2,7,0.0,314.159
5.2,8,0.0,314.159
5.2,9,2.0,104.72
5.2,10,1.0,157.08
5.3,6,1.0,157.08
5.3,7,0.0,314.159
5.3,8,0.0,314.159
5.3,9,2.0,104.72
5.3,10,1.0,157.08
5.4,6,1.0,157.08
5.4,7,0.0,314.159
5.4,8,0.0,314.159
5.4,9,2.0,104.72
5.4,10,1.0,157.08
5.5,6,1.0,157.08
5.5,7,0.0,314.159
5.5,8,0.0,314.159
5.5,9,2.0,104.72
5.5,10,1.0,157.08
5.6,6,1.0,157.08
5.6,7,0.0,314.159
5.6,8,0.0,314.159
5.6,9,2.0,104.72
5.6,10,1.0,157.08
5.7,6,1.0,157.08
5.7,7,0.0,314.159
5.7,8,0.0,314.159
5.7,9,2.0,104.72
5.7,10,1.0,157.08
5.8,6,1.0,157.08
5.8,7,0.0,314.159
5.8,8,0.0,314.159
5.8,9,2.0,104.72
5.8,10,1.0,157.08
5.9,6,1.0,157.08
5.9,7,0.0,314.159
5.9,8,0.0,314.159
5.9,9,2.0,104.72
5.9,10,1.0,157.08
6.0,6,1.0,157.08
6.0,7,0.0,314.159
6.0,8,0.0,314.159
6.0,9,2.0,104.72
6.0,10,1.0,157.08
6.1,6,1.0,157.08
6.1,7,0.0,314.159
6.1,8,0.0,314.159
6.1,9,2.0,104.72
6.1,10,1.0,157.08
6.2,6,1.0,157.08
6.2,7,0.0,314.159
6.2,8,0.0,314.159
6.2,9,2.0,104.72
6.2,10,1.0,157.08
6.3,6,1.0,157.08
6.3,7,0.0,314.159
6.3,8,0.0,314.159
6.3,9,2.0,104.72
6.3,10,1.0,157.08
6.4,6,1.0,157.08
6.4,7,0.0,314.159
6.4,8,0.0,314.159
6.4,9,2.0,104.72
6.4,10,1.0,157.08
6.5,6,1.0,157.08
6.5,7,0.0,314.159
6.5,8,0.0,314.159
6.5,9,2.0,104.72
6.5,10,1.0,157.08
6.6,6,1.0,157.08
6.6,7,0.0,314.159
6.6,8,0.0,314.159
6.6,9,2.0,104.72
6.6,10,1.0,157.08
6.7,6,1.0,157.08
6.7,7,0.0,314.159
6.7,8,0.0,314.159
6.7,9,2.0,104.72
6.7,10,1.0,157.08
6.8,6,1.0,157.08
6.8,7,0.0,314.159
6.8,8,0.0,314.159
6.8,9,2.0,104.72
6.8,10,1.0,157.08
6.9,6,1.0,157.08
6.9,7,0.0,314.159
6.9,8,0.0,314.159
6.9,9,2.0,104.72
6.9,10,1.0,157.08
7.0,6,1.0,157.08
7.0,7,0.0,314.159
7.0,8,0.0,314.159
7.0,9,2.0,104.72
7.0,10,1.0,157.08
7.1,6,1.0,157.08
7.1,7,0.0,314.159
7.1,8,0.0,314.159
7.1,9,2.0,104.72
7.1,10,1.0,157.08
7.2,6,1.0,157.08
7.2,7,0.0,314.159
7.2,8,0.0,314.159
7.2,9,2.0,104.72
7.2,10,1.0,157.08
7.3,6,1.0,157.08
7.3,7,0.0,314.159
7.3,8,0.0,314.159
7.3,9,2.0,104.72
7.3,10,1.0,157.08
7.4,6,1.0,157.08
7.4,7,0.0,314.159
7.4,8,0.0,314.159
7.4,9,2.0,104.72
7.4,10,1.0,157.08
7.5,6,1.0,157.08
7.5,7,0.0,314.159
7.5,8,0.0,314.159
7.5,9,2.0,104.72
7.5,10,1.0,157.08
7.6,6,1.0,157.08
7.6,7,0.0,314.159
7.6,8,0.0,314.159
7.6,9,2.0,104.72
7.6,10,1.0,157.08
7.7,6,1.0,157.08
7.7,7,0.0,314.159
7.7,8,0.0,314.159
7.7,9,2.0,104.72
7.7,10,1.0,157.08
7.8,6,1.0,157.08
7.8,7,0.0,314.159
7.8,8,0.0,314.159
7.8,9,2.0,104.72
7.8,10,1.0,157.08
7.9,6,1.0,157.08
7.9,7,0.0,314.159
7.9,8,0.0,314.159
7.9,9,2.0,104.72
7.9,10,1.0,157.08
8.0,6,1.0,157.08
8.0,7,0.0,314.159
8.0,8,0.0,314.159
8.0,9,2.0,104.72
8.0,10,1.0,157.08
8.1,6,1.0,157.08
8.1,7,0.0,314.159
8.1,8,0.0,314.159
8.1,9,2.0,104.72
8.1,10,1.0,157.08
8.2,6,1.0,157.08
8.2,7,0.0,314.159
8.2,8,0.0,314.159
8.2,9,2.0,104.72
8.2,10,1.0,157.08
8.3,6,1.0,157.08
8.3,7,0.0,314.159
8.3,8,0.0,314.159
8.3,9,2.0,104.72
8.3,10,1.0,157.08
8.4,6,1.0,157.08
8.4,7,0.0,314.159
8.4,8,0.0,314.159
8.4,9,2.0,104.72
8.4,10,1.0,157.08
8.5,6,1.0,157.08
8.5,7,0.0,314.159
8.5,8,0.0,314.159
8.5,9,2.0,104.72
8.5,10,1.0,157.08
8.6,6,1.0,157.08
8.6,7,0.0,314.159
8.6,8,0.0,314.159
8.6,9,2.0,104.72
8.6,10,1.0,157.08
8.7,6,1.0,157.08
8.7,7,0.0,314.159
8.7,8,0.0,314.159
8.7,9,2.0,104.72
8.7,10,1.0,157.08
8.8,6,1.0,157.08
8.8,7,0.0,314.159
8.8,8,0.0,314.159
8.8,9,2.0,104.72
8.8,10,1.0,157.08
8.9,6,0.0,314.159
8.9,7,0.0,314.159
8.9,8,0.0,314.159
8.9,9,0.0,314.159
8.9,10,0.0,314.159
9.0,6,0.0,314.159
9.0,7,0.0,314.159
9.0,8,0.0,314.159
9.0,9,0.0,314.159
9.0,10,0.0,314.159
9.1,6,0.0,314.159
9.1,7,0.0,314.159
9.1,8,0.0,314.159
9.1,9,1.0,157.08
9.1,10,1.0,157.08
9.2,6,0.0,314.159
9.2,7,0.0,314.159
9.2,8,0.0,314.159
9.2,9,1.0,157.08
9.2,10,1.0,157.08
9.3,6,0.0,314.159
9.3,7,0.0,314.159
9.3,8,0.0,314.159
9.3,9,1.0,157.08
9.3,10,1.0,157.08
9.4,6,0.0,314.159
9.4,7,0.0,314.159
9.4,8,0.0,314.159
9.4,9,1.0,157.08
9.4,10,1.0,157.08
9.5,6,0.0,314.159
9.5,7,0.0,314.159
9.5,8,0.0,314.159
9.5,9,1.0,157.08
9.5,10,1.0,157.08
9.6,6,0.0,314.159
9.6,7,0.0,314.159
9.6,8,0.0,314.159
9.6,9,1.0,157.08
9.6,10,1.0,157.08
9.7,6,1.0,157.08
9.7,7,0.0,314.159
9.7,8,0.0,314.159
9.7,9,1.0,157.08
9.7,10,0.0,314.159
9.8,6,0.0,314.159
9.8,7,0.0,314.159
9.8,8,0.0,314.159
9.8,9,2.0,104.72
9.8,10,1.0,157.08
9.9,6,1.0,157.08
9.9,7,0.0,314.159
9.9,8,0.0,314.159
9.9,9,2.0,104.72
9.9,10,1.0,157.08
10.0,6,0.0,314.159
10.0,7,0.0,314.159
10.0,8,0.0,314.159
10.0,9,0.0,314.159
10.0,10,1.0,157.08
10.1,6,0.0,314.159
10.1,7,0.0,314.159
10.1,8,0.0,314.159
10.1,9,1.0,157.08
10.1,10,1.0,157.08
10.2,6,0.0,314.159
10.2,7,0.0,314.159
10.2,8,0.0,314.159
10.2,9,1.0,157.08
10.2,10,1.0,157.08
10.3,6,0.0,314.159
10.3,7,0.0,314.159
10.3,8,0.0,314.159
10.3,9,1.0,157.08
10.3,10,1.0,157.08
10.4,6,0.0,314.159
10.4,7,0.0,314.159
10.4,8,0.0,314.159
10.4,9,1.0,157.08
10.4,10,1.0,157.08
10.5,6,0.0,314.159
10.5,7,0.0,314.159
10.5,8,0.0,314.159
10.5,9,1.0,157.08
10.5,10,1.0,157.08
10.6,6,0.0,314.159
10.6,7,0.0,314.159
10.6,8,0.0,314.159
10.6,9,1.0,157.08
10.6,10,1.0,157.08
10.7,6,0.0,314.159
10.7,7,0.0,314.159
10.7,8,0.0,314.159
10.7,9,1.0,157.08
10.7,10,1.0,157.08
10.8,6,0.0,314.159
10.8,7,0.0,314.159
10.8,8,0.0,314.159
10.8,9,1.0,157.08
10.8,10,1.0,157.08
10.9,6,0.0,314.159
10.9,7,0.0,314.159
10.9,8,0.0,314.159
10.9,9,1.0,157.08
10.9,10,1.0,157.08
11.0,6,0.0,314.159
11.0,7,0.0,314.159
11.0,8,0.0,314.159
11.0,9,1.0,157.08
11.0,10,1.0,157.08
11.1,6,0.0,314.159
11.1,7,0.0,314.159
11.1,8,0.0,314.159
11.1,9,1.0,157.08
11.1,10,1.0,157.08
11.2,6,0.0,314.159
11.2,7,0.0,314.159
11.2,8,0.0,314.159
11.2,9,1.0,157.08
11.2,10,1.0,157.08
11.3,6,0.0,314.159
11.3,7,0.0,314.159
11.3,8,0.0,314.159
11.3,9,1.0,157.08
11.3,10,1.0,157.08
11.4,6,0.0,314.159
11.4,7,0.0,314.159
11.4,8,0.0,314.159
11.4,9,1.0,157.08
11.4,10,1.0,157.08
11.5,6,0.0,314.159
11.5,7,0.0,314.159
11.5,8,0.0,314.159
11.5,9,1.0,157.08
11.5,10,1.0,157.08
11.6,6,0.0,314.159
11.6,7,0.0,314.159
11.6,8,0.0,314.159
11.6,9,1.0,157.08
11.6,10,1.0,157.08
11.7,6,0.0,314.159
11.7,7,0.0,314.159
11.7,8,0.0,314.159
11.7,9,1.0,157.08
11.7,10,1.0,157.08
11.8,6,0.0,314.159
11.8,7,0.0,314.159
11.8,8,0.0,314.159
11.8,9,1.0,157.08
11.8,10,1.0,157.08
11.9,6,0.0,314.159
11.9,7,0.0,314.159
11.9,8,0.0,314.159
11.9,9,1.0,157.08
11.9,10,1.0,157.08
12.0,6,0.0,314.159
12.0,7,0.0,314.159
12.0,8,0.0,314.159
12.0,9,1.0,157.08
12.0,10,1.0,157.08
12.1,6,0.0,314.159
12.1,7,0.0,314.159
12.1,8,0.0,314.159
12.1,9,1.0,157.08
12.1,10,1.0,157.08
12.2,6,0.0,314.159
12.2,7,0.0,314.159
12.2,8,0.0,314.159
12.2,9,1.0,157.08
12.2,10,1.0,157.08
12.3,6,0.0,314.159
12.3,7,0.0,314.159
12.3,8,0.0,314.159
12.3,9,1.0,157.08
12.3,10,1.0,157.08
12.4,6,0.0,314.159
12.4,7,0.0,314.159
12.4,8,0.0,314.159
12.4,9,1.0,157.08
12.4,10,1.0,157.08
12.5,6,0.0,314.159
12.5,7,0.0,314.159
12.5,8,0.0,314.159
12.5,9,1.0,157.08
12.5,10,1.0,157.08
12.6,6,0.0,314.159
12.6,7,0.0,314.159
12.6,8,0.0,314.159
12.6,9,1.0,157.08
12.6,10,1.0,157.08
12.7,6,0.0,314.159
12.7,7,0.0,314.159
12.7,8,0.0,314.159
12.7,9,1.0,157.08
12.7,10,1.0,157.08
12.8,6,0.0,314.159
12.8,7,0.0,314.159
12.8,8,0.0,314.159
12.8,9,1.0,157.08
12.8,10,1.0,157.08
12.9,6,0.0,314.159
12.9,7,0.0,314.159
12.9,8,0.0,314.159
12.9,9,1.0,157.08
12.9,10,1.0,157.08
13.0,6,0.0,314.159
13.0,7,0.0,314.159
13.0,8,0.0,314.159
13.0,9,1.0,157.08
13.0,10,1.0,157.08
13.1,6,0.0,314.159
13.1,7,0.0,314.159
13.1,8,0.0,314.159
13.1,9,1.0,157.08
13.1,10,1.0,157.08
13.2,6,0.0,314.159
13.2,7,0.0,314.159
13.2,8,0.0,314.159
13.2,9,1.0,157.08
13.2,10,1.0,157.08
13.3,6,0.0,314.159
13.3,7,0.0,314.159
13.3,8,0.0,314.159
13.3,9,1.0,157.08
13.3,10,1.0,157.08
13.4,6,0.0,314.159
13.4,7,0.0,314.159
13.4,8,0.0,314.159
13.4,9,1.0,157.08
13.4,10,1.0,157.08
13.5,6,0.0,314.159
13.5,7,0.0,314.159
13.5,8,0.0,314.159
13.5,9,1.0,157.08
13.5,10,1.0,157.08
13.6,6,0.0,314.159
13.6,7,0.0,314.159
13.6,8,0.0,314.159
13.6,9,1.0,157.08
13.6,10,1.0,157.08
13.7,6,0.0,314.159
13.7,7,0.0,314.159
13.7,8,0.0,314.159
13.7,9,1.0,157.08
13.7,10,1.0,157.08
13.8,6,0.0,314.159
13.8,7,0.0,314.159
13.8,8,0.0,314.159
13.8,9,1.0,157.08
13.8,10,1.0,157.08
13.9,6,0.0,314.159
13.9,7,0.0,314.159
13.9,8,0.0,314.159
13.9,9,1.0,157.08
13.9,10,1.0,157.08
14.0,6,0.0,314.159
14.0,7,0.0,314.159
14.0,8,0.0,314.159
14.0,9,1.0,157.08
14.0,10,1.0,157.08
14.1,6,0.0,314.159
14.1,7,0.0,314.159
14.1,8,0.0,314.159
14.1,9,1.0,157.08
14.1,10,1.0,157.08
14.2,6,0.0,314.159
14.2,7,0.0,314.159
14.2,8,0.0,314.159
14.2,9,1.0,157.08
14.2,10,1.0,157.08
14.3,6,0.0,314.159
14.3,7,0.0,314.159
14.3,8,0.0,314.159
14.3,9,1.0,157.08
14.3,10,1.0,157.08
14.4,6,0.0,314.159
14.4,7,0.0,314.159
14.4,8,0.0,314.159
14.4,9,1.0,157.08
14.4,10,1.0,157.08
14.5,6,0.0,314.159
14.5,7,0.0,314.159
14.5,8,0.0,314.159
14.5,9,1.0,157.08
14.5,10,1.0,157.08
14.6,6,0.0,314.159
14.6,7,0.0,314.159
14.6,8,0.0,314.159
14.6,9,1.0,157.08
14.6,10,1.0,157.08
14.7,6,0.0,314.159
14.7,7,0.0,314.159
14.7,8,0.0,314.159
14.7,9,1.0,157.08
14.7,10,1.0,157.08
14.8,6,0.0,314.159
14.8,7,0.0,314.159
14.8,8,0.0,314.159
14.8,9,1.0,157.08
14.8,10,1.0,157.08
14.9,6,0.0,314.159
14.9,7,0.0,314.159
14.9,8,0.0,314.159
14.9,9,1.0,157.08
14.9,10,1.0,157.08
15.0,6,0.0,314.159
15.0,7,0.0,314.159
15.0,8,0.0,314.159
15.0,9,1.0,157.08
15.0,10,1.0,157.08
15.1,6,0.0,314.159
15.1,7,0.0,314.159
15.1,8,0.0,314.159
15.1,9,1.0,157.08
15.1,10,1.0,157.08
15.2,6,0.0,314.159
15.2,7,0.0,314.159
15.2,8,0.0,314.159
15.2,9,1.0,157.08
15.2,10,1.0,157.08
15.3,6,0.0,314.159
15.3,7,0.0,314.159
15.3,8,0.0,314.159
15.3,9,1.0,157.08
15.3,10,1.0,157.08
15.4,6,0.0,314.159
15.4,7,0.0,314.159
15.4,8,0.0,314.159
15.4,9,1.0,157.08
15.4,10,1.0,157.08
15.5,6,0.0,314.159
15.5,7,0.0,314.159
15.5,8,0.0,314.159
15.5,9,1.0,157.08
15.5,10,1.0,157.08
15.6,6,0.0,314.159
15.6,7,0.0,314.159
15.6,8,0.0,314.159
15.6,9,1.0,157.08
15.6,10,1.0,157.08
15.7,6,0.0,314.159
15.7,7,0.0,314.159
15.7,8,0.0,314.159
15.7,9,1.0,157.08
15.7,10,1.0,157.08
15.8,6,0.0,314.159
15.8,7,0.0,314.159
15.8,8,0.0,314.159
15.8,9,1.0,157.08
15.8,10,1.0,157.08
15.9,6,0.0,314.159
15.9,7,0.0,314.159
15.9,8,0.0,314.159
15.9,9,1.0,157.08
15.9,10,1.0,157.08
16.0,6,0.0,314.159
16.0,7,0.0,314.159
16.0,8,0.0,314.159
16.0,9,1.0,157.08
16.0,10,1.0,157.08
16.1,6,0.0,314.159
16.1,7,0.0,314.159
16.1,8,0.0,314.159
16.1,9,1.0,157.08
16.1,10,1.0,157.08
16.2,6,0.0,314.159
16.2,7,0.0,314.159
16.2,8,0.0,314.159
16.2,9,1.0,157.08
16.2,10,1.0,157.08
16.3,6,0.0,314.159
16.3,7,0.0,314.159
16.3,8,0.0,314.159
16.3,9,1.0,157.08
16.3,10,1.0,157.08
16.4,6,0.0,314.159
16.4,7,0.0,314.159
16.4,8,0.0,314.159
16.4,9,1.0,157.08
16.4,10,1.0,157.08
16.5,6,0.0,314.159
16.5,7,0.0,314.159
16.5,8,0.0,314.159
16.5,9,1.0,157.08
16.5,10,1.0,157.08
16.6,6,0.0,314.159
16.6,7,0.0,314.159
16.6,8,0.0,314.159
16.6,9,1.0,157.08
16.6,10,1.0,157.08
16.7,6,0.0,314.159
16.7,7,0.0,314.159
16.7,8,0.0,314.159
16.7,9,1.0,157.08
16.7,10,1.0,157.08
16.8,6,1.0,157.08
16.8,7,0.0,314.159
16.8,8,0.0,314.159
16.8,9,1.0,157.08
16.8,10,1.0,157.08
16.9,6,1.0,157.08
16.9,7,0.0,314.159
16.9,8,0.0,314.159
16.9,9,2.0,104.72
16.9,10,1.0,157.08
17.0,6,1.0,157.08
17.0,7,0.0,314.159
17.0,8,0.0,314.159
17.0,9,2.0,104.72
17.0,10,1.0,157.08
17.1,6,1.0,157.08
17.1,7,0.0,314.159
17.1,8,0.0,314.159
17.1,9,2.0,104.72
17.1,10,1.0,157.08
17.2,6,1.0,157.08
17.2,7,0.0,314.159
17.2,8,0.0,314.159
17.2,9,2.0,104.72
17.2,10,1.0,157.08
17.3,6,0.0,314.159
17.3,7,0.0,314.159
17.3,8,0.0,314.159
17.3,9,1.0,157.08
17.3,10,1.0,157.08
17.4,6,1.0,157.08
17.4,7,0.0,314.159
17.4,8,0.0,314.159
17.4,9,2.0,104.72
17.4,10,1.0,157.08
17.5,6,1.0,157.08
17.5,7,0.0,314.159
17.5,8,0.0,314.159
17.5,9,2.0,104.72
17.5,10,1.0,157.08
17.6,6,1.0,157.08
17.6,7,0.0,314.159
17.6,8,0.0,314.159
17.6,9,2.0,104.72
17.6,10,1.0,157.08
17.7,6,1.0,157.08
17.7,7,0.0,314.159
17.7,8,0.0,314.159
17.7,9,2.0,104.72
17.7,10,1.0,157.08
17.8,6,1.0,157.08
17.8,7,0.0,314.159
17.8,8,0.0,314.159
17.8,9,2.0,104.72
17.8,10,1.0,157.08
17.9,6,1.0,157.08
17.9,7,0.0,314.159
17.9,8,0.0,314.159
17.9,9,2.0,104.72
17.9,10,1.0,157.08
18.0,6,1.0,157.08
18.0,7,0.0,314.159
18.0,8,0.0,314.159
18.0,9,2.0,104.72
18.0,10,1.0,157.08
18.1,6,1.0,157.08
18.1,7,0.0,314.159
18.1,8,0.0,314.159
18.1,9,2.0,104.72
18.1,10,1.0,157.08
18.2,6,1.0,157.08
18.2,7,0.0,314.159
18.2,8,0.0,314.159
18.2,9,2.0,104.72
18.2,10,1.0,157.08
18.3,6,1.0,157.08
18.3,7,0.0,314.159
18.3,8,0.0,314.159
18.3,9,2.0,104.72
18.3,10,1.0,157.08
18.4,6,1.0,157.08
18.4,7,0.0,314.159
18.4,8,0.0,314.159
18.4,9,2.0,104.72
18.4,10,1.0,157.08
18.5,6,1.0,157.08
18.5,7,0.0,314.159
18.5,8,0.0,314.159
18.5,9,2.0,104.72
18.5,10,1.0,157.08
18.6,6,1.0,157.08
18.6,7,0.0,314.159
18.6,8,0.0,314.159
18.6,9,2.0,104.72
18.6,10,1.0,157.08
18.7,6,1.0,157.08
18.7,7,0.0,314.159
18.7,8,0.0,314.159
18.7,9,2.0,104.72
18.7,10,1.0,157.08
18.8,6,1.0,157.08
18.8,7,0.0,314.159
18.8,8,0.0,314.159
18.8,9,2.0,104.72
18.8,10,1.0,157.08
18.9,6,1.0,157.08
18.9,7,0.0,314.159
18.9,8,0.0,314.159
18.9,9,2.0,104.72
18.9,10,1.0,157.08
19.0,6,1.0,157.08
19.0,7,0.0,314.159
19.0,8,0.0,314.159
19.0,9,2.0,104.72
19.0,10,1.0,157.08
19.1,6,1.0,157.08
19.1,7,0.0,314.159
19.1,8,0.0,314.159
19.1,9,2.0,104.72
19.1,10,1.0,157.08
19.2,6,1.0,157.08
19.2,7,0.0,314.159
19.2,8,0.0,314.159
19.2,9,2.0,104.72
19.2,10,1.0,157.08
19.3,6,1.0,157.08
19.3,7,0.0,314.159
19.3,8,0.0,314.159
19.3,9,2.0,104.72
19.3,10,1.0,157.08
19.4,6,1.0,157.08
19.4,7,0.0,314.159
19.4,8,0.0,314.159
19.4,9,2.0,104.72
19.4,10,1.0,157.08
19.5,6,1.0,157.08
19.5,7,0.0,314.159
19.5,8,0.0,314.159
19.5,9,2.0,104.72
19.5,10,1.0,157.08
19.6,6,1.0,157.08
19.6,7,0.0,314.159
19.6,8,0.0,314.159
19.6,9,2.0,104.72
19.6,10,1.0,157.08
19.7,6,1.0,157.08
19.7,7,0.0,314.159
19.7,8,0.0,314.159
19.7,9,2.0,104.72
19.7,10,1.0,157.08
19.8,6,1.0,157.08
19.8,7,0.0,314.159
19.8,8,0.0,314.159
19.8,9,2.0,104.72
19.8,10,1.0,157.08
19.9,6,1.0,157.08
19.9,7,0.0,314.159
19.9,8,0.0,314.159
19.9,9,2.0,104.72
19.9,10,1.0,157.08
20.0,6,1.0,157.08
20.0,7,0.0,314.159
20.0,8,0.0,314.159
20.0,9,2.0,104.72
20.0,10,1.0,157.08
20.1,6,1.0,157.08
20.1,7,0.0,314.159
20.1,8,0.0,314.159
20.1,9,2.0,104.72
20.1,10,1.0,157.08
20.2,6,1.0,157.08
20.2,7,0.0,314.159
20.2,8,0.0,314.159
20.2,9,2.0,104.72
20.2,10,1.0,157.08
20.3,6,1.0,157.08
20.3,7,0.0,314.159
20.3,8,0.0,314.159
20.3,9,2.0,104.72
20.3,10,1.0,157.08
20.4,6,1.0,157.08
20.4,7,0.0,314.159
20.4,8,0.0,314.159
20.4,9,2.0,104.72
20.4,10,1.0,157.08
20.5,6,1.0,157.08
20.5,7,0.0,314.159
20.5,8,0.0,314.159
20.5,9,2.0,104.72
20.5,10,1.0,157.08
20.6,6,1.0,157.08
20.6,7,0.0,314.159
20.6,8,0.0,314.159
20.6,9,2.0,104.72
20.6,10,1.0,157.08
20.7,6,1.0,157.08
20.7,7,0.0,314.159
20.7,8,0.0,314.159
20.7,9,2.0,104.72
20.7,10,1.0,157.08
20.8,6,1.0,157.08
20.8,7,0.0,314.159
20.8,8,0.0,314.159
20.8,9,2.0,104.72
20.8,10,1.0,157.08
20.9,6,1.0,157.08
20.9,7,0.0,314.159
20.9,8,0.0,314.159
20.9,9,2.0,104.72
20.9,10,1.0,157.08
21.0,6,1.0,157.08
21.0,7,0.0,314.159
21.0,8,0.0,314.159
21.0,9,2.0,104.72
21.0,10,1.0,157.08
21.1,6,1.0,157.08
21.1,7,0.0,314.159
21.1,8,0.0,314.159
21.1,9,2.0,104.72
21.1,10,1.0,157.08
21.2,6,1.0,157.08
21.2,7,0.0,314.159
21.2,8,0.0,314.159
21.2,9,2.0,104.72
21.2,10,1.0,157.08
21.3,6,1.0,157.08
21.3,7,0.0,314.159
21.3,8,0.0,314.159
21.3,9,2.0,104.72
21.3,10,1.0,157.08
21.4,6,1.0,157.08
21.4,7,0.0,314.159
21.4,8,0.0,314.159
21.4,9,2.0,104.72
21.4,10,1.0,157.08
21.5,6,1.0,157.08
21.5,7,0.0,314.159
21.5,8,0.0,314.159
21.5,9,2.0,104.72
21.5,10,1.0,157.08
21.6,6,1.0,157.08
21.6,7,0.0,314.159
21.6,8,0.0,314.159
21.6,9,2.0,104.72
21.6,10,1.0,157.08
21.7,6,1.0,157.08
21.7,7,0.0,314.159
21.7,8,0.0,314.159
21.7,9,2.0,104.72
21.7,10,1.0,157.08
21.8,6,1.0,157.08
21.8,7,0.0,314.159
21.8,8,0.0,314.159
21.8,9,2.0,104.72
21.8,10,1.0,157.08
21.9,6,1.0,157.08
21.9,7,0.0,314.159
21.9,8,0.0,314.159
21.9,9,2.0,104.72
21.9,10,1.0,157.08
22.0,6,1.0,157.08
22.0,7,0.0,314.159
22.0,8,0.0,314.159
22.0,9,2.0,104.72
22.0,10,1.0,157.08
22.1,6,1.0,157.08
22.1,7,0.0,314.159
22.1,8,0.0,314.159
22.1,9,2.0,104.72
22.1,10,1.0,157.08
22.2,6,1.0,157.08
22.2,7,0.0,314.159
22.2,8,0.0,314.159
22.2,9,2.0,104.72
22.2,10,1.0,157.08
22.3,6,1.0,157.08
22.3,7,0.0,314.159
22.3,8,0.0,314.159
22.3,9,2.0,104.72
22.3,10,1.0,157.08
22.4,6,1.0,157.08
22.4,7,0.0,314.159
22.4,8,0.0,314.159
22.4,9,2.0,104.72
22.4,10,1.0,157.08
22.5,6,1.0,157.08
22.5,7,0.0,314.159
22.5,8,0.0,314.159
22.5,9,2.0,104.72
22.5,10,1.0,157.08
22.6,6,1.0,157.08
22.6,7,0.0,314.159
22.6,8,0.0,314.159
22.6,9,2.0,104.72
22.6,10,1.0,157.08
22.7,6,1.0,157.08
22.7,7,0.0,314.159
22.7,8,0.0,314.159
22.7,9,2.0,104.72
22.7,10,1.0,157.08
22.8,6,1.0,157.08
22.8,7,0.0,314.159
22.8,8,0.0,314.159
22.8,9,2.0,104.72
22.8,10,1.0,157.08
22.9,6,1.0,157.08
22.9,7,0.0,314.159
22.9,8,0.0,314.159
22.9,9,2.0,104.72
22.9,10,1.0,157.08
23.0,6,1.0,157.08
23.0,7,0.0,314.159
23.0,8,0.0,314.159
23.0,9,2.0,104.72
23.0,10,1.0,157.08
23.1,6,1.0,157.08
23.1,7,0.0,314.159
23.1,8,0.0,314.159
23.1,9,2.0,104.72
23.1,10,1.0,157.08
23.2,6,1.0,157.08
23.2,7,0.0,314.159
23.2,8,0.0,314.159
23.2,9,2.0,104.72
23.2,10,1.0,157.08
23.3,6,1.0,157.08
23.3,7,0.0,314.159
23.3,8,0.0,314.159
23.3,9,2.0,104.72
23.3,10,1.0,157.08
23.4,6,1.0,157.08
23.4,7,0.0,314.159
23.4,8,0.0,314.159
23.4,9,2.0,104.72
23.4,10,1.0,157.08
23.5,6,1.0,157.08
23.5,7,0.0,314.159
23.5,8,0.0,314.159
23.5,9,2.0,104.72
23.5,10,1.0,157.08
23.6,6,1.0,157.08
23.6,7,0.0,314.159
23.6,8,0.0,314.159
23.6,9,2.0,104.72
23.6,10,1.0,157.08
23.7,6,1.0,157.08
23.7,7,0.0,314.159
23.7,8,0.0,314.159
23.7,9,2.0,104.72
23.7,10,1.0,157.08
23.8,6,1.0,157.08
23.8,7,0.0,314.159
23.8,8,0.0,314.159
23.8,9,2.0,104.72
23.8,10,1.0,157.08
23.9,6,1.0,157.08
23.9,7,0.0,314.159
23.9,8,0.0,314.159
23.9,9,2.0,104.72
23.9,10,1.0,157.08
24.0,6,1.0,157.08
24.0,7,0.0,314.159
24.0,8,0.0,314.159
24.0,9,2.0,104.72
24.0,10,1.0,157.08
24.1,6,1.0,157.08
24.1,7,0.0,314.159
24.1,8,0.0,314.159
24.1,9,2.0,104.72
24.1,10,1.0,157.08
24.2,6,1.0,157.08
24.2,7,0.0,314.159
24.2,8,0.0,314.159
24.2,9,2.0,104.72
24.2,10,1.0,157.08
24.3,6,1.0,157.08
24.3,7,0.0,314.159
24.3,8,0.0,314.159
24.3,9,2.0,104.72
24.3,10,1.0,157.08
24.4,6,1.0,157.08
24.4,7,0.0,314.159
24.4,8,0.0,314.159
24.4,9,2.0,104.72
24.4,10,1.0,157.08
24.5,6,1.0,157.08
24.5,7,0.0,314.159
24.5,8,0.0,314.159
24.5,9,2.0,104.72
24.5,10,1.0,157.08
24.6,6,1.0,157.08
24.6,7,0.0,314.159
24.6,8,0.0,314.159
24.6,9,2.0,104.72
24.6,10,1.0,157.08
24.7,6,1.0,157.08
24.7,7,0.0,314.159
24.7,8,0.0,314.159
24.7,9,2.0,104.72
24.7,10,1.0,157.08
24.8,6,1.0,157.08
24.8,7,0.0,314.159
24.8,8,0.0,314.159
24.8,9,2.0,104.72
24.8,10,1.0,157.08
24.9,6,1.0,157.08
24.9,7,0.0,314.159
24.9,8,0.0,314.159
24.9,9,2.0,104.72
24.9,10,1.0,157.08
25.0,6,1.0,157.08
25.0,7,0.0,314.159
25.0,8,0.0,314.159
25.0,9,2.0,104.72
25.0,10,1.0,157.08
25.1,6,1.0,157.08
25.1,7,0.0,314.159
25.1,8,0.0,314.159
25.1,9,2.0,104.72
25.1,10,1.0,157.08
25.2,6,1.0,157.08
25.2,7,0.0,314.159
25.2,8,0.0,314.159
25.2,9,2.0,104.72
25.2,10,1.0,157.08
25.3,6,1.0,157.08
25.3,7,0.0,314.159
25.3,8,0.0,314.159
25.3,9,2.0,104.72
25.3,10,1.0,157.08
25.4,6,1.0,157.08
25.4,7,0.0,314.159
25.4,8,0.0,314.159
25.4,9,2.0,104.72
25.4,10,1.0,157.08
25.5,6,1.0,157.08
25.5,7,0.0,314.159
25.5,8,0.0,314.159
25.5,9,2.0,104.72
25.5,10,1.0,157.08
25.6,6,1.0,157.08
25.6,7,0.0,314.159
25.6,8,0.0,314.159
25.6,9,2.0,104.72
25.6,10,1.0,157.08
25.7,6,1.0,157.08
25.7,7,0.0,314.159
25.7,8,0.0,314.159
25.7,9,2.0,104.72
25.7,10,1.0,157.08
25.8,6,1.0,157.08
25.8,7,0.0,314.159
25.8,8,0.0,314.159
25.8,9,2.0,104.72
25.8,10,1.0,157.08
25.9,6,1.0,157.08
25.9,7,0.0,314.159
25.9,8,0.0,314.159
25.9,9,2.0,104.72
25.9,10,1.0,157.08
26.0,6,1.0,157.08
26.0,7,0.0,314.159
26.0,8,0.0,314.159
26.0,9,2.0,104.72
26.0,10,1.0,157.08
26.1,6,1.0,157.08
26.1,7,0.0,314.159
26.1,8,0.0,314.159
26.1,9,2.0,104.72
26.1,10,1.0,157.08
26.2,6,1.0,157.08
26.2,7,0.0,314.159
26.2,8,0.0,314.159
26.2,9,2.0,104.72
26.2,10,1.0,157.08
26.3,6,1.0,157.08
26.3,7,0.0,314.159
26.3,8,0.0,314.159
26.3,9,2.0,104.72
26.3,10,1.0,157.08
26.4,6,1.0,157.08
26.4,7,0.0,314.159
26.4,8,0.0,314.159
26.4,9,2.0,104.72
26.4,10,1.0,157.08
26.5,6,1.0,157.08
26.5,7,0.0,314.159
26.5,8,0.0,314.159
26.5,9,2.0,104.72
26.5,10,1.0,157.08
26.6,6,1.0,157.08
26.6,7,0.0,314.159
26.6,8,0.0,314.159
26.6,9,2.0,104.72
26.6,10,1.0,157.08
26.7,6,1.0,157.08
26.7,7,0.0,314.159
26.7,8,0.0,314.159
26.7,9,2.0,104.72
26.7,10,1.0,157.08
26.8,6,1.0,157.08
26.8,7,0.0,314.159
26.8,8,0.0,314.159
26.8,9,2.0,104.72
26.8,10,1.0,157.08
26.9,6,1.0,157.08
26.9,7,0.0,314.159
26.9,8,0.0,314.159
26.9,9,2.0,104.72
26.9,10,1.0,157.08
27.0,6,1.0,157.08
27.0,7,0.0,314.159
27.0,8,0.0,314.159
27.0,9,2.0,104.72
27.0,10,1.0,157.08
27.1,6,1.0,157.08
27.1,7,0.0,314.159
27.1,8,0.0,314.159
27.1,9,2.0,104.72
27.1,10,1.0,157.08
27.2,6,1.0,157.08
27.2,7,0.0,314.159
27.2,8,0.0,314.159
27.2,9,2.0,104.72
27.2,10,1.0,157.08
27.3,6,1.0,157.08
27.3,7,0.0,314.159
27.3,8,0.0,314.159
27.3,9,2.0,104.72
27.3,10,1.0,157.08
27.4,6,1.0,157.08
27.4,7,0.0,314.159
27.4,8,0.0,314.159
27.4,9,2.0,104.72
27.4,10,1.0,157.08
27.5,6,1.0,157.08
27.5,7,0.0,314.159
27.5,8,0.0,314.159
27.5,9,2.0,104.72
27.5,10,1.0,157.08
27.6,6,1.0,157.08
27.6,7,0.0,314.159
27.6,8,0.0,314.159
27.6,9,2.0,104.72
27.6,10,1.0,157.08
27.7,6,1.0,157.08
27.7,7,0.0,314.159
27.7,8,0.0,314.159
27.7,9,2.0,104.72
27.7,10,1.0,157.08
27.8,6,1.0,157.08
27.8,7,0.0,314.159
27.8,8,0.0,314.159
27.8,9,2.0,104.72
27.8,10,1.0,157.08
27.9,6,1.0,157.08
27.9,7,0.0,314.159
27.9,8,0.0,314.159
27.9,9,2.0,104.72
27.9,10,1.0,157.08
28.0,6,1.0,157.08
28.0,7,0.0,314.159
28.0,8,0.0,314.159
28.0,9,2.0,104.72
28.0,10,1.0,157.08
28.1,6,1.0,157.08
28.1,7,0.0,314.159
28.1,8,0.0,314.159
28.1,9,2.0,104.72
28.1,10,1.0,157.08
28.2,6,1.0,157.08
28.2,7,0.0,314.159
28.2,8,0.0,314.159
28.2,9,2.0,104.72
28.2,10,1.0,157.08
28.3,6,1.0,157.08
28.3,7,0.0,314.159
28.3,8,0.0,314.159
28.3,9,2.0,104.72
28.3,10,1.0,157.08
28.4,6,1.0,157.08
28.4,7,0.0,314.159
28.4,8,0.0,314.159
28.4,9,2.0,104.72
28.4,10,1.0,157.08
28.5,6,1.0,157.08
28.5,7,0.0,314.159
28.5,8,0.0,314.159
28.5,9,2.0,104.72
28.5,10,1.0,157.08
28.6,6,1.0,157.08
28.6,7,0.0,314.159
28.6,8,0.0,314.159
28.6,9,2.0,104.72
28.6,10,1.0,157.08
28.7,6,1.0,157.08
28.7,7,0.0,314.159
28.7,8,0.0,314.159
28.7,9,2.0,104.72
28.7,10,1.0,157.08
28.8,6,1.0,157.08
28.8,7,0.0,314.159
28.8,8,0.0,314.159
28.8,9,1.0,157.08
28.8,10,0.0,314.159
28.9,6,1.0,157.08
28.9,7,0.0,314.159
28.9,8,0.0,314.159
28.9,9,1.0,157.08
28.9,10,1.0,157.08
29.0,6,1.0,157.08
29.0,7,0.0,314.159
29.0,8,0.0,314.159
29.0,9,1.0,157.08
29.0,10,0.0,314.159
29.1,6,1.0,157.08
29.1,7,0.0,314.159
29.1,8,0.0,314.159
29.1,9,1.0,157.08
29.1,10,0.0,314.159
29.2,6,1.0,157.08
29.2,7,0.0,314.159
29.2,8,0.0,314.159
29.2,9,1.0,157.08
29.2,10,0.0,314.159
29.3,6,1.0,157.08
29.3,7,0.0,314.159
29.3,8,0.0,314.159
29.3,9,1.0,157.08
29.3,10,0.0,314.159
29.4,6,1.0,157.08
29.4,7,0.0,314.159
29.4,8,0.0,314.159
29.4,9,1.0,157.08
29.4,10,0.0,314.159
29.5,6,1.0,157.08
29.5,7,0.0,314.159
29.5,8,0.0,314.159
29.5,9,1.0,157.08
29.5,10,0.0,314.159
29.6,6,1.0,157.08
29.6,7,0.0,314.159
29.6,8,0.0,314.159
29.6,9,1.0,157.08
29.6,10,0.0,314.159
29.7,6,1.0,157.08
29.7,7,0.0,314.159
29.7,8,0.0,314.159
29.7,9,1.0,157.08
29.7,10,0.0,314.159
29.8,6,1.0,157.08
29.8,7,0.0,314.159
29.8,8,0.0,314.159
29.8,9,1.0,157.08
29.8,10,0.0,314.159
29.9,6,1.0,157.08
29.9,7,0.0,314.159
29.9,8,0.0,314.159
29.9,9,1.0,157.08
29.9,10,0.0,314.159
30.0,6,1.0,157.08
30.0,7,0.0,314.159
30.0,8,0.0,314.159
30.0,9,1.0,157.08
30.0,10,0.0,314.159
30.1,6,1.0,157.08
30.1,7,0.0,314.159
30.1,8,0.0,314.159
30.1,9,1.0,157.08
30.1,10,0.0,314.159
30.2,6,1.0,157.08
30.2,7,0.0,314.159
30.2,8,0.0,314.159
30.2,9,1.0,157.08
30.2,10,0.0,314.159
30.3,6,1.0,157.08
30.3,7,0.0,314.159
30.3,8,0.0,314.159
30.3,9,1.0,157.08
30.3,10,0.0,314.159
30.4,6,1.0,157.08
30.4,7,0.0,314.159
30.4,8,0.0,314.159
30.4,9,1.0,157.08
30.4,10,0.0,314.159
30.5,6,1.0,157.08
30.5,7,0.0,314.159
30.5,8,0.0,314.159
30.5,9,1.0,157.08
30.5,10,0.0,314.159
30.6,6,1.0,157.08
30.6,7,0.0,314.159
30.6,8,0.0,314.159
30.6,9,1.0,157.08
30.6,10,0.0,314.159
30.7,6,1.0,157.08
30.7,7,0.0,314.159
30.7,8,0.0,314.159
30.7,9,1.0,157.08
30.7,10,0.0,314.159
30.8,6,1.0,157.08
30.8,7,0.0,314.159
30.8,8,0.0,314.159
30.8,9,1.0,157.08
30.8,10,0.0,314.159
30.9,6,1.0,157.08
30.9,7,0.0,314.159
30.9,8,0.0,314.159
30.9,9,1.0,157.08
30.9,10,0.0,314.159
31.0,6,1.0,157.08
31.0,7,0.0,314.159
31.0,8,0.0,314.159
31.0,9,1.0,157.08
31.0,10,0.0,314.159
31.1,6,1.0,157.08
31.1,7,0.0,314.159
31.1,8,0.0,314.159
31.1,9,1.0,157.08
31.1,10,0.0,314.159
31.2,6,1.0,157.08
31.2,7,0.0,314.159
31.2,8,0.0,314.159
31.2,9,1.0,157.08
31.2,10,0.0,314.159
31.3,6,1.0,157.08
31.3,7,0.0,314.159
31.3,8,0.0,314.159
31.3,9,1.0,157.08
31.3,10,1.0,157.08
31.4,6,1.0,157.08
31.4,7,0.0,314.159
31.4,8,0.0,314.159
31.4,9,2.0,104.72
31.4,10,0.0,314.159
31.5,6,1.0,157.08
31.5,7,0.0,314.159
31.5,8,0.0,314.159
31.5,9,2.0,104.72
31.5,10,1.0,157.08
31.6,6,1.0,157.08
31.6,7,0.0,314.159
31.6,8,0.0,314.159
31.6,9,2.0,104.72
31.6,10,1.0,157.08
31.7,6,1.0,157.08
31.7,7,0.0,314.159
31.7,8,0.0,314.159
31.7,9,1.0,157.08
31.7,10,1.0,157.08
31.8,6,1.0,157.08
31.8,7,0.0,314.159
31.8,8,0.0,314.159
31.8,9,2.0,104.72
31.8,10,0.0,314.159
31.9,6,1.0,157.08
31.9,7,0.0,314.159
31.9,8,0.0,314.159
31.9,9,1.0,157.08
31.9,10,1.0,157.08
32.0,6,1.0,157.08
32.0,7,0.0,314.159
32.0,8,0.0,314.159
32.0,9,2.0,104.72
32.0,10,1.0,157.08
32.1,6,1.0,157.08
32.1,7,0.0,314.159
32.1,8,0.0,314.159
32.1,9,1.0,157.08
32.1,10,0.0,314.159
32.2,6,1.0,157.08
32.2,7,0.0,314.159
32.2,8,0.0,314.159
32.2,9,2.0,104.72
32.2,10,1.0,157.08
32.3,6,1.0,157.08
32.3,7,0.0,314.159
32.3,8,0.0,314.159
32.3,9,2.0,104.72
32.3,10,1.0,157.08
32.4,6,1.0,157.08
32.4,7,0.0,314.159
32.4,8,0.0,314.159
32.4,9,2.0,104.72
32.4,10,1.0,157.08
32.5,6,1.0,157.08
32.5,7,0.0,314.159
32.5,8,0.0,314.159
32.5,9,2.0,104.72
32.5,10,1.0,157.08
32.6,6,1.0,157.08
32.6,7,0.0,314.159
32.6,8,0.0,314.159
32.6,9,2.0,104.72
32.6,10,1.0,157.08
32.7,6,1.0,157.08
32.7,7,0.0,314.159
32.7,8,0.0,314.159
32.7,9,2.0,104.72
32.7,10,1.0,157.08
32.8,6,1.0,157.08
32.8,7,0.0,314.159
32.8,8,0.0,314.159
32.8,9,2.0,104.72
32.8,10,1.0,157.08
32.9,6,1.0,157.08
32.9,7,0.0,314.159
32.9,8,0.0,314.159
32.9,9,2.0,104.72
32.9,10,1.0,157.08
33.0,6,1.0,157.08
33.0,7,0.0,314.159
33.0,8,0.0,314.159
33.0,9,2.0,104.72
33.0,10,1.0,157.08
33.1,6,1.0,157.08
33.1,7,0.0,314.159
33.1,8,0.0,314.159
33.1,9,2.0,104.72
33.1,10,1.0,157.08
33.2,6,1.0,157.08
33.2,7,0.0,314.159
33.2,8,0.0,314.159
33.2,9,2.0,104.72
33.2,10,1.0,157.08
33.3,6,1.0,157.08
33.3,7,0.0,314.159
33.3,8,0.0,314.159
33.3,9,2.0,104.72
33.3,10,1.0,157.08
33.4,6,1.0,157.08
33.4,7,0.0,314.159
33.4,8,0.0,314.159
33.4,9,2.0,104.72
33.4,10,1.0,157.08
33.5,6,1.0,157.08
33.5,7,0.0,314.159
33.5,8,0.0,314.159
33.5,9,2.0,104.72
33.5,10,1.0,157.08
33.6,6,1.0,157.08
33.6,7,0.0,314.159
33.6,8,0.0,314.159
33.6,9,2.0,104.72
33.6,10,1.0,157.08
33.7,6,1.0,157.08
33.7,7,0.0,314.159
33.7,8,0.0,314.159
33.7,9,2.0,104.72
33.7,10,1.0,157.08
33.8,6,1.0,157.08
33.8,7,0.0,314.159
33.8,8,0.0,314.159
33.8,9,2.0,104.72
33.8,10,1.0,157.08
33.9,6,1.0,157.08
33.9,7,0.0,314.159
33.9,8,0.0,314.159
33.9,9,2.0,104.72
33.9,10,1.0,157.08
34.0,6,1.0,157.08
34.0,7,0.0,314.159
34.0,8,0.0,314.159
34.0,9,2.0,104.72
34.0,10,1.0,157.08
34.1,6,1.0,157.08
34.1,7,0.0,314.159
34.1,8,0.0,314.159
34.1,9,2.0,104.72
34.1,10,1.0,157.08
34.2,6,1.0,157.08
34.2,7,0.0,314.159
34.2,8,0.0,314.159
34.2,9,2.0,104.72
34.2,10,1.0,157.08
34.3,6,1.0,157.08
34.3,7,0.0,314.159
34.3,8,0.0,314.159
34.3,9,2.0,104.72
34.3,10,1.0,157.08
34.4,6,1.0,157.08
34.4,7,0.0,314.159
34.4,8,0.0,314.159
34.4,9,2.0,104.72
34.4,10,1.0,157.08
34.5,6,1.0,157.08
34.5,7,0.0,314.159
34.5,8,0.0,314.159
34.5,9,2.0,104.72
34.5,10,1.0,157.08
34.6,6,1.0,157.08
34.6,7,0.0,314.159
34.6,8,0.0,314.159
34.6,9,2.0,104.72
34.6,10,1.0,157.08
34.7,6,1.0,157.08
34.7,7,0.0,314.159
34.7,8,0.0,314.159
34.7,9,2.0,104.72
34.7,10,1.0,157.08
34.8,6,1.0,157.08
34.8,7,0.0,314.159
34.8,8,0.0,314.159
34.8,9,2.0,104.72
34.8,10,1.0,157.08
34.9,6,1.0,157.08
34.9,7,0.0,314.159
34.9,8,0.0,314.159
34.9,9,2.0,104.72
34.9,10,1.0,157.08
35.0,6,1.0,157.08
35.0,7,0.0,314.159
35.0,8,0.0,314.159
35.0,9,2.0,104.72
35.0,10,1.0,157.08
35.1,6,1.0,157.08
35.1,7,0.0,314.159
35.1,8,0.0,314.159
35.1,9,2.0,104.72
35.1,10,1.0,157.08
35.2,6,1.0,157.08
35.2,7,0.0,314.159
35.2,8,0.0,314.159
35.2,9,2.0,104.72
35.2,10,1.0,157.08
35.3,6,1.0,157.08
35.3,7,0.0,314.159
35.3,8,0.0,314.159
35.3,9,2.0,104.72
35.3,10,1.0,157.08
35.4,6,1.0,157.08
35.4,7,0.0,314.159
35.4,8,0.0,314.159
35.4,9,2.0,104.72
35.4,10,1.0,157.08
35.5,6,1.0,157.08
35.5,7,0.0,314.159
35.5,8,0.0,314.159
35.5,9,2.0,104.72
35.5,10,1.0,157.08
35.6,6,1.0,157.08
35.6,7,0.0,314.159
35.6,8,0.0,314.159
35.6,9,2.0,104.72
35.6,10,1.0,157.08
35.7,6,1.0,157.08
35.7,7,0.0,314.159
35.7,8,0.0,314.159
35.7,9,2.0,104.72
35.7,10,1.0,157.08
35.8,6,1.0,157.08
35.8,7,0.0,314.159
35.8,8,0.0,314.159
35.8,9,2.0,104.72
35.8,10,1.0,157.08
35.9,6,1.0,157.08
35.9,7,0.0,314.159
35.9,8,0.0,314.159
35.9,9,2.0,104.72
35.9,10,1.0,157.08
36.0,6,1.0,157.08
36.0,7,0.0,314.159
36.0,8,0.0,314.159
36.0,9,2.0,104.72
36.0,10,1.0,157.08
36.1,6,1.0,157.08
36.1,7,0.0,314.159
36.1,8,0.0,314.159
36.1,9,2.0,104.72
36.1,10,1.0,157.08
36.2,6,1.0,157.08
36.2,7,0.0,314.159
36.2,8,0.0,314.159
36.2,9,2.0,104.72
36.2,10,1.0,157.08
36.3,6,1.0,157.08
36.3,7,0.0,314.159
36.3,8,0.0,314.159
36.3,9,2.0,104.72
36.3,10,1.0,157.08
36.4,6,1.0,157.08
36.4,7,0.0,314.159
36.4,8,0.0,314.159
36.4,9,2.0,104.72
36.4,10,1.0,157.08
36.5,6,1.0,157.08
36.5,7,0.0,314.159
36.5,8,0.0,314.159
36.5,9,2.0,104.72
36.5,10,1.0,157.08
36.6,6,1.0,157.08
36.6,7,0.0,314.159
36.6,8,0.0,314.159
36.6,9,2.0,104.72
36.6,10,1.0,157.08
36.7,6,1.0,157.08
36.7,7,0.0,314.159
36.7,8,0.0,314.159
36.7,9,2.0,104.72
36.7,10,1.0,157.08
36.8,6,1.0,157.08
36.8,7,0.0,314.159
36.8,8,0.0,314.159
36.8,9,2.0,104.72
36.8,10,1.0,157.08
36.9,6,1.0,157.08
36.9,7,0.0,314.159
36.9,8,0.0,314.159
36.9,9,2.0,104.72
36.9,10,1.0,157.08
37.0,6,1.0,157.08
37.0,7,0.0,314.159
37.0,8,0.0,314.159
37.0,9,2.0,104.72
37.0,10,1.0,157.08
37.1,6,1.0,157.08
37.1,7,0.0,314.159
37.1,8,0.0,314.159
37.1,9,2.0,104.72
37.1,10,1.0,157.08
37.2,6,1.0,157.08
37.2,7,0.0,314.159
37.2,8,0.0,314.159
37.2,9,2.0,104.72
37.2,10,1.0,157.08
37.3,6,1.0,157.08
37.3,7,0.0,314.159
37.3,8,0.0,314.159
37.3,9,2.0,104.72
37.3,10,1.0,157.08
37.4,6,1.0,157.08
37.4,7,0.0,314.159
37.4,8,0.0,314.159
37.4,9,2.0,104.72
37.4,10,1.0,157.08
37.5,6,1.0,157.08
37.5,7,0.0,314.159
37.5,8,0.0,314.159
37.5,9,2.0,104.72
37.5,10,1.0,157.08
37.6,6,1.0,157.08
37.6,7,0.0,314.159
37.6,8,0.0,314.159
37.6,9,2.0,104.72
37.6,10,1.0,157.08
37.7,6,1.0,157.08
37.7,7,0.0,314.159
37.7,8,0.0,314.159
37.7,9,2.0,104.72
37.7,10,1.0,157.08
37.8,6,1.0,157.08
37.8,7,0.0,314.159
37.8,8,0.0,314.159
37.8,9,2.0,104.72
37.8,10,1.0,157.08
37.9,6,1.0,157.08
37.9,7,0.0,314.159
37.9,8,0.0,314.159
37.9,9,2.0,104.72
37.9,10,1.0,157.08
38.0,6,1.0,157.08
38.0,7,0.0,314.159
38.0,8,0.0,314.159
38.0,9,2.0,104.72
38.0,10,1.0,157.08
38.1,6,1.0,157.08
38.1,7,0.0,314.159
38.1,8,0.0,314.159
38.1,9,2.0,104.72
38.1,10,1.0,157.08
38.2,6,1.0,157.08
38.2,7,0.0,314.159
38.2,8,0.0,314.159
38.2,9,2.0,104.72
38.2,10,1.0,157.08
38.3,6,1.0,157.08
38.3,7,0.0,314.159
38.3,8,0.0,314.159
38.3,9,2.0,104.72
38.3,10,1.0,157.08
38.4,6,1.0,157.08
38.4,7,0.0,314.159
38.4,8,0.0,314.159
38.4,9,2.0,104.72
38.4,10,1.0,157.08
38.5,6,1.0,157.08
38.5,7,0.0,314.159
38.5,8,0.0,314.159
38.5,9,2.0,104.72
38.5,10,1.0,157.08
38.6,6,1.0,157.08
38.6,7,0.0,314.159
38.6,8,0.0,314.159
38.6,9,2.0,104.72
38.6,10,1.0,157.08
38.7,6,1.0,157.08
38.7,7,0.0,314.159
38.7,8,0.0,314.159
38.7,9,2.0,104.72
38.7,10,1.0,157.08
38.8,6,1.0,157.08
38.8,7,0.0,314.159
38.8,8,0.0,314.159
38.8,9,2.0,104.72
38.8,10,1.0,157.08
38.9,6,1.0,157.08
38.9,7,0.0,314.159
38.9,8,0.0,314.159
38.9,9,2.0,104.72
38.9,10,1.0,157.08
39.0,6,1.0,157.08
39.0,7,0.0,314.159
39.0,8,0.0,314.159
39.0,9,2.0,104.72
39.0,10,1.0,157.08
39.1,6,1.0,157.08
39.1,7,0.0,314.159
39.1,8,0.0,314.159
39.1,9,2.0,104.72
39.1,10,1.0,157.08
39.2,6,1.0,157.08
39.2,7,0.0,314.159
39.2,8,0.0,314.159
39.2,9,2.0,104.72
39.2,10,1.0,157.08
39.3,6,1.0,157.08
39.3,7,0.0,314.159
39.3,8,0.0,314.159
39.3,9,2.0,104.72
39.3,10,1.0,157.08
39.4,6,1.0,157.08
39.4,7,0.0,314.159
39.4,8,0.0,314.159
39.4,9,2.0,104.72
39.4,10,1.0,157.08
39.5,6,1.0,157.08
39.5,7,0.0,314.159
39.5,8,0.0,314.159
39.5,9,2.0,104.72
39.5,10,1.0,157.08
39.6,6,1.0,157.08
39.6,7,0.0,314.159
39.6,8,0.0,314.159
39.6,9,2.0,104.72
39.6,10,1.0,157.08
39.7,6,1.0,157.08
39.7,7,0.0,314.159
39.7,8,0.0,314.159
39.7,9,2.0,104.72
39.7,10,1.0,157.08
39.8,6,1.0,157.08
39.8,7,0.0,314.159
39.8,8,0.0,314.159
39.8,9,2.0,104.72
39.8,10,1.0,157.08
39.9,6,1.0,157.08
39.9,7,0.0,314.159
39.9,8,0.0,314.159
39.9,9,2.0,104.72
39.9,10,1.0,157.08
40.0,6,1.0,157.08
40.0,7,0.0,314.159
40.0,8,0.0,314.159
40.0,9,2.0,104.72
40.0,10,1.0,157.08
40.1,6,1.0,157.08
40.1,7,0.0,314.159
40.1,8,0.0,314.159
40.1,9,2.0,104.72
40.1,10,1.0,157.08
40.2,6,1.0,157.08
40.2,7,0.0,314.159
40.2,8,0.0,314.159
40.2,9,2.0,104.72
40.2,10,1.0,157.08
40.3,6,1.0,157.08
40.3,7,0.0,314.159
40.3,8,0.0,314.159
40.3,9,2.0,104.72
40.3,10,1.0,157.08
40.4,6,1.0,157.08
40.4,7,0.0,314.159
40.4,8,0.0,314.159
40.4,9,2.0,104.72
40.4,10,1.0,157.08
40.5,6,1.0,157.08
40.5,7,0.0,314.159
40.5,8,0.0,314.159
40.5,9,2.0,104.72
40.5,10,1.0,157.08
40.6,6,1.0,157.08
40.6,7,0.0,314.159
40.6,8,0.0,314.159
40.6,9,2.0,104.72
40.6,10,1.0,157.08
40.7,6,1.0,157.08
40.7,7,0.0,314.159
40.7,8,0.0,314.159
40.7,9,2.0,104.72
40.7,10,1.0,157.08
40.8,6,1.0,157.08
40.8,7,0.0,314.159
40.8,8,0.0,314.159
40.8,9,2.0,104.72
40.8,10,1.0,157.08
40.9,6,1.0,157.08
40.9,7,0.0,314.159
40.9,8,0.0,314.159
40.9,9,2.0,104.72
40.9,10,1.0,157.08
41.0,6,1.0,157.08
41.0,7,0.0,314.159
41.0,8,0.0,314.159
41.0,9,2.0,104.72
41.0,10,1.0,157.08
41.1,6,1.0,157.08
41.1,7,0.0,314.159
41.1,8,0.0,314.159
41.1,9,2.0,104.72
41.1,10,1.0,157.08
41.2,6,1.0,157.08
41.2,7,0.0,314.159
41.2,8,0.0,314.159
41.2,9,2.0,104.72
41.2,10,1.0,157.08
41.3,6,1.0,157.08
41.3,7,0.0,314.159
41.3,8,0.0,314.159
41.3,9,2.0,104.72
41.3,10,1.0,157.08
41.4,6,1.0,157.08
41.4,7,0.0,314.159
41.4,8,0.0,314.159
41.4,9,2.0,104.72
41.4,10,1.0,157.08
41.5,6,1.0,157.08
41.5,7,0.0,314.159
41.5,8,0.0,314.159
41.5,9,2.0,104.72
41.5,10,1.0,157.08
41.6,6,1.0,157.08
41.6,7,0.0,314.159
41.6,8,0.0,314.159
41.6,9,2.0,104.72
41.6,10,1.0,157.08
41.7,6,1.0,157.08
41.7,7,0.0,314.159
41.7,8,0.0,314.159
41.7,9,2.0,104.72
41.7,10,1.0,157.08
41.8,6,1.0,157.08
41.8,7,0.0,314.159
41.8,8,0.0,314.159
41.8,9,2.0,104.72
41.8,10,1.0,157.08
41.9,6,1.0,157.08
41.9,7,0.0,314.159
41.9,8,0.0,314.159
41.9,9,2.0,104.72
41.9,10,1.0,157.08
42.0,6,1.0,157.08
42.0,7,0.0,314.159
42.0,8,0.0,314.159
42.0,9,2.0,104.72
42.0,10,1.0,157.08
42.1,6,1.0,157.08
42.1,7,0.0,314.159
42.1,8,0.0,314.159
42.1,9,1.0,157.08
42.1,10,0.0,314.159
42.2,6,1.0,157.08
42.2,7,0.0,314.159
42.2,8,0.0,314.159
42.2,9,1.0,157.08
42.2,10,0.0,314.159
42.3,6,1.0,157.08
42.3,7,0.0,314.159
42.3,8,0.0,314.159
42.3,9,1.0,157.08
42.3,10,1.0,157.08
42.4,6,1.0,157.08
42.4,7,0.0,314.159
42.4,8,0.0,314.159
42.4,9,1.0,157.08
42.4,10,0.0,314.159
42.5,6,1.0,157.08
42.5,7,0.0,314.159
42.5,8,0.0,314.159
42.5,9,2.0,104.72
42.5,10,1.0,157.08
42.6,6,1.0,157.08
42.6,7,0.0,314.159
42.6,8,0.0,314.159
42.6,9,2.0,104.72
42.6,10,1.0,157.08
42.7,6,1.0,157.08
42.7,7,0.0,314.159
42.7,8,0.0,314.159
42.7,9,2.0,104.72
42.7,10,1.0,157.08
42.8,6,1.0,157.08
42.8,7,0.0,314.159
42.8,8,0.0,314.159
42.8,9,2.0,104.72
42.8,10,1.0,157.08
42.9,6,1.0,157.08
42.9,7,0.0,314.159
42.9,8,0.0,314.159
42.9,9,2.0,104.72
42.9,10,1.0,157.08
43.0,6,1.0,157.08
43.0,7,0.0,314.159
43.0,8,0.0,314.159
43.0,9,2.0,104.72
43.0,10,1.0,157.08
43.1,6,1.0,157.08
43.1,7,0.0,314.159
43.1,8,0.0,314.159
43.1,9,2.0,104.72
43.1,10,1.0,157.08
43.2,6,1.0,157.08
43.2,7,0.0,314.159
43.2,8,0.0,314.159
43.2,9,2.0,104.72
43.2,10,1.0,157.08
43.3,6,1.0,157.08
43.3,7,0.0,314.159
43.3,8,0.0,314.159
43.3,9,2.0,104.72
43.3,10,1.0,157.08
43.4,6,1.0,157.08
43.4,7,0.0,314.159
43.4,8,0.0,314.159
43.4,9,2.0,104.72
43.4,10,1.0,157.08
43.5,6,1.0,157.08
43.5,7,0.0,314.159
43.5,8,0.0,314.159
43.5,9,2.0,104.72
43.5,10,1.0,157.08
43.6,6,1.0,157.08
43.6,7,0.0,314.159
43.6,8,0.0,314.159
43.6,9,2.0,104.72
43.6,10,1.0,157.08
43.7,6,1.0,157.08
43.7,7,0.0,314.159
43.7,8,0.0,314.159
43.7,9,2.0,104.72
43.7,10,1.0,157.08
43.8,6,1.0,157.08
43.8,7,0.0,314.159
43.8,8,0.0,314.159
43.8,9,2.0,104.72
43.8,10,1.0,157.08
43.9,6,1.0,157.08
43.9,7,0.0,314.159
43.9,8,0.0,314.159
43.9,9,2.0,104.72
43.9,10,1.0,157.08
44.0,6,1.0,157.08
44.0,7,0.0,314.159
44.0,8,0.0,314.159
44.0,9,2.0,104.72
44.0,10,1.0,157.08
44.1,6,1.0,157.08
44.1,7,0.0,314.159
44.1,8,0.0,314.159
44.1,9,2.0,104.72
44.1,10,1.0,157.08
44.2,6,1.0,157.08
44.2,7,0.0,314.159
44.2,8,0.0,314.159
44.2,9,2.0,104.72
44.2,10,1.0,157.08
44.3,6,1.0,157.08
44.3,7,0.0,314.159
44.3,8,0.0,314.159
44.3,9,2.0,104.72
44.3,10,1.0,157.08
44.4,6,1.0,157.08
44.4,7,0.0,314.159
44.4,8,0.0,314.159
44.4,9,2.0,104.72
44.4,10,1.0,157.08
44.5,6,1.0,157.08
44.5,7,0.0,314.159
44.5,8,0.0,314.159
44.5,9,2.0,104.72
44.5,10,1.0,157.08
44.6,6,1.0,157.08
44.6,7,0.0,314.159
44.6,8,0.0,314.159
44.6,9,2.0,104.72
44.6,10,1.0,157.08
44.7,6,1.0,157.08
44.7,7,0.0,314.159
44.7,8,0.0,314.159
44.7,9,2.0,104.72
44.7,10,1.0,157.08
44.8,6,1.0,157.08
44.8,7,0.0,314.159
44.8,8,0.0,314.159
44.8,9,2.0,104.72
44.8,10,1.0,157.08
44.9,6,1.0,157.08
44.9,7,0.0,314.159
44.9,8,0.0,314.159
44.9,9,2.0,104.72
44.9,10,1.0,157.08
45.0,6,1.0,157.08
45.0,7,0.0,314.159
45.0,8,0.0,314.159
45.0,9,2.0,104.72
45.0,10,1.0,157.08
45.1,6,1.0,157.08
45.1,7,0.0,314.159
45.1,8,0.0,314.159
45.1,9,2.0,104.72
45.1,10,1.0,157.08
45.2,6,1.0,157.08
45.2,7,0.0,314.159
45.2,8,0.0,314.159
45.2,9,2.0,104.72
45.2,10,1.0,157.08
45.3,6,1.0,157.08
45.3,7,0.0,314.159
45.3,8,0.0,314.159
45.3,9,2.0,104.72
45.3,10,1.0,157.08
45.4,6,1.0,157.08
45.4,7,0.0,314.159
45.4,8,0.0,314.159
45.4,9,2.0,104.72
45.4,10,1.0,157.08
45.5,6,1.0,157.08
45.5,7,0.0,314.159
45.5,8,0.0,314.159
45.5,9,2.0,104.72
45.5,10,1.0,157.08
45.6,6,1.0,157.08
45.6,7,0.0,314.159
45.6,8,0.0,314.159
45.6,9,2.0,104.72
45.6,10,1.0,157.08
45.7,6,1.0,157.08
45.7,7,0.0,314.159
45.7,8,0.0,314.159
45.7,9,2.0,104.72
45.7,10,1.0,157.08
45.8,6,1.0,157.08
45.8,7,0.0,314.159
45.8,8,0.0,314.159
45.8,9,2.0,104.72
45.8,10,1.0,157.08
45.9,6,1.0,157.08
45.9,7,0.0,314.159
45.9,8,0.0,314.159
45.9,9,2.0,104.72
45.9,10,1.0,157.08
46.0,6,1.0,157.08
46.0,7,0.0,314.159
46.0,8,0.0,314.159
46.0,9,2.0,104.72
46.0,10,1.0,157.08
46.1,6,1.0,157.08
46.1,7,0.0,314.159
46.1,8,0.0,314.159
46.1,9,2.0,104.72
46.1,10,1.0,157.08
46.2,6,1.0,157.08
46.2,7,0.0,314.159
46.2,8,0.0,314.159
46.2,9,2.0,104.72
46.2,10,1.0,157.08
46.3,6,1.0,157.08
46.3,7,0.0,314.159
46.3,8,0.0,314.159
46.3,9,2.0,104.72
46.3,10,1.0,157.08
46.4,6,1.0,157.08
46.4,7,0.0,314.159
46.4,8,0.0,314.159
46.4,9,2.0,104.72
46.4,10,1.0,157.08
46.5,6,1.0,157.08
46.5,7,0.0,314.159
46.5,8,0.0,314.159
46.5,9,2.0,104.72
46.5,10,1.0,157.08
46.6,6,1.0,157.08
46.6,7,0.0,314.159
46.6,8,0.0,314.159
46.6,9,2.0,104.72
46.6,10,1.0,157.08
46.7,6,1.0,157.08
46.7,7,0.0,314.159
46.7,8,0.0,314.159
46.7,9,2.0,104.72
46.7,10,1.0,157.08
46.8,6,1.0,157.08
46.8,7,0.0,314.159
46.8,8,0.0,314.159
46.8,9,2.0,104.72
46.8,10,1.0,157.08
46.9,6,1.0,157.08
46.9,7,0.0,314.159
46.9,8,0.0,314.159
46.9,9,2.0,104.72
46.9,10,1.0,157.08
47.0,6,1.0,157.08
47.0,7,0.0,314.159
47.0,8,0.0,314.159
47.0,9,2.0,104.72
47.0,10,1.0,157.08
47.1,6,1.0,157.08
47.1,7,0.0,314.159
47.1,8,0.0,314.159
47.1,9,2.0,104.72
47.1,10,1.0,157.08
47.2,6,1.0,157.08
47.2,7,0.0,314.159
47.2,8,0.0,314.159
47.2,9,2.0,104.72
47.2,10,1.0,157.08
47.3,6,1.0,157.08
47.3,7,0.0,314.159
47.3,8,0.0,314.159
47.3,9,2.0,104.72
47.3,10,1.0,157.08
47.4,6,1.0,157.08
47.4,7,0.0,314.159
47.4,8,0.0,314.159
47.4,9,2.0,104.72
47.4,10,1.0,157.08
47.5,6,1.0,157.08
47.5,7,0.0,314.159
47.5,8,0.0,314.159
47.5,9,2.0,104.72
47.5,10,1.0,157.08
47.6,6,1.0,157.08
47.6,7,0.0,314.159
47.6,8,0.0,314.159
47.6,9,2.0,104.72
47.6,10,1.0,157.08
47.7,6,1.0,157.08
47.7,7,0.0,314.159
47.7,8,0.0,314.159
47.7,9,2.0,104.72
47.7,10,1.0,157.08
47.8,6,1.0,157.08
47.8,7,0.0,314.159
47.8,8,0.0,314.159
47.8,9,2.0,104.72
47.8,10,1.0,157.08
47.9,6,1.0,157.08
47.9,7,0.0,314.159
47.9,8,0.0,314.159
47.9,9,2.0,104.72
47.9,10,1.0,157.08
48.0,6,1.0,157.08
48.0,7,0.0,314.159
48.0,8,0.0,314.159
48.0,9,2.0,104.72
48.0,10,1.0,157.08
48.1,6,1.0,157.08
48.1,7,0.0,314.159
48.1,8,0.0,314.159
48.1,9,2.0,104.72
48.1,10,1.0,157.08
48.2,6,1.0,157.08
48.2,7,0.0,314.159
48.2,8,0.0,314.159
48.2,9,2.0,104.72
48.2,10,1.0,157.08
48.3,6,1.0,157.08
48.3,7,0.0,314.159
48.3,8,0.0,314.159
48.3,9,2.0,104.72
48.3,10,1.0,157.08
48.4,6,1.0,157.08
48.4,7,0.0,314.159
48.4,8,0.0,314.159
48.4,9,2.0,104.72
48.4,10,1.0,157.08
48.5,6,1.0,157.08
48.5,7,0.0,314.159
48.5,8,0.0,314.159
48.5,9,2.0,104.72
48.5,10,1.0,157.08
48.6,6,0.0,314.159
48.6,7,0.0,314.159
48.6,8,0.0,314.159
48.6,9,2.0,104.72
48.6,10,1.0,157.08
48.7,6,0.0,314.159
48.7,7,0.0,314.159
48.7,8,0.0,314.159
48.7,9,1.0,157.08
48.7,10,1.0,157.08
48.8,6,0.0,314.159
48.8,7,0.0,314.159
48.8,8,0.0,314.159
48.8,9,1.0,157.08
48.8,10,1.0,157.08
48.9,6,0.0,314.159
48.9,7,0.0,314.159
48.9,8,0.0,314.159
48.9,9,1.0,157.08
48.9,10,1.0,157.08
49.0,6,0.0,314.159
49.0,7,0.0,314.159
49.0,8,0.0,314.159
49.0,9,1.0,157.08
49.0,10,1.0,157.08
49.1,6,0.0,314.159
49.1,7,0.0,314.159
49.1,8,0.0,314.159
49.1,9,1.0,157.08
49.1,10,1.0,157.08
49.2,6,0.0,314.159
49.2,7,0.0,314.159
49.2,8,0.0,314.159
49.2,9,1.0,157.08
49.2,10,1.0,157.08
49.3,6,0.0,314.159
49.3,7,0.0,314.159
49.3,8,0.0,314.159
49.3,9,1.0,157.08
49.3,10,1.0,157.08
49.4,6,1.0,157.08
49.4,7,0.0,314.159
49.4,8,0.0,314.159
49.4,9,2.0,104.72
49.4,10,1.0,157.08
49.5,6,1.0,157.08
49.5,7,0.0,314.159
49.5,8,0.0,314.159
49.5,9,1.0,157.08
49.5,10,1.0,157.08
49.6,6,1.0,157.08
49.6,7,0.0,314.159
49.6,8,0.0,314.159
49.6,9,2.0,104.72
49.6,10,1.0,157.08
49.7,6,0.0,314.159
49.7,7,0.0,314.159
49.7,8,0.0,314.159
49.7,9,1.0,157.08
49.7,10,1.0,157.08
49.8,6,0.0,314.159
49.8,7,0.0,314.159
49.8,8,0.0,314.159
49.8,9,1.0,157.08
49.8,10,1.0,157.08
49.9,6,0.0,314.159
49.9,7,0.0,314.159
49.9,8,0.0,314.159
49.9,9,1.0,157.08
49.9,10,1.0,157.08
50.0,6,0.0,314.159
50.0,7,0.0,314.159
50.0,8,0.0,314.159
50.0,9,1.0,157.08
50.0,10,1.0,157.08
50.1,6,0.0,314.159
50.1,7,0.0,314.159
50.1,8,0.0,314.159
50.1,9,1.0,157.08
50.1,10,1.0,157.08
50.2,6,0.0,314.159
50.2,7,0.0,314.159
50.2,8,0.0,314.159
50.2,9,1.0,157.08
50.2,10,1.0,157.08
50.3,6,0.0,314.159
50.3,7,0.0,314.159
50.3,8,0.0,314.159
50.3,9,1.0,157.08
50.3,10,1.0,157.08
50.4,6,0.0,314.159
50.4,7,0.0,314.159
50.4,8,0.0,314.159
50.4,9,1.0,157.08
50.4,10,1.0,157.08
50.5,6,0.0,314.159
50.5,7,0.0,314.159
50.5,8,0.0,314.159
50.5,9,1.0,157.08
50.5,10,1.0,157.08
50.6,6,0.0,314.159
50.6,7,0.0,314.159
50.6,8,0.0,314.159
50.6,9,1.0,157.08
50.6,10,1.0,157.08
50.7,6,1.0,157.08
50.7,7,0.0,314.159
50.7,8,0.0,314.159
50.7,9,2.0,104.72
50.7,10,1.0,157.08
50.8,6,1.0,157.08
50.8,7,0.0,314.159
50.8,8,0.0,314.159
50.8,9,2.0,104.72
50.8,10,1.0,157.08
50.9,6,1.0,157.08
50.9,7,0.0,314.159
50.9,8,0.0,314.159
50.9,9,2.0,104.72
50.9,10,1.0,157.08
51.0,6,1.0,157.08
51.0,7,0.0,314.159
51.0,8,0.0,314.159
51.0,9,2.0,104.72
51.0,10,1.0,157.08
51.1,6,1.0,157.08
51.1,7,0.0,314.159
51.1,8,0.0,314.159
51.1,9,2.0,104.72
51.1,10,1.0,157.08
51.2,6,1.0,157.08
51.2,7,0.0,314.159
51.2,8,0.0,314.159
51.2,9,2.0,104.72
51.2,10,1.0,157.08
51.3,6,1.0,157.08
51.3,7,0.0,314.159
51.3,8,0.0,314.159
51.3,9,2.0,104.72
51.3,10,1.0,157.08
51.4,6,1.0,157.08
51.4,7,0.0,314.159
51.4,8,0.0,314.159
51.4,9,1.0,157.08
51.4,10,1.0,157.08
51.5,6,1.0,157.08
51.5,7,0.0,314.159
51.5,8,0.0,314.159
51.5,9,2.0,104.72
51.5,10,1.0,157.08
51.6,6,1.0,157.08
51.6,7,0.0,314.159
51.6,8,0.0,314.159
51.6,9,2.0,104.72
51.6,10,1.0,157.08
51.7,6,1.0,157.08
51.7,7,0.0,314.159
51.7,8,0.0,314.159
51.7,9,2.0,104.72
51.7,10,1.0,157.08
51.8,6,1.0,157.08
51.8,7,0.0,314.159
51.8,8,0.0,314.159
51.8,9,2.0,104.72
51.8,10,1.0,157.08
51.9,6,1.0,157.08
51.9,7,0.0,314.159
51.9,8,0.0,314.159
51.9,9,2.0,104.72
51.9,10,1.0,157.08
52.0,6,1.0,157.08
52.0,7,0.0,314.159
52.0,8,0.0,314.159
52.0,9,2.0,104.72
52.0,10,1.0,157.08
52.1,6,1.0,157.08
52.1,7,0.0,314.159
52.1,8,0.0,314.159
52.1,9,2.0,104.72
52.1,10,1.0,157.08
52.2,6,1.0,157.08
52.2,7,0.0,314.159
52.2,8,0.0,314.159
52.2,9,2.0,104.72
52.2,10,1.0,157.08
52.3,6,0.0,314.159
52.3,7,0.0,314.159
52.3,8,0.0,314.159
52.3,9,2.0,104.72
52.3,10,1.0,157.08
52.4,6,0.0,314.159
52.4,7,0.0,314.159
52.4,8,0.0,314.159
52.4,9,1.0,157.08
52.4,10,1.0,157.08
52.5,6,0.0,314.159
52.5,7,0.0,314.159
52.5,8,0.0,314.159
52.5,9,1.0,157.08
52.5,10,1.0,157.08
52.6,6,0.0,314.159
52.6,7,0.0,314.159
52.6,8,0.0,314.159
52.6,9,2.0,104.72
52.6,10,1.0,157.08
52.7,6,0.0,314.159
52.7,7,0.0,314.159
52.7,8,0.0,314.159
52.7,9,1.0,157.08
52.7,10,1.0,157.08
52.8,6,0.0,314.159
52.8,7,0.0,314.159
52.8,8,0.0,314.159
52.8,9,1.0,157.08
52.8,10,1.0,157.08
52.9,6,1.0,157.08
52.9,7,0.0,314.159
52.9,8,0.0,314.159
52.9,9,2.0,104.72
52.9,10,1.0,157.08
53.0,6,0.0,314.159
53.0,7,0.0,314.159
53.0,8,0.0,314.159
53.0,9,1.0,157.08
53.0,10,1.0,157.08
53.1,6,1.0,157.08
53.1,7,0.0,314.159
53.1,8,0.0,314.159
53.1,9,2.0,104.72
53.1,10,1.0,157.08
53.2,6,0.0,314.159
53.2,7,0.0,314.159
53.2,8,0.0,314.159
53.2,9,1.0,157.08
53.2,10,1.0,157.08
53.3,6,0.0,314.159
53.3,7,0.0,314.159
53.3,8,0.0,314.159
53.3,9,1.0,157.08
53.3,10,1.0,157.08
53.4,6,1.0,157.08
53.4,7,0.0,314.159
53.4,8,0.0,314.159
53.4,9,1.0,157.08
53.4,10,1.0,157.08
53.5,6,1.0,157.08
53.5,7,0.0,314.159
53.5,8,0.0,314.159
53.5,9,2.0,104.72
53.5,10,1.0,157.08
53.6,6,1.0,157.08
53.6,7,0.0,314.159
53.6,8,0.0,314.159
53.6,9,2.0,104.72
53.6,10,1.0,157.08
53.7,6,1.0,157.08
53.7,7,0.0,314.159
53.7,8,0.0,314.159
53.7,9,2.0,104.72
53.7,10,1.0,157.08
53.8,6,1.0,157.08
53.8,7,0.0,314.159
53.8,8,0.0,314.159
53.8,9,2.0,104.72
53.8,10,1.0,157.08
53.9,6,0.0,314.159
53.9,7,0.0,314.159
53.9,8,0.0,314.159
53.9,9,1.0,157.08
53.9,10,1.0,157.08
54.0,6,0.0,314.159
54.0,7,0.0,314.159
54.0,8,0.0,314.159
54.0,9,1.0,157.08
54.0,10,1.0,157.08
54.1,6,0.0,314.159
54.1,7,0.0,314.159
54.1,8,0.0,314.159
54.1,9,1.0,157.08
54.1,10,1.0,157.08
54.2,6,0.0,314.159
54.2,7,0.0,314.159
54.2,8,0.0,314.159
54.2,9,1.0,157.08
54.2,10,1.0,157.08
54.3,6,0.0,314.159
54.3,7,0.0,314.159
54.3,8,0.0,314.159
54.3,9,1.0,157.08
54.3,10,1.0,157.08
54.4,6,0.0,314.159
54.4,7,0.0,314.159
54.4,8,0.0,314.159
54.4,9,1.0,157.08
54.4,10,1.0,157.08
54.5,6,0.0,314.159
54.5,7,0.0,314.159
54.5,8,0.0,314.159
54.5,9,1.0,157.08
54.5,10,1.0,157.08
54.6,6,0.0,314.159
54.6,7,0.0,314.159
54.6,8,0.0,314.159
54.6,9,1.0,157.08
54.6,10,1.0,157.08
54.7,6,0.0,314.159
54.7,7,0.0,314.159
54.7,8,0.0,314.159
54.7,9,1.0,157.08
54.7,10,1.0,157.08
54.8,6,0.0,314.159
54.8,7,0.0,314.159
54.8,8,0.0,314.159
54.8,9,1.0,157.08
54.8,10,1.0,157.08
54.9,6,0.0,314.159
54.9,7,0.0,314.159
54.9,8,0.0,314.159
54.9,9,1.0,157.08
54.9,10,1.0,157.08
55.0,6,0.0,314.159
55.0,7,0.0,314.159
55.0,8,0.0,314.159
55.0,9,1.0,157.08
55.0,10,1.0,157.08
55.1,6,0.0,314.159
55.1,7,0.0,314.159
55.1,8,0.0,314.159
55.1,9,1.0,157.08
55.1,10,1.0,157.08
55.2,6,0.0,314.159
55.2,7,0.0,314.159
55.2,8,0.0,314.159
55.2,9,1.0,157.08
55.2,10,1.0,157.08
55.3,6,0.0,314.159
55.3,7,0.0,314.159
55.3,8,0.0,314.159
55.3,9,1.0,157.08
55.3,10,1.0,157.08
55.4,6,0.0,314.159
55.4,7,0.0,314.159
55.4,8,0.0,314.159
55.4,9,1.0,157.08
55.4,10,1.0,157.08
55.5,6,0.0,314.159
55.5,7,0.0,314.159
55.5,8,0.0,314.159
55.5,9,1.0,157.08
55.5,10,1.0,157.08
55.6,6,0.0,314.159
55.6,7,0.0,314.159
55.6,8,0.0,314.159
55.6,9,1.0,157.08
55.6,10,1.0,157.08
55.7,6,0.0,314.159
55.7,7,0.0,314.159
55.7,8,0.0,314.159
55.7,9,1.0,157.08
55.7,10,1.0,157.08
55.8,6,0.0,314.159
55.8,7,0.0,314.159
55.8,8,0.0,314.159
55.8,9,1.0,157.08
55.8,10,1.0,157.08
55.9,6,0.0,314.159
55.9,7,0.0,314.159
55.9,8,0.0,314.159
55.9,9,1.0,157.08
55.9,10,1.0,157.08
56.0,6,0.0,314.159
56.0,7,0.0,314.159
56.0,8,0.0,314.159
56.0,9,1.0,157.08
56.0,10,1.0,157.08
56.1,6,0.0,314.159
56.1,7,0.0,314.159
56.1,8,0.0,314.159
56.1,9,1.0,157.08
56.1,10,1.0,157.08
56.2,6,0.0,314.159
56.2,7,0.0,314.159
56.2,8,0.0,314.159
56.2,9,1.0,157.08
56.2,10,1.0,157.08
56.3,6,0.0,314.159
56.3,7,0.0,314.159
56.3,8,0.0,314.159
56.3,9,1.0,157.08
56.3,10,1.0,157.08
56.4,6,0.0,314.159
56.4,7,0.0,314.159
56.4,8,0.0,314.159
56.4,9,1.0,157.08
56.4,10,1.0,157.08
56.5,6,0.0,314.159
56.5,7,0.0,314.159
56.5,8,0.0,314.159
56.5,9,1.0,157.08
56.5,10,1.0,157.08
56.6,6,0.0,314.159
56.6,7,0.0,314.159
56.6,8,0.0,314.159
56.6,9,1.0,157.08
56.6,10,1.0,157.08
56.7,6,0.0,314.159
56.7,7,0.0,314.159
56.7,8,0.0,314.159
56.7,9,1.0,157.08
56.7,10,1.0,157.08
56.8,6,0.0,314.159
56.8,7,0.0,314.159
56.8,8,0.0,314.159
56.8,9,1.0,157.08
56.8,10,1.0,157.08
56.9,6,0.0,314.159
56.9,7,0.0,314.159
56.9,8,0.0,314.159
56.9,9,1.0,157.08
56.9,10,1.0,157.08
57.0,6,0.0,314.159
57.0,7,0.0,314.159
57.0,8,0.0,314.159
57.0,9,1.0,157.08
57.0,10,1.0,157.08
57.1,6,0.0,314.159
57.1,7,0.0,314.159
57.1,8,0.0,314.159
57.1,9,1.0,157.08
57.1,10,1.0,157.08
57.2,6,0.0,314.159
57.2,7,0.0,314.159
57.2,8,0.0,314.159
57.2,9,1.0,157.08
57.2,10,1.0,157.08
57.3,6,0.0,314.159
57.3,7,0.0,314.159
57.3,8,0.0,314.159
57.3,9,1.0,157.08
57.3,10,1.0,157.08
57.4,6,0.0,314.159
57.4,7,0.0,314.159
57.4,8,0.0,314.159
57.4,9,1.0,157.08
57.4,10,1.0,157.08
57.5,6,0.0,314.159
57.5,7,0.0,314.159
57.5,8,0.0,314.159
57.5,9,1.0,157.08
57.5,10,1.0,157.08
57.6,6,0.0,314.159
57.6,7,0.0,314.159
57.6,8,0.0,314.159
57.6,9,1.0,157.08
57.6,10,1.0,157.08
57.7,6,0.0,314.159
57.7,7,0.0,314.159
57.7,8,0.0,314.159
57.7,9,1.0,157.08
57.7,10,1.0,157.08
57.8,6,0.0,314.159
57.8,7,0.0,314.159
57.8,8,0.0,314.159
57.8,9,1.0,157.08
57.8,10,1.0,157.08
57.9,6,0.0,314.159
57.9,7,0.0,314.159
57.9,8,0.0,314.159
57.9,9,1.0,157.08
57.9,10,1.0,157.08
58.0,6,0.0,314.159
58.0,7,0.0,314.159
58.0,8,0.0,314.159
58.0,9,1.0,157.08
58.0,10,1.0,157.08
58.1,6,0.0,314.159
58.1,7,0.0,314.159
58.1,8,0.0,314.159
58.1,9,1.0,157.08
58.1,10,1.0,157.08
58.2,6,0.0,314.159
58.2,7,0.0,314.159
58.2,8,0.0,314.159
58.2,9,0.0,314.159
58.2,10,1.0,157.08
58.3,6,0.0,314.159
58.3,7,0.0,314.159
58.3,8,0.0,314.159
58.3,9,1.0,157.08
58.3,10,1.0,157.08
58.4,6,0.0,314.159
58.4,7,0.0,314.159
58.4,8,0.0,314.159
58.4,9,1.0,157.08
58.4,10,1.0,157.08
58.5,6,0.0,314.159
58.5,7,0.0,314.159
58.5,8,0.0,314.159
58.5,9,1.0,157.08
58.5,10,1.0,157.08
58.6,6,0.0,314.159
58.6,7,0.0,314.159
58.6,8,0.0,314.159
58.6,9,1.0,157.08
58.6,10,1.0,157.08
58.7,6,0.0,314.159
58.7,7,0.0,314.159
58.7,8,0.0,314.159
58.7,9,1.0,157.08
58.7,10,1.0,157.08
58.8,6,0.0,314.159
58.8,7,0.0,314.159
58.8,8,0.0,314.159
58.8,9,1.0,157.08
58.8,10,1.0,157.08
58.9,6,0.0,314.159
58.9,7,0.0,314.159
58.9,8,0.0,314.159
58.9,9,1.0,157.08
58.9,10,1.0,157.08
59.0,6,0.0,314.159
59.0,7,0.0,314.159
59.0,8,0.0,314.159
59.0,9,1.0,157.08
59.0,10,1.0,157.08
59.1,6,0.0,314.159
59.1,7,0.0,314.159
59.1,8,0.0,314.159
59.1,9,1.0,157.08
59.1,10,1.0,157.08
59.2,6,0.0,314.159
59.2,7,0.0,314.159
59.2,8,0.0,314.159
59.2,9,1.0,157.08
59.2,10,1.0,157.08
59.3,6,0.0,314.159
59.3,7,0.0,314.159
59.3,8,0.0,314.159
59.3,9,1.0,157.08
59.3,10,1.0,157.08
59.4,6,0.0,314.159
59.4,7,0.0,314.159
59.4,8,0.0,314.159
59.4,9,1.0,157.08
59.4,10,1.0,157.08
59.5,6,0.0,314.159
59.5,7,0.0,314.159
59.5,8,0.0,314.159
59.5,9,1.0,157.08
59.5,10,1.0,157.08
59.6,6,0.0,314.159
59.6,7,0.0,314.159
59.6,8,0.0,314.159
59.6,9,1.0,157.08
59.6,10,1.0,157.08
59.7,6,0.0,314.159
59.7,7,0.0,314.159
59.7,8,0.0,314.159
59.7,9,1.0,157.08
59.7,10,1.0,157.08
59.8,6,0.0,314.159
59.8,7,0.0,314.159
59.8,8,0.0,314.159
59.8,9,1.0,157.08
59.8,10,1.0,157.08
59.9,6,0.0,314.159
59.9,7,0.0,314.159
59.9,8,0.0,314.159
59.9,9,1.0,157.08
59.9,10,1.0,157.08
60.0,6,0.0,314.159
60.0,7,0.0,314.159
60.0,8,0.0,314.159
60.0,9,1.0,157.08
60.0,10,1.0,157.08
60.1,6,0.0,314.159
60.1,7,0.0,314.159
60.1,8,0.0,314.159
60.1,9,1.0,157.08
60.1,10,1.0,157.08
60.2,6,0.0,314.159
60.2,7,0.0,314.159
60.2,8,0.0,314.159
60.2,9,1.0,157.08
60.2,10,1.0,157.08
60.3,6,0.0,314.159
60.3,7,0.0,314.159
60.3,8,0.0,314.159
60.3,9,1.0,157.08
60.3,10,1.0,157.08
60.4,6,0.0,314.159
60.4,7,0.0,314.159
60.4,8,0.0,314.159
60.4,9,1.0,157.08
60.4,10,1.0,157.08
60.5,6,0.0,314.159
60.5,7,0.0,314.159
60.5,8,0.0,314.159
60.5,9,1.0,157.08
60.5,10,1.0,157.08
60.6,6,0.0,314.159
60.6,7,0.0,314.159
60.6,8,0.0,314.159
60.6,9,1.0,157.08
60.6,10,1.0,157.08
60.7,6,0.0,314.159
60.7,7,0.0,314.159
60.7,8,0.0,314.159
60.7,9,1.0,157.08
60.7,10,1.0,157.08
60.8,6,0.0,314.159
60.8,7,0.0,314.159
60.8,8,0.0,314.159
60.8,9,1.0,157.08
60.8,10,1.0,157.08
60.9,6,0.0,314.159
60.9,7,0.0,314.159
60.9,8,0.0,314.159
60.9,9,1.0,157.08
60.9,10,1.0,157.08
61.0,6,0.0,314.159
61.0,7,0.0,314.159
61.0,8,0.0,314.159
61.0,9,1.0,157.08
61.0,10,1.0,157.08
61.1,6,0.0,314.159
61.1,7,0.0,314.159
61.1,8,0.0,314.159
61.1,9,1.0,157.08
61.1,10,1.0,157.08
61.2,6,0.0,314.159
61.2,7,0.0,314.159
61.2,8,0.0,314.159
61.2,9,1.0,157.08
61.2,10,1.0,157.08
61.3,6,0.0,314.159
61.3,7,0.0,314.159
61.3,8,0.0,314.159
61.3,9,1.0,157.08
61.3,10,1.0,157.08
61.4,6,0.0,314.159
61.4,7,0.0,314.159
61.4,8,0.0,314.159
61.4,9,1.0,157.08
61.4,10,1.0,157.08
61.5,6,0.0,314.159
61.5,7,0.0,314.159
61.5,8,0.0,314.159
61.5,9,1.0,157.08
61.5,10,1.0,157.08
61.6,6,0.0,314.159
61.6,7,0.0,314.159
61.6,8,0.0,314.159
61.6,9,1.0,157.08
61.6,10,1.0,157.08
61.7,6,0.0,314.159
61.7,7,0.0,314.159
61.7,8,0.0,314.159
61.7,9,1.0,157.08
61.7,10,1.0,157.08
61.8,6,0.0,314.159
61.8,7,0.0,314.159
61.8,8,0.0,314.159
61.8,9,1.0,157.08
61.8,10,1.0,157.08
61.9,6,0.0,314.159
61.9,7,0.0,314.159
61.9,8,0.0,314.159
61.9,9,1.0,157.08
61.9,10,1.0,157.08
62.0,6,0.0,314.159
62.0,7,0.0,314.159
62.0,8,0.0,314.159
62.0,9,1.0,157.08
62.0,10,1.0,157.08
62.1,6,0.0,314.159
62.1,7,0.0,314.159
62.1,8,0.0,314.159
62.1,9,1.0,157.08
62.1,10,1.0,157.08
62.2,6,0.0,314.159
62.2,7,0.0,314.159
62.2,8,0.0,314.159
62.2,9,1.0,157.08
62.2,10,1.0,157.08
62.3,6,0.0,314.159
62.3,7,0.0,314.159
62.3,8,0.0,314.159
62.3,9,1.0,157.08
62.3,10,1.0,157.08
62.4,6,0.0,314.159
62.4,7,0.0,314.159
62.4,8,0.0,314.159
62.4,9,1.0,157.08
62.4,10,1.0,157.08
62.5,6,0.0,314.159
62.5,7,0.0,314.159
62.5,8,0.0,314.159
62.5,9,1.0,157.08
62.5,10,1.0,157.08
62.6,6,0.0,314.159
62.6,7,0.0,314.159
62.6,8,0.0,314.159
62.6,9,1.0,157.08
62.6,10,1.0,157.08
62.7,6,0.0,314.159
62.7,7,0.0,314.159
62.7,8,0.0,314.159
62.7,9,1.0,157.08
62.7,10,1.0,157.08
62.8,6,0.0,314.159
62.8,7,0.0,314.159
62.8,8,0.0,314.159
62.8,9,1.0,157.08
62.8,10,1.0,157.08
62.9,6,0.0,314.159
62.9,7,0.0,314.159
62.9,8,0.0,314.159
62.9,9,1.0,157.08
62.9,10,1.0,157.08
63.0,6,0.0,314.159
63.0,7,0.0,314.159
63.0,8,0.0,314.159
63.0,9,1.0,157.08
63.0,10,1.0,157.08
63.1,6,0.0,314.159
63.1,7,0.0,314.159
63.1,8,0.0,314.159
63.1,9,1.0,157.08
63.1,10,1.0,157.08
63.2,6,0.0,314.159
63.2,7,0.0,314.159
63.2,8,0.0,314.159
63.2,9,1.0,157.08
63.2,10,1.0,157.08
63.3,6,0.0,314.159
63.3,7,0.0,314.159
63.3,8,0.0,314.159
63.3,9,1.0,157.08
63.3,10,1.0,157.08
63.4,6,0.0,314.159
63.4,7,0.0,314.159
63.4,8,0.0,314.159
63.4,9,1.0,157.08
63.4,10,1.0,157.08
63.5,6,0.0,314.159
63.5,7,0.0,314.159
63.5,8,0.0,314.159
63.5,9,1.0,157.08
63.5,10,1.0,157.08
63.6,6,0.0,314.159
63.6,7,0.0,314.159
63.6,8,0.0,314.159
63.6,9,1.0,157.08
63.6,10,1.0,157.08
63.7,6,0.0,314.159
63.7,7,0.0,314.159
63.7,8,0.0,314.159
63.7,9,1.0,157.08
63.7,10,1.0,157.08
63.8,6,0.0,314.159
63.8,7,0.0,314.159
63.8,8,0.0,314.159
63.8,9,1.0,157.08
63.8,10,1.0,157.08
63.9,6,0.0,314.159
63.9,7,0.0,314.159
63.9,8,0.0,314.159
63.9,9,1.0,157.08
63.9,10,1.0,157.08
64.0,6,0.0,314.159
64.0,7,0.0,314.159
64.0,8,0.0,314.159
64.0,9,1.0,157.08
64.0,10,1.0,157.08
64.1,6,0.0,314.159
64.1,7,0.0,314.159
64.1,8,0.0,314.159
64.1,9,1.0,157.08
64.1,10,1.0,157.08
64.2,6,0.0,314.159
64.2,7,0.0,314.159
64.2,8,0.0,314.159
64.2,9,1.0,157.08
64.2,10,1.0,157.08
64.3,6,0.0,314.159
64.3,7,0.0,314.159
64.3,8,0.0,314.159
64.3,9,1.0,157.08
64.3,10,1.0,157.08
64.4,6,0.0,314.159
64.4,7,0.0,314.159
64.4,8,0.0,314.159
64.4,9,1.0,157.08
64.4,10,1.0,157.08
64.5,6,0.0,314.159
64.5,7,0.0,314.159
64.5,8,0.0,314.159
64.5,9,1.0,157.08
64.5,10,1.0,157.08
64.6,6,0.0,314.159
64.6,7,0.0,314.159
64.6,8,0.0,314.159
64.6,9,1.0,157.08
64.6,10,1.0,157.08
64.7,6,0.0,314.159
64.7,7,0.0,314.159
64.7,8,0.0,314.159
64.7,9,1.0,157.08
64.7,10,1.0,157.08
64.8,6,0.0,314.159
64.8,7,0.0,314.159
64.8,8,0.0,314.159
64.8,9,1.0,157.08
64.8,10,1.0,157.08
64.9,6,0.0,314.159
64.9,7,0.0,314.159
64.9,8,0.0,314.159
64.9,9,1.0,157.08
64.9,10,1.0,157.08
65.0,6,0.0,314.159
65.0,7,0.0,314.159
65.0,8,0.0,314.159
65.0,9,1.0,157.08
65.0,10,1.0,157.08
65.1,6,0.0,314.159
65.1,7,0.0,314.159
65.1,8,0.0,314.159
65.1,9,1.0,157.08
65.1,10,1.0,157.08
65.2,6,0.0,314.159
65.2,7,0.0,314.159
65.2,8,0.0,314.159
65.2,9,1.0,157.08
65.2,10,1.0,157.08
65.3,6,0.0,314.159
65.3,7,0.0,314.159
65.3,8,0.0,314.159
65.3,9,1.0,157.08
65.3,10,1.0,157.08
65.4,6,0.0,314.159
65.4,7,0.0,314.159
65.4,8,0.0,314.159
65.4,9,1.0,157.08
65.4,10,1.0,157.08
65.5,6,0.0,314.159
65.5,7,0.0,314.159
65.5,8,0.0,314.159
65.5,9,1.0,157.08
65.5,10,1.0,157.08
65.6,6,0.0,314.159
65.6,7,0.0,314.159
65.6,8,0.0,314.159
65.6,9,1.0,157.08
65.6,10,1.0,157.08
65.7,6,0.0,314.159
65.7,7,0.0,314.159
65.7,8,0.0,314.159
65.7,9,1.0,157.08
65.7,10,1.0,157.08
65.8,6,0.0,314.159
65.8,7,0.0,314.159
65.8,8,0.0,314.159
65.8,9,1.0,157.08
65.8,10,1.0,157.08
65.9,6,0.0,314.159
65.9,7,0.0,314.159
65.9,8,0.0,314.159
65.9,9,1.0,157.08
65.9,10,1.0,157.08
66.0,6,0.0,314.159
66.0,7,0.0,314.159
66.0,8,0.0,314.159
66.0,9,1.0,157.08
66.0,10,1.0,157.08
66.1,6,0.0,314.159
66.1,7,0.0,314.159
66.1,8,0.0,314.159
66.1,9,1.0,157.08
66.1,10,1.0,157.08
66.2,6,0.0,314.159
66.2,7,0.0,314.159
66.2,8,0.0,314.159
66.2,9,1.0,157.08
66.2,10,1.0,157.08
66.3,6,0.0,314.159
66.3,7,0.0,314.159
66.3,8,0.0,314.159
66.3,9,1.0,157.08
66.3,10,1.0,157.08
66.4,6,0.0,314.159
66.4,7,0.0,314.159
66.4,8,0.0,314.159
66.4,9,1.0,157.08
66.4,10,1.0,157.08
66.5,6,0.0,314.159
66.5,7,0.0,314.159
66.5,8,0.0,314.159
66.5,9,1.0,157.08
66.5,10,1.0,157.08
66.6,6,0.0,314.159
66.6,7,0.0,314.159
66.6,8,0.0,314.159
66.6,9,1.0,157.08
66.6,10,1.0,157.08
66.7,6,0.0,314.159
66.7,7,0.0,314.159
66.7,8,0.0,314.159
66.7,9,1.0,157.08
66.7,10,1.0,157.08
66.8,6,0.0,314.159
66.8,7,0.0,314.159
66.8,8,0.0,314.159
66.8,9,1.0,157.08
66.8,10,1.0,157.08
66.9,6,0.0,314.159
66.9,7,0.0,314.159
66.9,8,0.0,314.159
66.9,9,1.0,157.08
66.9,10,1.0,157.08
67.0,6,0.0,314.159
67.0,7,0.0,314.159
67.0,8,0.0,314.159
67.0,9,1.0,157.08
67.0,10,1.0,157.08
67.1,6,0.0,314.159
67.1,7,0.0,314.159
67.1,8,0.0,314.159
67.1,9,1.0,157.08
67.1,10,1.0,157.08
67.2,6,0.0,314.159
67.2,7,0.0,314.159
67.2,8,0.0,314.159
67.2,9,1.0,157.08
67.2,10,1.0,157.08
67.3,6,0.0,314.159
67.3,7,0.0,314.159
67.3,8,0.0,314.159
67.3,9,1.0,157.08
67.3,10,1.0,157.08
67.4,6,0.0,314.159
67.4,7,0.0,314.159
67.4,8,0.0,314.159
67.4,9,1.0,157.08
67.4,10,1.0,157.08
67.5,6,0.0,314.159
67.5,7,0.0,314.159
67.5,8,0.0,314.159
67.5,9,1.0,157.08
67.5,10,1.0,157.08
67.6,6,0.0,314.159
67.6,7,0.0,314.159
67.6,8,0.0,314.159
67.6,9,1.0,157.08
67.6,10,1.0,157.08
67.7,6,0.0,314.159
67.7,7,0.0,314.159
67.7,8,0.0,314.159
67.7,9,1.0,157.08
67.7,10,1.0,157.08
67.8,6,0.0,314.159
67.8,7,0.0,314.159
67.8,8,0.0,314.159
67.8,9,1.0,157.08
67.8,10,1.0,157.08
67.9,6,0.0,314.159
67.9,7,0.0,314.159
67.9,8,0.0,314.159
67.9,9,1.0,157.08
67.9,10,1.0,157.08
68.0,6,0.0,314.159
68.0,7,0.0,314.159
68.0,8,0.0,314.159
68.0,9,1.0,157.08
68.0,10,1.0,157.08
68.1,6,0.0,314.159
68.1,7,0.0,314.159
68.1,8,0.0,314.159
68.1,9,1.0,157.08
68.1,10,1.0,157.08
68.2,6,0.0,314.159
68.2,7,0.0,314.159
68.2,8,0.0,314.159
68.2,9,2.0,104.72
68.2,10,1.0,157.08
68.3,6,1.0,157.08
68.3,7,0.0,314.159
68.3,8,0.0,314.159
68.3,9,2.0,104.72
68.3,10,1.0,157.08
68.4,6,1.0,157.08
68.4,7,0.0,314.159
68.4,8,0.0,314.159
68.4,9,2.0,104.72
68.4,10,1.0,157.08
68.5,6,1.0,157.08
68.5,7,0.0,314.159
68.5,8,0.0,314.159
68.5,9,2.0,104.72
68.5,10,1.0,157.08
68.6,6,1.0,157.08
68.6,7,0.0,314.159
68.6,8,0.0,314.159
68.6,9,2.0,104.72
68.6,10,1.0,157.08
68.7,6,1.0,157.08
68.7,7,0.0,314.159
68.7,8,0.0,314.159
68.7,9,2.0,104.72
68.7,10,1.0,157.08
68.8,6,1.0,157.08
68.8,7,0.0,314.159
68.8,8,0.0,314.159
68.8,9,2.0,104.72
68.8,10,1.0,157.08
68.9,6,1.0,157.08
68.9,7,0.0,314.159
68.9,8,0.0,314.159
68.9,9,2.0,104.72
68.9,10,1.0,157.08
69.0,6,1.0,157.08
69.0,7,0.0,314.159
69.0,8,0.0,314.159
69.0,9,2.0,104.72
69.0,10,1.0,157.08
69.1,6,1.0,157.08
69.1,7,0.0,314.159
69.1,8,0.0,314.159
69.1,9,2.0,104.72
69.1,10,1.0,157.08
69.2,6,1.0,157.08
69.2,7,0.0,314.159
69.2,8,0.0,314.159
69.2,9,1.0,157.08
69.2,10,1.0,157.08
69.3,6,1.0,157.08
69.3,7,0.0,314.159
69.3,8,0.0,314.159
69.3,9,1.0,157.08
69.3,10,0.0,314.159
69.4,6,1.0,157.08
69.4,7,0.0,314.159
69.4,8,0.0,314.159
69.4,9,1.0,157.08
69.4,10,0.0,314.159
69.5,6,1.0,157.08
69.5,7,0.0,314.159
69.5,8,0.0,314.159
69.5,9,1.0,157.08
69.5,10,0.0,314.159
69.6,6,1.0,157.08
69.6,7,0.0,314.159
69.6,8,0.0,314.159
69.6,9,1.0,157.08
69.6,10,0.0,314.159
69.7,6,1.0,157.08
69.7,7,0.0,314.159
69.7,8,0.0,314.159
69.7,9,1.0,157.08
69.7,10,0.0,314.159
69.8,6,1.0,157.08
69.8,7,0.0,314.159
69.8,8,0.0,314.159
69.8,9,1.0,157.08
69.8,10,0.0,314.159
69.9,6,1.0,157.08
69.9,7,0.0,314.159
69.9,8,0.0,314.159
69.9,9,1.0,157.08
69.9,10,0.0,314.159
70.0,6,1.0,157.08
70.0,7,0.0,314.159
70.0,8,0.0,314.159
70.0,9,1.0,157.08
70.0,10,0.0,314.159
70.1,6,1.0,157.08
70.1,7,0.0,314.159
70.1,8,0.0,314.159
70.1,9,1.0,157.08
70.1,10,1.0,157.08
70.2,6,1.0,157.08
70.2,7,0.0,314.159
70.2,8,0.0,314.159
70.2,9,2.0,104.72
70.2,10,1.0,157.08
70.3,6,1.0,157.08
70.3,7,0.0,314.159
70.3,8,0.0,314.159
70.3,9,1.0,157.08
70.3,10,1.0,157.08
70.4,6,1.0,157.08
70.4,7,0.0,314.159
70.4,8,0.0,314.159
70.4,9,1.0,157.08
70.4,10,1.0,157.08
70.5,6,1.0,157.08
70.5,7,0.0,314.159
70.5,8,0.0,314.159
70.5,9,2.0,104.72
70.5,10,1.0,157.08
70.6,6,0.0,314.159
70.6,7,0.0,314.159
70.6,8,0.0,314.159
70.6,9,1.0,157.08
70.6,10,1.0,157.08
70.7,6,0.0,314.159
70.7,7,0.0,314.159
70.7,8,0.0,314.159
70.7,9,1.0,157.08
70.7,10,1.0,157.08
70.8,6,0.0,314.159
70.8,7,0.0,314.159
70.8,8,0.0,314.159
70.8,9,1.0,157.08
70.8,10,1.0,157.08
70.9,6,0.0,314.159
70.9,7,0.0,314.159
70.9,8,0.0,314.159
70.9,9,1.0,157.08
70.9,10,1.0,157.08
71.0,6,0.0,314.159
71.0,7,0.0,314.159
71.0,8,0.0,314.159
71.0,9,1.0,157.08
71.0,10,1.0,157.08
71.1,6,0.0,314.159
71.1,7,0.0,314.159
71.1,8,0.0,314.159
71.1,9,1.0,157.08
71.1,10,1.0,157.08
71.2,6,0.0,314.159
71.2,7,0.0,314.159
71.2,8,0.0,314.159
71.2,9,1.0,157.08
71.2,10,1.0,157.08
71.3,6,0.0,314.159
71.3,7,0.0,314.159
71.3,8,0.0,314.159
71.3,9,1.0,157.08
71.3,10,1.0,157.08
71.4,6,0.0,314.159
71.4,7,0.0,314.159
71.4,8,0.0,314.159
71.4,9,1.0,157.08
71.4,10,1.0,157.08
71.5,6,0.0,314.159
71.5,7,0.0,314.159
71.5,8,0.0,314.159
71.5,9,1.0,157.08
71.5,10,1.0,157.08
71.6,6,0.0,314.159
71.6,7,0.0,314.159
71.6,8,0.0,314.159
71.6,9,1.0,157.08
71.6,10,1.0,157.08
71.7,6,0.0,314.159
71.7,7,0.0,314.159
71.7,8,0.0,314.159
71.7,9,1.0,157.08
71.7,10,1.0,157.08
71.8,6,0.0,314.159
71.8,7,0.0,314.159
71.8,8,0.0,314.159
71.8,9,1.0,157.08
71.8,10,1.0,157.08
71.9,6,0.0,314.159
71.9,7,0.0,314.159
71.9,8,0.0,314.159
71.9,9,1.0,157.08
71.9,10,1.0,157.08
72.0,6,0.0,314.159
72.0,7,0.0,314.159
72.0,8,0.0,314.159
72.0,9,1.0,157.08
72.0,10,1.0,157.08
72.1,6,0.0,314.159
72.1,7,0.0,314.159
72.1,8,0.0,314.159
72.1,9,1.0,157.08
72.1,10,1.0,157.08
72.2,6,0.0,314.159
72.2,7,0.0,314.159
72.2,8,0.0,314.159
72.2,9,1.0,157.08
72.2,10,1.0,157.08
72.3,6,0.0,314.159
72.3,7,0.0,314.159
72.3,8,0.0,314.159
72.3,9,1.0,157.08
72.3,10,1.0,157.08
72.4,6,0.0,314.159
72.4,7,0.0,314.159
72.4,8,0.0,314.159
72.4,9,1.0,157.08
72.4,10,1.0,157.08
72.5,6,0.0,314.159
72.5,7,0.0,314.159
72.5,8,0.0,314.159
72.5,9,1.0,157.08
72.5,10,1.0,157.08
72.6,6,0.0,314.159
72.6,7,0.0,314.159
72.6,8,0.0,314.159
72.6,9,1.0,157.08
72.6,10,1.0,157.08
72.7,6,0.0,314.159
72.7,7,0.0,314.159
72.7,8,0.0,314.159
72.7,9,1.0,157.08
72.7,10,1.0,157.08
72.8,6,0.0,314.159
72.8,7,0.0,314.159
72.8,8,0.0,314.159
72.8,9,1.0,157.08
72.8,10,1.0,157.08
72.9,6,0.0,314.159
72.9,7,0.0,314.159
72.9,8,0.0,314.159
72.9,9,1.0,157.08
72.9,10,1.0,157.08
73.0,6,0.0,314.159
73.0,7,0.0,314.159
73.0,8,0.0,314.159
73.0,9,1.0,157.08
73.0,10,1.0,157.08
73.1,6,0.0,314.159
73.1,7,0.0,314.159
73.1,8,0.0,314.159
73.1,9,1.0,157.08
73.1,10,1.0,157.08
73.2,6,0.0,314.159
73.2,7,0.0,314.159
73.2,8,0.0,314.159
73.2,9,1.0,157.08
73.2,10,1.0,157.08
73.3,6,0.0,314.159
73.3,7,0.0,314.159
73.3,8,0.0,314.159
73.3,9,1.0,157.08
73.3,10,1.0,157.08
73.4,6,0.0,314.159
73.4,7,0.0,314.159
73.4,8,0.0,314.159
73.4,9,1.0,157.08
73.4,10,1.0,157.08
73.5,6,0.0,314.159
73.5,7,0.0,314.159
73.5,8,0.0,314.159
73.5,9,1.0,157.08
73.5,10,1.0,157.08
73.6,6,0.0,314.159
73.6,7,0.0,314.159
73.6,8,0.0,314.159
73.6,9,1.0,157.08
73.6,10,1.0,157.08
73.7,6,0.0,314.159
73.7,7,0.0,314.159
73.7,8,0.0,314.159
73.7,9,1.0,157.08
73.7,10,1.0,157.08
73.8,6,0.0,314.159
73.8,7,0.0,314.159
73.8,8,0.0,314.159
73.8,9,1.0,157.08
73.8,10,1.0,157.08
73.9,6,0.0,314.159
73.9,7,0.0,314.159
73.9,8,0.0,314.159
73.9,9,1.0,157.08
73.9,10,1.0,157.08
74.0,6,0.0,314.159
74.0,7,0.0,314.159
74.0,8,0.0,314.159
74.0,9,1.0,157.08
74.0,10,1.0,157.08
74.1,6,0.0,314.159
74.1,7,0.0,314.159
74.1,8,0.0,314.159
74.1,9,1.0,157.08
74.1,10,1.0,157.08
74.2,6,0.0,314.159
74.2,7,0.0,314.159
74.2,8,0.0,314.159
74.2,9,1.0,157.08
74.2,10,1.0,157.08
74.3,6,0.0,314.159
74.3,7,0.0,314.159
74.3,8,0.0,314.159
74.3,9,1.0,157.08
74.3,10,1.0,157.08
74.4,6,0.0,314.159
74.4,7,0.0,314.159
74.4,8,0.0,314.159
74.4,9,1.0,157.08
74.4,10,1.0,157.08
74.5,6,0.0,314.159
74.5,7,0.0,314.159
74.5,8,0.0,314.159
74.5,9,1.0,157.08
74.5,10,1.0,157.08
74.6,6,0.0,314.159
74.6,7,0.0,314.159
74.6,8,0.0,314.159
74.6,9,1.0,157.08
74.6,10,1.0,157.08
74.7,6,0.0,314.159
74.7,7,0.0,314.159
74.7,8,0.0,314.159
74.7,9,1.0,157.08
74.7,10,1.0,157.08
74.8,6,0.0,314.159
74.8,7,0.0,314.159
74.8,8,0.0,314.159
74.8,9,1.0,157.08
74.8,10,1.0,157.08
74.9,6,0.0,314.159
74.9,7,0.0,314.159
74.9,8,0.0,314.159
74.9,9,1.0,157.08
74.9,10,1.0,157.08
75.0,6,0.0,314.159
75.0,7,0.0,314.159
75.0,8,0.0,314.159
75.0,9,1.0,157.08
75.0,10,1.0,157.08
75.1,6,0.0,314.159
75.1,7,0.0,314.159
75.1,8,0.0,314.159
75.1,9,1.0,157.08
75.1,10,1.0,157.08
75.2,6,0.0,314.159
75.2,7,0.0,314.159
75.2,8,0.0,314.159
75.2,9,1.0,157.08
75.2,10,1.0,157.08
75.3,6,0.0,314.159
75.3,7,0.0,314.159
75.3,8,0.0,314.159
75.3,9,1.0,157.08
75.3,10,1.0,157.08
75.4,6,0.0,314.159
75.4,7,0.0,314.159
75.4,8,0.0,314.159
75.4,9,1.0,157.08
75.4,10,1.0,157.08
75.5,6,0.0,314.159
75.5,7,0.0,314.159
75.5,8,0.0,314.159
75.5,9,1.0,157.08
75.5,10,1.0,157.08
75.6,6,0.0,314.159
75.6,7,0.0,314.159
75.6,8,0.0,314.159
75.6,9,1.0,157.08
75.6,10,1.0,157.08
75.7,6,0.0,314.159
75.7,7,0.0,314.159
75.7,8,0.0,314.159
75.7,9,1.0,157.08
75.7,10,1.0,157.08
75.8,6,0.0,314.159
75.8,7,0.0,314.159
75.8,8,0.0,314.159
75.8,9,1.0,157.08
75.8,10,1.0,157.08
75.9,6,0.0,314.159
75.9,7,0.0,314.159
75.9,8,0.0,314.159
75.9,9,1.0,157.08
75.9,10,1.0,157.08
76.0,6,0.0,314.159
76.0,7,0.0,314.159
76.0,8,0.0,314.159
76.0,9,1.0,157.08
76.0,10,1.0,157.08
76.1,6,0.0,314.159
76.1,7,0.0,314.159
76.1,8,0.0,314.159
76.1,9,1.0,157.08
76.1,10,1.0,157.08
76.2,6,0.0,314.159
76.2,7,0.0,314.159
76.2,8,0.0,314.159
76.2,9,1.0,157.08
76.2,10,1.0,157.08
76.3,6,0.0,314.159
76.3,7,0.0,314.159
76.3,8,0.0,314.159
76.3,9,1.0,157.08
76.3,10,1.0,157.08
76.4,6,0.0,314.159
76.4,7,0.0,314.159
76.4,8,0.0,314.159
76.4,9,1.0,157.08
76.4,10,1.0,157.08
76.5,6,0.0,314.159
76.5,7,0.0,314.159
76.5,8,0.0,314.159
76.5,9,1.0,157.08
76.5,10,1.0,157.08
76.6,6,0.0,314.159
76.6,7,0.0,314.159
76.6,8,0.0,314.159
76.6,9,1.0,157.08
76.6,10,1.0,157.08
76.7,6,0.0,314.159
76.7,7,0.0,314.159
76.7,8,0.0,314.159
76.7,9,1.0,157.08
76.7,10,1.0,157.08
76.8,6,0.0,314.159
76.8,7,0.0,314.159
76.8,8,0.0,314.159
76.8,9,1.0,157.08
76.8,10,1.0,157.08
76.9,6,0.0,314.159
76.9,7,0.0,314.159
76.9,8,0.0,314.159
76.9,9,1.0,157.08
76.9,10,1.0,157.08
77.0,6,0.0,314.159
77.0,7,0.0,314.159
77.0,8,0.0,314.159
77.0,9,1.0,157.08
77.0,10,1.0,157.08
77.1,6,0.0,314.159
77.1,7,0.0,314.159
77.1,8,0.0,314.159
77.1,9,1.0,157.08
77.1,10,1.0,157.08
77.2,6,0.0,314.159
77.2,7,0.0,314.159
77.2,8,0.0,314.159
77.2,9,1.0,157.08
77.2,10,1.0,157.08
77.3,6,0.0,314.159
77.3,7,0.0,314.159
77.3,8,0.0,314.159
77.3,9,1.0,157.08
77.3,10,1.0,157.08
77.4,6,0.0,314.159
77.4,7,0.0,314.159
77.4,8,0.0,314.159
77.4,9,1.0,157.08
77.4,10,1.0,157.08
77.5,6,0.0,314.159
77.5,7,0.0,314.159
77.5,8,0.0,314.159
77.5,9,1.0,157.08
77.5,10,1.0,157.08
77.6,6,0.0,314.159
77.6,7,0.0,314.159
77.6,8,0.0,314.159
77.6,9,1.0,157.08
77.6,10,1.0,157.08
77.7,6,0.0,314.159
77.7,7,0.0,314.159
77.7,8,0.0,314.159
77.7,9,1.0,157.08
77.7,10,1.0,157.08
77.8,6,0.0,314.159
77.8,7,0.0,314.159
77.8,8,0.0,314.159
77.8,9,1.0,157.08
77.8,10,1.0,157.08
77.9,6,0.0,314.159
77.9,7,0.0,314.159
77.9,8,0.0,314.159
77.9,9,1.0,157.08
77.9,10,1.0,157.08
78.0,6,0.0,314.159
78.0,7,0.0,314.159
78.0,8,0.0,314.159
78.0,9,1.0,157.08
78.0,10,1.0,157.08
78.1,6,0.0,314.159
78.1,7,0.0,314.159
78.1,8,0.0,314.159
78.1,9,1.0,157.08
78.1,10,1.0,157.08
78.2,6,0.0,314.159
78.2,7,0.0,314.159
78.2,8,0.0,314.159
78.2,9,1.0,157.08
78.2,10,1.0,157.08
78.3,6,0.0,314.159
78.3,7,0.0,314.159
78.3,8,0.0,314.159
78.3,9,1.0,157.08
78.3,10,1.0,157.08
78.4,6,0.0,314.159
78.4,7,0.0,314.159
78.4,8,0.0,314.159
78.4,9,1.0,157.08
78.4,10,1.0,157.08
78.5,6,0.0,314.159
78.5,7,0.0,314.159
78.5,8,0.0,314.159
78.5,9,1.0,157.08
78.5,10,1.0,157.08
78.6,6,0.0,314.159
78.6,7,0.0,314.159
78.6,8,0.0,314.159
78.6,9,1.0,157.08
78.6,10,1.0,157.08
78.7,6,0.0,314.159
78.7,7,0.0,314.159
78.7,8,0.0,314.159
78.7,9,1.0,157.08
78.7,10,1.0,157.08
78.8,6,0.0,314.159
78.8,7,0.0,314.159
78.8,8,0.0,314.159
78.8,9,1.0,157.08
78.8,10,1.0,157.08
78.9,6,0.0,314.159
78.9,7,0.0,314.159
78.9,8,0.0,314.159
78.9,9,1.0,157.08
78.9,10,1.0,157.08
79.0,6,0.0,314.159
79.0,7,0.0,314.159
79.0,8,0.0,314.159
79.0,9,1.0,157.08
79.0,10,1.0,157.08
79.1,6,0.0,314.159
79.1,7,0.0,314.159
79.1,8,0.0,314.159
79.1,9,1.0,157.08
79.1,10,1.0,157.08
79.2,6,0.0,314.159
79.2,7,0.0,314.159
79.2,8,0.0,314.159
79.2,9,1.0,157.08
79.2,10,1.0,157.08
79.3,6,0.0,314.159
79.3,7,0.0,314.159
79.3,8,0.0,314.159
79.3,9,1.0,157.08
79.3,10,1.0,157.08
79.4,6,0.0,314.159
79.4,7,0.0,314.159
79.4,8,0.0,314.159
79.4,9,1.0,157.08
79.4,10,1.0,157.08
79.5,6,0.0,314.159
79.5,7,0.0,314.159
79.5,8,0.0,314.159
79.5,9,1.0,157.08
79.5,10,1.0,157.08
79.6,6,0.0,314.159
79.6,7,0.0,314.159
79.6,8,0.0,314.159
79.6,9,1.0,157.08
79.6,10,1.0,157.08
79.7,6,0.0,314.159
79.7,7,0.0,314.159
79.7,8,0.0,314.159
79.7,9,1.0,157.08
79.7,10,1.0,157.08
79.8,6,0.0,314.159
79.8,7,0.0,314.159
79.8,8,0.0,314.159
79.8,9,1.0,157.08
79.8,10,1.0,157.08
79.9,6,0.0,314.159
79.9,7,0.0,314.159
79.9,8,0.0,314.159
79.9,9,1.0,157.08
79.9,10,1.0,157.08
80.0,6,0.0,314.159
80.0,7,0.0,314.159
80.0,8,0.0,314.159
80.0,9,1.0,157.08
80.0,10,1.0,157.08
80.1,6,0.0,314.159
80.1,7,0.0,314.159
80.1,8,0.0,314.159
80.1,9,1.0,157.08
80.1,10,1.0,157.08
80.2,6,0.0,314.159
80.2,7,0.0,314.159
80.2,8,0.0,314.159
80.2,9,1.0,157.08
80.2,10,1.0,157.08
80.3,6,0.0,314.159
80.3,7,0.0,314.159
80.3,8,0.0,314.159
80.3,9,1.0,157.08
80.3,10,1.0,157.08
80.4,6,0.0,314.159
80.4,7,0.0,314.159
80.4,8,0.0,314.159
80.4,9,1.0,157.08
80.4,10,1.0,157.08
80.5,6,0.0,314.159
80.5,7,0.0,314.159
80.5,8,0.0,314.159
80.5,9,1.0,157.08
80.5,10,1.0,157.08
80.6,6,0.0,314.159
80.6,7,0.0,314.159
80.6,8,0.0,314.159
80.6,9,1.0,157.08
80.6,10,1.0,157.08
80.7,6,0.0,314.159
80.7,7,0.0,314.159
80.7,8,0.0,314.159
80.7,9,1.0,157.08
80.7,10,1.0,157.08
80.8,6,0.0,314.159
80.8,7,0.0,314.159
80.8,8,0.0,314.159
80.8,9,1.0,157.08
80.8,10,1.0,157.08
80.9,6,0.0,314.159
80.9,7,0.0,314.159
80.9,8,0.0,314.159
80.9,9,1.0,157.08
80.9,10,1.0,157.08
81.0,6,0.0,314.159
81.0,7,0.0,314.159
81.0,8,0.0,314.159
81.0,9,1.0,157.08
81.0,10,1.0,157.08
81.1,6,0.0,314.159
81.1,7,0.0,314.159
81.1,8,0.0,314.159
81.1,9,1.0,157.08
81.1,10,1.0,157.08
81.2,6,0.0,314.159
81.2,7,0.0,314.159
81.2,8,0.0,314.159
81.2,9,1.0,157.08
81.2,10,1.0,157.08
81.3,6,0.0,314.159
81.3,7,0.0,314.159
81.3,8,0.0,314.159
81.3,9,1.0,157.08
81.3,10,1.0,157.08
81.4,6,0.0,314.159
81.4,7,0.0,314.159
81.4,8,0.0,314.159
81.4,9,1.0,157.08
81.4,10,1.0,157.08
81.5,6,0.0,314.159
81.5,7,0.0,314.159
81.5,8,0.0,314.159
81.5,9,1.0,157.08
81.5,10,1.0,157.08
81.6,6,0.0,314.159
81.6,7,0.0,314.159
81.6,8,0.0,314.159
81.6,9,1.0,157.08
81.6,10,1.0,157.08
81.7,6,0.0,314.159
81.7,7,0.0,314.159
81.7,8,0.0,314.159
81.7,9,1.0,157.08
81.7,10,1.0,157.08
81.8,6,0.0,314.159
81.8,7,0.0,314.159
81.8,8,0.0,314.159
81.8,9,1.0,157.08
81.8,10,1.0,157.08
81.9,6,0.0,314.159
81.9,7,0.0,314.159
81.9,8,0.0,314.159
81.9,9,1.0,157.08
81.9,10,1.0,157.08
82.0,6,0.0,314.159
82.0,7,0.0,314.159
82.0,8,0.0,314.159
82.0,9,1.0,157.08
82.0,10,1.0,157.08
82.1,6,0.0,314.159
82.1,7,0.0,314.159
82.1,8,0.0,314.159
82.1,9,1.0,157.08
82.1,10,1.0,157.08
82.2,6,0.0,314.159
82.2,7,0.0,314.159
82.2,8,0.0,314.159
82.2,9,1.0,157.08
82.2,10,1.0,157.08
82.3,6,0.0,314.159
82.3,7,0.0,314.159
82.3,8,0.0,314.159
82.3,9,1.0,157.08
82.3,10,1.0,157.08
82.4,6,0.0,314.159
82.4,7,0.0,314.159
82.4,8,0.0,314.159
82.4,9,1.0,157.08
82.4,10,1.0,157.08
82.5,6,0.0,314.159
82.5,7,0.0,314.159
82.5,8,0.0,314.159
82.5,9,1.0,157.08
82.5,10,1.0,157.08
82.6,6,0.0,314.159
82.6,7,0.0,314.159
82.6,8,0.0,314.159
82.6,9,1.0,157.08
82.6,10,1.0,157.08
82.7,6,0.0,314.159
82.7,7,0.0,314.159
82.7,8,0.0,314.159
82.7,9,1.0,157.08
82.7,10,1.0,157.08
82.8,6,0.0,314.159
82.8,7,0.0,314.159
82.8,8,0.0,314.159
82.8,9,1.0,157.08
82.8,10,1.0,157.08
82.9,6,0.0,314.159
82.9,7,0.0,314.159
82.9,8,0.0,314.159
82.9,9,1.0,157.08
82.9,10,1.0,157.08
83.0,6,0.0,314.159
83.0,7,0.0,314.159
83.0,8,0.0,314.159
83.0,9,1.0,157.08
83.0,10,1.0,157.08
83.1,6,0.0,314.159
83.1,7,0.0,314.159
83.1,8,0.0,314.159
83.1,9,1.0,157.08
83.1,10,1.0,157.08
83.2,6,0.0,314.159
83.2,7,0.0,314.159
83.2,8,0.0,314.159
83.2,9,1.0,157.08
83.2,10,1.0,157.08
83.3,6,0.0,314.159
83.3,7,0.0,314.159
83.3,8,0.0,314.159
83.3,9,1.0,157.08
83.3,10,1.0,157.08
83.4,6,0.0,314.159
83.4,7,0.0,314.159
83.4,8,0.0,314.159
83.4,9,1.0,157.08
83.4,10,1.0,157.08
83.5,6,0.0,314.159
83.5,7,0.0,314.159
83.5,8,0.0,314.159
83.5,9,1.0,157.08
83.5,10,1.0,157.08
83.6,6,0.0,314.159
83.6,7,0.0,314.159
83.6,8,0.0,314.159
83.6,9,1.0,157.08
83.6,10,1.0,157.08
83.7,6,0.0,314.159
83.7,7,0.0,314.159
83.7,8,0.0,314.159
83.7,9,1.0,157.08
83.7,10,1.0,157.08
83.8,6,0.0,314.159
83.8,7,0.0,314.159
83.8,8,0.0,314.159
83.8,9,1.0,157.08
83.8,10,1.0,157.08
83.9,6,0.0,314.159
83.9,7,0.0,314.159
83.9,8,0.0,314.159
83.9,9,1.0,157.08
83.9,10,1.0,157.08
84.0,6,0.0,314.159
84.0,7,0.0,314.159
84.0,8,0.0,314.159
84.0,9,1.0,157.08
84.0,10,1.0,157.08
84.1,6,0.0,314.159
84.1,7,0.0,314.159
84.1,8,0.0,314.159
84.1,9,1.0,157.08
84.1,10,1.0,157.08
84.2,6,0.0,314.159
84.2,7,0.0,314.159
84.2,8,0.0,314.159
84.2,9,1.0,157.08
84.2,10,1.0,157.08
84.3,6,0.0,314.159
84.3,7,0.0,314.159
84.3,8,0.0,314.159
84.3,9,1.0,157.08
84.3,10,1.0,157.08
84.4,6,0.0,314.159
84.4,7,0.0,314.159
84.4,8,0.0,314.159
84.4,9,1.0,157.08
84.4,10,1.0,157.08
84.5,6,0.0,314.159
84.5,7,0.0,314.159
84.5,8,0.0,314.159
84.5,9,1.0,157.08
84.5,10,1.0,157.08
84.6,6,0.0,314.159
84.6,7,0.0,314.159
84.6,8,0.0,314.159
84.6,9,1.0,157.08
84.6,10,1.0,157.08
84.7,6,0.0,314.159
84.7,7,0.0,314.159
84.7,8,0.0,314.159
84.7,9,1.0,157.08
84.7,10,1.0,157.08
84.8,6,0.0,314.159
84.8,7,0.0,314.159
84.8,8,0.0,314.159
84.8,9,1.0,157.08
84.8,10,1.0,157.08
84.9,6,0.0,314.159
84.9,7,0.0,314.159
84.9,8,0.0,314.159
84.9,9,1.0,157.08
84.9,10,1.0,157.08
85.0,6,0.0,314.159
85.0,7,0.0,314.159
85.0,8,0.0,314.159
85.0,9,1.0,157.08
85.0,10,1.0,157.08
85.1,6,0.0,314.159
85.1,7,0.0,314.159
85.1,8,0.0,314.159
85.1,9,1.0,157.08
85.1,10,1.0,157.08
85.2,6,0.0,314.159
85.2,7,0.0,314.159
85.2,8,0.0,314.159
85.2,9,1.0,157.08
85.2,10,1.0,157.08
85.3,6,0.0,314.159
85.3,7,0.0,314.159
85.3,8,0.0,314.159
85.3,9,1.0,157.08
85.3,10,1.0,157.08
85.4,6,0.0,314.159
85.4,7,0.0,314.159
85.4,8,0.0,314.159
85.4,9,1.0,157.08
85.4,10,1.0,157.08
85.5,6,0.0,314.159
85.5,7,0.0,314.159
85.5,8,0.0,314.159
85.5,9,1.0,157.08
85.5,10,1.0,157.08
85.6,6,0.0,314.159
85.6,7,0.0,314.159
85.6,8,0.0,314.159
85.6,9,1.0,157.08
85.6,10,1.0,157.08
85.7,6,0.0,314.159
85.7,7,0.0,314.159
85.7,8,0.0,314.159
85.7,9,1.0,157.08
85.7,10,1.0,157.08
85.8,6,0.0,314.159
85.8,7,0.0,314.159
85.8,8,0.0,314.159
85.8,9,1.0,157.08
85.8,10,1.0,157.08
85.9,6,0.0,314.159
85.9,7,0.0,314.159
85.9,8,0.0,314.159
85.9,9,1.0,157.08
85.9,10,1.0,157.08
86.0,6,0.0,314.159
86.0,7,0.0,314.159
86.0,8,0.0,314.159
86.0,9,1.0,157.08
86.0,10,1.0,157.08
86.1,6,0.0,314.159
86.1,7,0.0,314.159
86.1,8,0.0,314.159
86.1,9,1.0,157.08
86.1,10,1.0,157.08
86.2,6,0.0,314.159
86.2,7,0.0,314.159
86.2,8,0.0,314.159
86.2,9,1.0,157.08
86.2,10,1.0,157.08
86.3,6,0.0,314.159
86.3,7,0.0,314.159
86.3,8,0.0,314.159
86.3,9,1.0,157.08
86.3,10,1.0,157.08
86.4,6,0.0,314.159
86.4,7,0.0,314.159
86.4,8,0.0,314.159
86.4,9,1.0,157.08
86.4,10,1.0,157.08
86.5,6,0.0,314.159
86.5,7,0.0,314.159
86.5,8,0.0,314.159
86.5,9,1.0,157.08
86.5,10,1.0,157.08
86.6,6,0.0,314.159
86.6,7,0.0,314.159
86.6,8,0.0,314.159
86.6,9,1.0,157.08
86.6,10,1.0,157.08
86.7,6,0.0,314.159
86.7,7,0.0,314.159
86.7,8,0.0,314.159
86.7,9,1.0,157.08
86.7,10,1.0,157.08
86.8,6,0.0,314.159
86.8,7,0.0,314.159
86.8,8,0.0,314.159
86.8,9,1.0,157.08
86.8,10,1.0,157.08
86.9,6,0.0,314.159
86.9,7,0.0,314.159
86.9,8,0.0,314.159
86.9,9,1.0,157.08
86.9,10,1.0,157.08
87.0,6,0.0,314.159
87.0,7,0.0,314.159
87.0,8,0.0,314.159
87.0,9,1.0,157.08
87.0,10,1.0,157.08
87.1,6,0.0,314.159
87.1,7,0.0,314.159
87.1,8,0.0,314.159
87.1,9,1.0,157.08
87.1,10,1.0,157.08
87.2,6,0.0,314.159
87.2,7,0.0,314.159
87.2,8,0.0,314.159
87.2,9,1.0,157.08
87.2,10,1.0,157.08
87.3,6,0.0,314.159
87.3,7,0.0,314.159
87.3,8,0.0,314.159
87.3,9,1.0,157.08
87.3,10,1.0,157.08
87.4,6,0.0,314.159
87.4,7,0.0,314.159
87.4,8,0.0,314.159
87.4,9,1.0,157.08
87.4,10,1.0,157.08
87.5,6,0.0,314.159
87.5,7,0.0,314.159
87.5,8,0.0,314.159
87.5,9,1.0,157.08
87.5,10,1.0,157.08
87.6,6,0.0,314.159
87.6,7,0.0,314.159
87.6,8,0.0,314.159
87.6,9,1.0,157.08
87.6,10,1.0,157.08
87.7,6,0.0,314.159
87.7,7,0.0,314.159
87.7,8,0.0,314.159
87.7,9,1.0,157.08
87.7,10,1.0,157.08
87.8,6,0.0,314.159
87.8,7,0.0,314.159
87.8,8,0.0,314.159
87.8,9,1.0,157.08
87.8,10,1.0,157.08
87.9,6,0.0,314.159
87.9,7,0.0,314.159
87.9,8,0.0,314.159
87.9,9,1.0,157.08
87.9,10,1.0,157.08
88.0,6,0.0,314.159
88.0,7,0.0,314.159
88.0,8,0.0,314.159
88.0,9,1.0,157.08
88.0,10,1.0,157.08
88.1,6,0.0,314.159
88.1,7,0.0,314.159
88.1,8,0.0,314.159
88.1,9,1.0,157.08
88.1,10,1.0,157.08
88.2,6,0.0,314.159
88.2,7,0.0,314.159
88.2,8,0.0,314.159
88.2,9,1.0,157.08
88.2,10,1.0,157.08
88.3,6,0.0,314.159
88.3,7,0.0,314.159
88.3,8,0.0,314.159
88.3,9,1.0,157.08
88.3,10,1.0,157.08
88.4,6,0.0,314.159
88.4,7,0.0,314.159
88.4,8,0.0,314.159
88.4,9,1.0,157.08
88.4,10,1.0,157.08
88.5,6,0.0,314.159
88.5,7,0.0,314.159
88.5,8,0.0,314.159
88.5,9,1.0,157.08
88.5,10,1.0,157.08
88.6,6,0.0,314.159
88.6,7,0.0,314.159
88.6,8,0.0,314.159
88.6,9,1.0,157.08
88.6,10,1.0,157.08
88.7,6,0.0,314.159
88.7,7,0.0,314.159
88.7,8,0.0,314.159
88.7,9,1.0,157.08
88.7,10,1.0,157.08
88.8,6,0.0,314.159
88.8,7,0.0,314.159
88.8,8,0.0,314.159
88.8,9,1.0,157.08
88.8,10,1.0,157.08
88.9,6,0.0,314.159
88.9,7,0.0,314.159
88.9,8,0.0,314.159
88.9,9,1.0,157.08
88.9,10,1.0,157.08
89.0,6,0.0,314.159
89.0,7,0.0,314.159
89.0,8,0.0,314.159
89.0,9,1.0,157.08
89.0,10,1.0,157.08
89.1,6,0.0,314.159
89.1,7,0.0,314.159
89.1,8,0.0,314.159
89.1,9,1.0,157.08
89.1,10,1.0,157.08
89.2,6,0.0,314.159
89.2,7,0.0,314.159
89.2,8,0.0,314.159
89.2,9,1.0,157.08
89.2,10,1.0,157.08
89.3,6,0.0,314.159
89.3,7,0.0,314.159
89.3,8,0.0,314.159
89.3,9,1.0,157.08
89.3,10,1.0,157.08
89.4,6,0.0,314.159
89.4,7,0.0,314.159
89.4,8,0.0,314.159
89.4,9,1.0,157.08
89.4,10,1.0,157.08
89.5,6,0.0,314.159
89.5,7,0.0,314.159
89.5,8,0.0,314.159
89.5,9,1.0,157.08
89.5,10,1.0,157.08
89.6,6,0.0,314.159
89.6,7,0.0,314.159
89.6,8,0.0,314.159
89.6,9,1.0,157.08
89.6,10,1.0,157.08
89.7,6,0.0,314.159
89.7,7,0.0,314.159
89.7,8,0.0,314.159
89.7,9,1.0,157.08
89.7,10,1.0,157.08
89.8,6,0.0,314.159
89.8,7,0.0,314.159
89.8,8,0.0,314.159
89.8,9,1.0,157.08
89.8,10,1.0,157.08
89.9,6,0.0,314.159
89.9,7,0.0,314.159
89.9,8,0.0,314.159
89.9,9,1.0,157.08
89.9,10,1.0,157.08
90.0,6,0.0,314.159
90.0,7,0.0,314.159
90.0,8,0.0,314.159
90.0,9,1.0,157.08
90.0,10,1.0,157.08
90.1,6,0.0,314.159
90.1,7,0.0,314.159
90.1,8,0.0,314.159
90.1,9,1.0,157.08
90.1,10,1.0,157.08
90.2,6,0.0,314.159
90.2,7,0.0,314.159
90.2,8,0.0,314.159
90.2,9,1.0,157.08
90.2,10,1.0,157.08
90.3,6,0.0,314.159
90.3,7,0.0,314.159
90.3,8,0.0,314.159
90.3,9,1.0,157.08
90.3,10,1.0,157.08
90.4,6,0.0,314.159
90.4,7,0.0,314.159
90.4,8,0.0,314.159
90.4,9,1.0,157.08
90.4,10,1.0,157.08
90.5,6,0.0,314.159
90.5,7,0.0,314.159
90.5,8,0.0,314.159
90.5,9,1.0,157.08
90.5,10,1.0,157.08
90.6,6,0.0,314.159
90.6,7,0.0,314.159
90.6,8,0.0,314.159
90.6,9,1.0,157.08
90.6,10,1.0,157.08
90.7,6,0.0,314.159
90.7,7,0.0,314.159
90.7,8,0.0,314.159
90.7,9,1.0,157.08
90.7,10,1.0,157.08
90.8,6,0.0,314.159
90.8,7,0.0,314.159
90.8,8,0.0,314.159
90.8,9,1.0,157.08
90.8,10,1.0,157.08
90.9,6,0.0,314.159
90.9,7,0.0,314.159
90.9,8,0.0,314.159
90.9,9,1.0,157.08
90.9,10,1.0,157.08
91.0,6,0.0,314.159
91.0,7,0.0,314.159
91.0,8,0.0,314.159
91.0,9,1.0,157.08
91.0,10,1.0,157.08
91.1,6,0.0,314.159
91.1,7,0.0,314.159
91.1,8,0.0,314.159
91.1,9,1.0,157.08
91.1,10,1.0,157.08
91.2,6,0.0,314.159
91.2,7,0.0,314.159
91.2,8,0.0,314.159
91.2,9,1.0,157.08
91.2,10,1.0,157.08
91.3,6,0.0,314.159
91.3,7,0.0,314.159
91.3,8,0.0,314.159
91.3,9,1.0,157.08
91.3,10,1.0,157.08
91.4,6,0.0,314.159
91.4,7,0.0,314.159
91.4,8,0.0,314.159
91.4,9,1.0,157.08
91.4,10,1.0,157.08
91.5,6,0.0,314.159
91.5,7,0.0,314.159
91.5,8,0.0,314.159
91.5,9,1.0,157.08
91.5,10,1.0,157.08
91.6,6,0.0,314.159
91.6,7,0.0,314.159
91.6,8,0.0,314.159
91.6,9,1.0,157.08
91.6,10,1.0,157.08
91.7,6,0.0,314.159
91.7,7,0.0,314.159
91.7,8,0.0,314.159
91.7,9,1.0,157.08
91.7,10,1.0,157.08
91.8,6,0.0,314.159
91.8,7,0.0,314.159
91.8,8,0.0,314.159
91.8,9,1.0,157.08
91.8,10,1.0,157.08
91.9,6,0.0,314.159
91.9,7,0.0,314.159
91.9,8,0.0,314.159
91.9,9,1.0,157.08
91.9,10,1.0,157.08
92.0,6,0.0,314.159
92.0,7,0.0,314.159
92.0,8,0.0,314.159
92.0,9,1.0,157.08
92.0,10,1.0,157.08
92.1,6,0.0,314.159
92.1,7,0.0,314.159
92.1,8,0.0,314.159
92.1,9,1.0,157.08
92.1,10,1.0,157.08
92.2,6,0.0,314.159
92.2,7,0.0,314.159
92.2,8,0.0,314.159
92.2,9,1.0,157.08
92.2,10,1.0,157.08
92.3,6,0.0,314.159
92.3,7,0.0,314.159
92.3,8,0.0,314.159
92.3,9,1.0,157.08
92.3,10,1.0,157.08
92.4,6,0.0,314.159
92.4,7,0.0,314.159
92.4,8,0.0,314.159
92.4,9,1.0,157.08
92.4,10,1.0,157.08
92.5,6,0.0,314.159
92.5,7,0.0,314.159
92.5,8,0.0,314.159
92.5,9,1.0,157.08
92.5,10,1.0,157.08
92.6,6,0.0,314.159
92.6,7,0.0,314.159
92.6,8,0.0,314.159
92.6,9,1.0,157.08
92.6,10,1.0,157.08
92.7,6,0.0,314.159
92.7,7,0.0,314.159
92.7,8,0.0,314.159
92.7,9,1.0,157.08
92.7,10,1.0,157.08
92.8,6,0.0,314.159
92.8,7,0.0,314.159
92.8,8,0.0,314.159
92.8,9,1.0,157.08
92.8,10,1.0,157.08
92.9,6,0.0,314.159
92.9,7,0.0,314.159
92.9,8,0.0,314.159
92.9,9,1.0,157.08
92.9,10,1.0,157.08
93.0,6,0.0,314.159
93.0,7,0.0,314.159
93.0,8,0.0,314.159
93.0,9,1.0,157.08
93.0,10,1.0,157.08
93.1,6,0.0,314.159
93.1,7,0.0,314.159
93.1,8,0.0,314.159
93.1,9,1.0,157.08
93.1,10,1.0,157.08
93.2,6,0.0,314.159
93.2,7,0.0,314.159
93.2,8,0.0,314.159
93.2,9,1.0,157.08
93.2,10,1.0,157.08
93.3,6,0.0,314.159
93.3,7,0.0,314.159
93.3,8,0.0,314.159
93.3,9,1.0,157.08
93.3,10,1.0,157.08
93.4,6,0.0,314.159
93.4,7,0.0,314.159
93.4,8,0.0,314.159
93.4,9,1.0,157.08
93.4,10,1.0,157.08
93.5,6,0.0,314.159
93.5,7,0.0,314.159
93.5,8,0.0,314.159
93.5,9,1.0,157.08
93.5,10,1.0,157.08
93.6,6,0.0,314.159
93.6,7,0.0,314.159
93.6,8,0.0,314.159
93.6,9,1.0,157.08
93.6,10,1.0,157.08
93.7,6,0.0,314.159
93.7,7,0.0,314.159
93.7,8,0.0,314.159
93.7,9,1.0,157.08
93.7,10,1.0,157.08
93.8,6,0.0,314.159
93.8,7,0.0,314.159
93.8,8,0.0,314.159
93.8,9,1.0,157.08
93.8,10,1.0,157.08
93.9,6,0.0,314.159
93.9,7,0.0,314.159
93.9,8,0.0,314.159
93.9,9,1.0,157.08
93.9,10,1.0,157.08
94.0,6,0.0,314.159
94.0,7,0.0,314.159
94.0,8,0.0,314.159
94.0,9,1.0,157.08
94.0,10,1.0,157.08
94.1,6,0.0,314.159
94.1,7,0.0,314.159
94.1,8,0.0,314.159
94.1,9,1.0,157.08
94.1,10,1.0,157.08
94.2,6,0.0,314.159
94.2,7,0.0,314.159
94.2,8,0.0,314.159
94.2,9,1.0,157.08
94.2,10,1.0,157.08
94.3,6,0.0,314.159
94.3,7,0.0,314.159
94.3,8,0.0,314.159
94.3,9,1.0,157.08
94.3,10,1.0,157.08
94.4,6,0.0,314.159
94.4,7,0.0,314.159
94.4,8,0.0,314.159
94.4,9,1.0,157.08
94.4,10,1.0,157.08
94.5,6,0.0,314.159
94.5,7,0.0,314.159
94.5,8,0.0,314.159
94.5,9,1.0,157.08
94.5,10,1.0,157.08
94.6,6,0.0,314.159
94.6,7,0.0,314.159
94.6,8,0.0,314.159
94.6,9,1.0,157.08
94.6,10,1.0,157.08
94.7,6,0.0,314.159
94.7,7,0.0,314.159
94.7,8,0.0,314.159
94.7,9,1.0,157.08
94.7,10,1.0,157.08
94.8,6,0.0,314.159
94.8,7,0.0,314.159
94.8,8,0.0,314.159
94.8,9,1.0,157.08
94.8,10,1.0,157.08
94.9,6,0.0,314.159
94.9,7,0.0,314.159
94.9,8,0.0,314.159
94.9,9,1.0,157.08
94.9,10,1.0,157.08
95.0,6,0.0,314.159
95.0,7,0.0,314.159
95.0,8,0.0,314.159
95.0,9,1.0,157.08
95.0,10,1.0,157.08
95.1,6,0.0,314.159
95.1,7,0.0,314.159
95.1,8,0.0,314.159
95.1,9,1.0,157.08
95.1,10,1.0,157.08
95.2,6,0.0,314.159
95.2,7,0.0,314.159
95.2,8,0.0,314.159
95.2,9,1.0,157.08
95.2,10,1.0,157.08
95.3,6,0.0,314.159
95.3,7,0.0,314.159
95.3,8,0.0,314.159
95.3,9,1.0,157.08
95.3,10,1.0,157.08
95.4,6,0.0,314.159
95.4,7,0.0,314.159
95.4,8,0.0,314.159
95.4,9,1.0,157.08
95.4,10,1.0,157.08
95.5,6,0.0,314.159
95.5,7,0.0,314.159
95.5,8,0.0,314.159
95.5,9,1.0,157.08
95.5,10,1.0,157.08
95.6,6,0.0,314.159
95.6,7,0.0,314.159
95.6,8,0.0,314.159
95.6,9,1.0,157.08
95.6,10,1.0,157.08
95.7,6,0.0,314.159
95.7,7,0.0,314.159
95.7,8,0.0,314.159
95.7,9,1.0,157.08
95.7,10,1.0,157.08
95.8,6,0.0,314.159
95.8,7,0.0,314.159
95.8,8,0.0,314.159
95.8,9,1.0,157.08
95.8,10,1.0,157.08
95.9,6,0.0,314.159
95.9,7,0.0,314.159
95.9,8,0.0,314.159
95.9,9,1.0,157.08
95.9,10,1.0,157.08
96.0,6,0.0,314.159
96.0,7,0.0,314.159
96.0,8,0.0,314.159
96.0,9,1.0,157.08
96.0,10,1.0,157.08
96.1,6,0.0,314.159
96.1,7,0.0,314.159
96.1,8,0.0,314.159
96.1,9,1.0,157.08
96.1,10,1.0,157.08
96.2,6,0.0,314.159
96.2,7,0.0,314.159
96.2,8,0.0,314.159
96.2,9,1.0,157.08
96.2,10,1.0,157.08
96.3,6,0.0,314.159
96.3,7,0.0,314.159
96.3,8,0.0,314.159
96.3,9,1.0,157.08
96.3,10,1.0,157.08
96.4,6,0.0,314.159
96.4,7,0.0,314.159
96.4,8,0.0,314.159
96.4,9,1.0,157.08
96.4,10,1.0,157.08
96.5,6,0.0,314.159
96.5,7,0.0,314.159
96.5,8,0.0,314.159
96.5,9,1.0,157.08
96.5,10,1.0,157.08
96.6,6,0.0,314.159
96.6,7,0.0,314.159
96.6,8,0.0,314.159
96.6,9,1.0,157.08
96.6,10,1.0,157.08
96.7,6,0.0,314.159
96.7,7,0.0,314.159
96.7,8,0.0,314.159
96.7,9,1.0,157.08
96.7,10,1.0,157.08
96.8,6,0.0,314.159
96.8,7,0.0,314.159
96.8,8,0.0,314.159
96.8,9,1.0,157.08
96.8,10,1.0,157.08
96.9,6,0.0,314.159
96.9,7,0.0,314.159
96.9,8,0.0,314.159
96.9,9,1.0,157.08
96.9,10,1.0,157.08
97.0,6,0.0,314.159
97.0,7,0.0,314.159
97.0,8,0.0,314.159
97.0,9,1.0,157.08
97.0,10,1.0,157.08
97.1,6,0.0,314.159
97.1,7,0.0,314.159
97.1,8,0.0,314.159
97.1,9,1.0,157.08
97.1,10,1.0,157.08
97.2,6,0.0,314.159
97.2,7,0.0,314.159
97.2,8,0.0,314.159
97.2,9,1.0,157.08
97.2,10,1.0,157.08
97.3,6,0.0,314.159
97.3,7,0.0,314.159
97.3,8,0.0,314.159
97.3,9,1.0,157.08
97.3,10,1.0,157.08
97.4,6,0.0,314.159
97.4,7,0.0,314.159
97.4,8,0.0,314.159
97.4,9,1.0,157.08
97.4,10,1.0,157.08
97.5,6,0.0,314.159
97.5,7,0.0,314.159
97.5,8,0.0,314.159
97.5,9,1.0,157.08
97.5,10,1.0,157.08
97.6,6,0.0,314.159
97.6,7,0.0,314.159
97.6,8,0.0,314.159
97.6,9,1.0,157.08
97.6,10,1.0,157.08
97.7,6,0.0,314.159
97.7,7,0.0,314.159
97.7,8,0.0,314.159
97.7,9,1.0,157.08
97.7,10,1.0,157.08
97.8,6,0.0,314.159
97.8,7,0.0,314.159
97.8,8,0.0,314.159
97.8,9,1.0,157.08
97.8,10,1.0,157.08
97.9,6,0.0,314.159
97.9,7,0.0,314.159
97.9,8,0.0,314.159
97.9,9,1.0,157.08
97.9,10,1.0,157.08
98.0,6,0.0,314.159
98.0,7,0.0,314.159
98.0,8,0.0,314.159
98.0,9,1.0,157.08
98.0,10,1.0,157.08
98.1,6,0.0,314.159
98.1,7,0.0,314.159
98.1,8,0.0,314.159
98.1,9,1.0,157.08
98.1,10,1.0,157.08
98.2,6,0.0,314.159
98.2,7,0.0,314.159
98.2,8,0.0,314.159
98.2,9,1.0,157.08
98.2,10,1.0,157.08
98.3,6,0.0,314.159
98.3,7,0.0,314.159
98.3,8,0.0,314.159
98.3,9,1.0,157.08
98.3,10,1.0,157.08
98.4,6,0.0,314.159
98.4,7,0.0,314.159
98.4,8,0.0,314.159
98.4,9,1.0,157.08
98.4,10,1.0,157.08
98.5,6,0.0,314.159
98.5,7,0.0,314.159
98.5,8,0.0,314.159
98.5,9,1.0,157.08
98.5,10,1.0,157.08
98.6,6,0.0,314.159
98.6,7,0.0,314.159
98.6,8,0.0,314.159
98.6,9,1.0,157.08
98.6,10,1.0,157.08
98.7,6,0.0,314.159
98.7,7,0.0,314.159
98.7,8,0.0,314.159
98.7,9,1.0,157.08
98.7,10,1.0,157.08
98.8,6,0.0,314.159
98.8,7,0.0,314.159
98.8,8,0.0,314.159
98.8,9,1.0,157.08
98.8,10,1.0,157.08
98.9,6,0.0,314.159
98.9,7,0.0,314.159
98.9,8,0.0,314.159
98.9,9,1.0,157.08
98.9,10,1.0,157.08
99.0,6,0.0,314.159
99.0,7,0.0,314.159
99.0,8,0.0,314.159
99.0,9,1.0,157.08
99.0,10,1.0,157.08
99.1,6,0.0,314.159
99.1,7,0.0,314.159
99.1,8,0.0,314.159
99.1,9,1.0,157.08
99.1,10,1.0,157.08
99.2,6,0.0,314.159
99.2,7,0.0,314.159
99.2,8,0.0,314.159
99.2,9,1.0,157.08
99.2,10,1.0,157.08
99.3,6,0.0,314.159
99.3,7,0.0,314.159
99.3,8,0.0,314.159
99.3,9,1.0,157.08
99.3,10,1.0,157.08
99.4,6,0.0,314.159
99.4,7,0.0,314.159
99.4,8,0.0,314.159
99.4,9,1.0,157.08
99.4,10,1.0,157.08
99.5,6,0.0,314.159
99.5,7,0.0,314.159
99.5,8,0.0,314.159
99.5,9,1.0,157.08
99.5,10,1.0,157.08
99.6,6,0.0,314.159
99.6,7,0.0,314.159
99.6,8,0.0,314.159
99.6,9,1.0,157.08
99.6,10,1.0,157.08
99.7,6,0.0,314.159
99.7,7,0.0,314.159
99.7,8,0.0,314.159
99.7,9,1.0,157.08
99.7,10,1.0,157.08
99.8,6,0.0,314.159
99.8,7,0.0,314.159
99.8,8,0.0,314.159
99.8,9,1.0,157.08
99.8,10,1.0,157.08
99.9,6,0.0,314.159
99.9,7,0.0,314.159
99.9,8,0.0,314.159
99.9,9,1.0,157.08
99.9,10,1.0,157.08
