Time,best_x_avg,best_y_avg,target_x,target_y,error_x,error_y,D_error,Time/Total Time,Accuracy,Battery,Non-Dimensional Battery
0.0,-4.27,0.19,2.08,-2.13,-6.35,2.32,6.761,0.0,0.775,132.0,1.0
0.1,-1.4,-0.27,2.2,-2.2,-3.6,1.93,4.085,0.001,0.864,131.99585,1.0
0.2,1.17,-0.19,2.32,-2.26,-1.15,2.07,2.368,0.002,0.921,131.9901,1.0
0.3,1.34,-0.3,2.41,-2.35,-1.07,2.05,2.312,0.003,0.923,131.98428,1.0
0.4,1.54,-0.42,2.42,-2.22,-0.88,1.8,2.004,0.004,0.933,131.97923,1.0
0.5,1.66,-0.49,2.3,-2.29,-0.64,1.8,1.91,0.005,0.936,131.97095,1.0
0.6,1.78,-0.57,2.23,-2.17,-0.45,1.6,1.662,0.006,0.945,131.96434,1.0
0.7,1.91,-0.61,2.22,-2.04,-0.31,1.43,1.463,0.007,0.951,131.95883,1.0
0.8,2.05,-0.67,2.34,-2.1,-0.29,1.43,1.459,0.008,0.951,131.95139,1.0
0.9,2.11,-0.69,2.29,-1.98,-0.18,1.29,1.302,0.009,0.957,131.9441,1.0
1.0,-0.55,-1.01,2.16,-1.95,-2.71,0.94,2.868,0.01,0.904,131.93912,1.0
1.1,2.31,-0.82,2.06,-1.85,0.25,1.03,1.06,0.011,0.965,131.93357,0.999
1.2,2.32,-0.83,2.19,-1.81,0.13,0.98,0.989,0.012,0.967,131.92769,0.999
1.3,2.32,-0.84,2.08,-1.73,0.24,0.89,0.922,0.013,0.969,131.92039,0.999
1.4,2.32,-0.83,1.95,-1.75,0.37,0.92,0.992,0.014,0.967,131.91309,0.999
1.5,2.31,-0.83,2.02,-1.64,0.29,0.81,0.86,0.015,0.971,131.90704,0.999
1.6,2.32,-0.84,2.13,-1.58,0.19,0.74,0.764,0.016,0.975,131.90293,0.999
1.7,2.32,-0.83,2.02,-1.64,0.3,0.81,0.864,0.017,0.971,131.89637,0.999
1.8,2.32,-0.84,1.99,-1.77,0.33,0.93,0.987,0.018,0.967,131.89356,0.999
1.9,2.32,-0.83,1.88,-1.7,0.44,0.87,0.975,0.019,0.968,131.88993,0.999
2.0,-0.34,-1.01,1.79,-1.6,-2.13,0.59,2.21,0.02,0.926,131.88125,0.999
2.1,2.28,-0.81,1.69,-1.51,0.59,0.7,0.915,0.021,0.97,131.87466,0.999
2.2,2.28,-0.82,1.6,-1.41,0.68,0.59,0.9,0.022,0.97,131.86944,0.999
2.3,2.28,-0.82,1.58,-1.54,0.7,0.72,1.004,0.023,0.967,131.86043,0.999
2.4,2.29,-0.82,1.71,-1.49,0.58,0.67,0.886,0.024,0.97,131.85471,0.999
2.5,2.29,-0.82,1.63,-1.6,0.66,0.78,1.022,0.025,0.966,131.8505,0.999
2.6,2.29,-0.82,1.62,-1.73,0.67,0.91,1.13,0.026,0.962,131.84763,0.999
2.7,2.28,-0.83,1.52,-1.65,0.76,0.82,1.118,0.027,0.963,131.84107,0.999
2.8,2.29,-0.82,1.63,-1.72,0.66,0.9,1.116,0.028,0.963,131.83744,0.999
2.9,2.29,-0.83,1.73,-1.63,0.56,0.8,0.977,0.029,0.967,131.83362,0.999
3.0,-0.13,-1.02,1.83,-1.54,-1.96,0.52,2.028,0.03,0.932,131.82756,0.999
3.1,2.28,-0.83,1.89,-1.42,0.39,0.59,0.707,0.031,0.976,131.82321,0.999
3.2,2.28,-0.82,2.01,-1.48,0.27,0.66,0.713,0.032,0.976,131.81903,0.999
3.3,2.29,-0.82,1.9,-1.55,0.39,0.73,0.828,0.033,0.972,131.81509,0.999
3.4,2.29,-0.81,2.0,-1.64,0.29,0.83,0.879,0.034,0.971,131.81062,0.999
3.5,2.29,-0.82,2.13,-1.65,0.16,0.83,0.845,0.035,0.972,131.80788,0.999
3.6,2.29,-0.81,2.0,-1.68,0.29,0.87,0.917,0.036,0.969,131.80182,0.998
3.7,2.28,-0.81,2.04,-1.55,0.24,0.74,0.778,0.037,0.974,131.79839,0.998
3.8,2.28,-0.8,2.05,-1.69,0.23,0.89,0.919,0.038,0.969,131.79566,0.998
3.9,2.28,-0.8,1.99,-1.57,0.29,0.77,0.823,0.039,0.973,131.79142,0.998
4.0,0.06,-0.99,1.98,-1.7,-1.92,0.71,2.047,0.04,0.932,131.78679,0.998
4.1,2.27,-0.79,2.08,-1.62,0.19,0.83,0.851,0.041,0.972,131.78244,0.998
4.2,2.27,-0.8,2.13,-1.74,0.14,0.94,0.95,0.042,0.968,131.77547,0.998
4.3,2.26,-0.8,2.18,-1.86,0.08,1.06,1.063,0.043,0.965,131.77275,0.998
4.4,2.27,-0.8,2.27,-1.96,0.0,1.16,1.16,0.044,0.961,131.76699,0.998
4.5,2.26,-0.79,2.28,-1.83,-0.02,1.04,1.04,0.045,0.965,131.76033,0.998
4.6,2.27,-0.8,2.41,-1.87,-0.14,1.07,1.079,0.046,0.964,131.75676,0.998
4.7,2.27,-0.8,2.52,-1.81,-0.25,1.01,1.04,0.047,0.965,131.75203,0.998
4.8,2.27,-0.81,2.49,-1.68,-0.22,0.87,0.897,0.048,0.97,131.74613,0.998
4.9,2.26,-0.8,2.61,-1.74,-0.35,0.94,1.003,0.049,0.967,131.73922,0.998
5.0,-3.45,-0.75,2.61,-1.87,-6.06,1.12,6.163,0.05,0.795,131.73587,0.998
5.1,-1.88,-0.94,2.67,-1.99,-4.55,1.05,4.67,0.051,0.844,131.72977,0.998
5.2,-0.21,-0.34,2.59,-1.89,-2.8,1.55,3.2,0.052,0.893,131.72493,0.998
5.3,0.62,0.31,2.65,-2.0,-2.03,2.31,3.075,0.053,0.898,131.71796,0.998
5.4,1.1,0.2,2.52,-2.01,-1.42,2.21,2.627,0.054,0.912,131.71531,0.998
5.5,1.1,0.21,2.42,-2.09,-1.32,2.3,2.652,0.055,0.912,131.70934,0.998
5.6,1.1,0.21,2.48,-2.21,-1.38,2.42,2.786,0.056,0.907,131.70559,0.998
5.7,1.1,0.21,2.35,-2.17,-1.25,2.38,2.688,0.057,0.91,131.70071,0.998
5.8,1.1,0.21,2.4,-2.05,-1.3,2.26,2.607,0.058,0.913,131.69556,0.998
5.9,1.11,0.21,2.49,-1.96,-1.38,2.17,2.572,0.059,0.914,131.68968,0.998
6.0,-0.11,-0.41,2.38,-1.89,-2.49,1.48,2.897,0.06,0.903,131.68651,0.998
6.1,1.11,0.2,2.5,-1.83,-1.39,2.03,2.46,0.061,0.918,131.67933,0.998
6.2,1.1,0.2,2.55,-1.71,-1.45,1.91,2.398,0.062,0.92,131.6736,0.998
6.3,1.11,0.2,2.66,-1.79,-1.55,1.99,2.522,0.063,0.916,131.66672,0.997
6.4,1.11,0.19,2.59,-1.68,-1.48,1.87,2.385,0.064,0.92,131.66288,0.997
6.5,1.11,0.2,2.47,-1.74,-1.36,1.94,2.369,0.065,0.921,131.66121,0.997
6.6,1.12,0.2,2.55,-1.63,-1.43,1.83,2.322,0.066,0.923,131.65959,0.997
6.7,1.12,0.21,2.68,-1.63,-1.56,1.84,2.412,0.067,0.92,131.65756,0.997
6.8,1.11,0.22,2.56,-1.57,-1.45,1.79,2.304,0.068,0.923,131.65618,0.997
6.9,1.11,0.21,2.63,-1.68,-1.52,1.89,2.425,0.069,0.919,131.6537,0.997
7.0,0.05,-0.31,2.66,-1.81,-2.61,1.5,3.01,0.07,0.9,131.64888,0.997
7.1,1.12,0.22,2.54,-1.76,-1.42,1.98,2.437,0.071,0.919,131.64712,0.997
7.2,1.12,0.2,2.45,-1.85,-1.33,2.05,2.444,0.072,0.919,131.64562,0.997
7.3,1.11,0.2,2.53,-1.75,-1.42,1.95,2.412,0.073,0.92,131.64223,0.997
7.4,1.11,0.21,2.62,-1.65,-1.51,1.86,2.396,0.074,0.92,131.64017,0.997
7.5,1.11,0.21,2.49,-1.64,-1.38,1.85,2.308,0.075,0.923,131.63868,0.997
7.6,1.11,0.21,2.38,-1.71,-1.27,1.92,2.302,0.076,0.923,131.63564,0.997
7.7,1.11,0.25,2.49,-1.78,-1.38,2.03,2.455,0.077,0.918,131.63425,0.997
7.8,2.66,-0.68,2.36,-1.81,0.3,1.13,1.169,0.078,0.961,131.63275,0.997
7.9,2.98,-0.87,2.43,-1.69,0.55,0.82,0.987,0.079,0.967,131.63106,0.997
8.0,0.52,-0.44,2.39,-1.56,-1.87,1.12,2.18,0.08,0.927,131.62744,0.997
8.1,1.48,0.03,2.47,-1.45,-0.99,1.48,1.781,0.081,0.941,131.62512,0.997
8.2,1.47,0.02,2.53,-1.57,-1.06,1.59,1.911,0.082,0.936,131.62358,0.997
8.3,2.6,-0.66,2.55,-1.7,0.05,1.04,1.041,0.083,0.965,131.62218,0.997
8.4,2.88,-0.84,2.64,-1.61,0.24,0.77,0.807,0.084,0.973,131.62083,0.997
8.5,2.89,-0.83,2.73,-1.71,0.16,0.88,0.894,0.085,0.97,131.61948,0.997
8.6,2.88,-0.83,2.6,-1.67,0.28,0.84,0.885,0.086,0.97,131.61788,0.997
8.7,2.89,-0.81,2.5,-1.75,0.39,0.94,1.018,0.087,0.966,131.61649,0.997
8.8,2.88,-0.81,2.4,-1.66,0.48,0.85,0.976,0.088,0.967,131.61517,0.997
8.9,1.87,-0.21,2.52,-1.61,-0.65,1.4,1.544,0.089,0.949,131.61364,0.997
9.0,0.74,-0.41,2.65,-1.56,-1.91,1.15,2.229,0.09,0.926,131.61216,0.997
9.1,2.54,-0.58,2.78,-1.55,-0.24,0.97,0.999,0.091,0.967,131.6108,0.997
9.2,2.83,-0.73,2.86,-1.66,-0.03,0.93,0.93,0.092,0.969,131.60921,0.997
9.3,2.83,-0.74,2.99,-1.63,-0.16,0.89,0.904,0.093,0.97,131.60764,0.997
9.4,2.85,-0.73,3.11,-1.57,-0.26,0.84,0.879,0.094,0.971,131.60624,0.997
9.5,2.87,-0.74,3.22,-1.5,-0.35,0.76,0.837,0.095,0.972,131.60469,0.997
9.6,2.89,-0.74,3.3,-1.6,-0.41,0.86,0.953,0.096,0.968,131.60324,0.997
9.7,2.88,-0.72,3.38,-1.7,-0.5,0.98,1.1,0.097,0.963,131.60179,0.997
9.8,2.88,-0.69,3.35,-1.57,-0.47,0.88,0.998,0.098,0.967,131.60033,0.997
9.9,2.89,-0.67,3.22,-1.54,-0.33,0.87,0.93,0.099,0.969,131.59886,0.997
10.0,-2.46,-0.93,3.12,-1.45,-5.58,0.52,5.604,0.1,0.813,131.59749,0.997
10.1,-0.33,-1.74,3.24,-1.5,-3.57,-0.24,3.578,0.101,0.881,131.59613,0.997
10.2,0.01,-1.87,3.2,-1.38,-3.19,-0.49,3.227,0.102,0.892,131.59451,0.997
10.3,0.0,-1.88,3.29,-1.48,-3.29,-0.4,3.314,0.103,0.89,131.59304,0.997
10.4,-0.0,-1.86,3.38,-1.57,-3.38,-0.29,3.392,0.104,0.887,131.59155,0.997
10.5,0.04,-1.85,3.49,-1.65,-3.45,-0.2,3.456,0.105,0.885,131.59016,0.997
10.6,0.06,-1.85,3.62,-1.62,-3.56,-0.23,3.567,0.106,0.881,131.58881,0.997
10.7,-0.09,-1.17,3.58,-1.49,-3.67,0.32,3.684,0.107,0.877,131.58725,0.997
10.8,-0.09,-1.17,3.58,-1.36,-3.67,0.19,3.675,0.108,0.878,131.5857,0.997
10.9,-0.09,-1.18,3.45,-1.38,-3.54,0.2,3.546,0.109,0.882,131.58433,0.997
11.0,-1.61,-1.02,3.32,-1.39,-4.93,0.37,4.944,0.11,0.835,131.58285,0.997
11.1,-0.78,-0.85,3.42,-1.47,-4.2,0.62,4.246,0.111,0.858,131.5816,0.997
11.2,-0.63,-0.87,3.34,-1.58,-3.97,0.71,4.033,0.112,0.866,131.58024,0.997
11.3,-0.63,-0.88,3.24,-1.49,-3.87,0.61,3.918,0.113,0.869,131.57882,0.997
11.4,-0.65,-0.87,3.11,-1.48,-3.76,0.61,3.809,0.114,0.873,131.57748,0.997
11.5,-0.64,-0.86,3.11,-1.34,-3.75,0.48,3.781,0.115,0.874,131.57599,0.997
11.6,-0.64,-0.85,3.23,-1.38,-3.87,0.53,3.906,0.116,0.87,131.57482,0.997
11.7,-0.64,-0.84,3.21,-1.52,-3.85,0.68,3.91,0.117,0.87,131.57336,0.997
11.8,-0.65,-0.85,3.08,-1.56,-3.73,0.71,3.797,0.118,0.873,131.57173,0.997
11.9,-0.65,-0.86,3.18,-1.65,-3.83,0.79,3.911,0.119,0.87,131.57042,0.997
12.0,-1.47,-0.92,3.05,-1.67,-4.52,0.75,4.582,0.12,0.847,131.56888,0.997
12.1,-0.46,-0.92,3.17,-1.61,-3.63,0.69,3.695,0.121,0.877,131.56754,0.997
12.2,-0.42,-0.97,3.28,-1.69,-3.7,0.72,3.769,0.122,0.874,131.56578,0.997
12.3,-0.42,-0.97,3.36,-1.8,-3.78,0.83,3.87,0.123,0.871,131.56396,0.997
12.4,-0.39,-0.97,3.48,-1.85,-3.87,0.88,3.969,0.124,0.868,131.56237,0.997
12.5,-0.37,-0.96,3.35,-1.86,-3.72,0.9,3.827,0.125,0.872,131.56069,0.997
12.6,-0.37,-0.97,3.24,-1.94,-3.61,0.97,3.738,0.126,0.875,131.55913,0.997
12.7,-0.37,-0.95,3.32,-2.05,-3.69,1.1,3.85,0.127,0.872,131.55773,0.997
12.8,-0.36,-0.95,3.22,-1.96,-3.58,1.01,3.72,0.128,0.876,131.55641,0.997
12.9,-0.36,-0.94,3.33,-2.04,-3.69,1.1,3.85,0.129,0.872,131.55532,0.997
13.0,-1.22,-0.91,3.44,-2.11,-4.66,1.2,4.812,0.13,0.84,131.55399,0.997
13.1,-0.33,-0.96,3.33,-2.18,-3.66,1.22,3.858,0.131,0.871,131.55225,0.997
13.2,-0.35,-0.96,3.23,-2.09,-3.58,1.13,3.754,0.132,0.875,131.54821,0.997
13.3,-0.35,-0.96,3.27,-1.96,-3.62,1.0,3.756,0.133,0.875,131.54704,0.997
13.4,-0.35,-0.94,3.4,-1.92,-3.75,0.98,3.876,0.134,0.871,131.54605,0.997
13.5,-0.17,-1.0,3.48,-2.02,-3.65,1.02,3.79,0.135,0.874,131.54191,0.997
13.6,-0.2,-1.0,3.48,-2.16,-3.68,1.16,3.858,0.136,0.871,131.54068,0.997
13.7,-0.2,-0.99,3.43,-2.04,-3.63,1.05,3.779,0.137,0.874,131.53922,0.997
13.8,-0.2,-0.98,3.5,-1.92,-3.7,0.94,3.818,0.138,0.873,131.53662,0.996
13.9,-0.3,-0.87,3.46,-1.79,-3.76,0.92,3.871,0.139,0.871,131.53481,0.996
14.0,-0.94,-0.87,3.43,-1.93,-4.37,1.06,4.497,0.14,0.85,131.53305,0.996
14.1,-0.34,-0.78,3.51,-2.04,-3.85,1.26,4.051,0.141,0.865,131.53173,0.996
14.2,-0.34,-0.79,3.41,-1.95,-3.75,1.16,3.925,0.142,0.869,131.53054,0.996
14.3,-0.34,-0.78,3.45,-2.08,-3.79,1.3,4.007,0.143,0.866,131.52923,0.996
14.4,-0.34,-0.78,3.32,-2.08,-3.66,1.3,3.884,0.144,0.871,131.52811,0.996
14.5,-0.44,-1.13,3.19,-2.05,-3.63,0.92,3.745,0.145,0.875,131.52571,0.996
14.6,-0.44,-1.14,3.27,-1.94,-3.71,0.8,3.795,0.146,0.874,131.52405,0.996
14.7,-0.45,-1.14,3.33,-2.06,-3.78,0.92,3.89,0.147,0.87,131.52186,0.996
14.8,-0.43,-1.15,3.2,-2.03,-3.63,0.88,3.735,0.148,0.876,131.52024,0.996
14.9,-0.49,-1.16,3.3,-1.95,-3.79,0.79,3.871,0.149,0.871,131.51697,0.996
15.0,-1.43,-0.97,3.43,-1.95,-4.86,0.98,4.958,0.15,0.835,131.51424,0.996
15.1,-0.14,-1.7,3.55,-2.0,-3.69,0.3,3.702,0.151,0.877,131.51229,0.996
15.2,-0.26,-0.98,3.57,-2.14,-3.83,1.16,4.002,0.152,0.867,131.50894,0.996
15.3,-0.3,-0.98,3.55,-2.0,-3.85,1.02,3.983,0.153,0.867,131.50722,0.996
15.4,-0.3,-0.99,3.43,-2.05,-3.73,1.06,3.878,0.154,0.871,131.50514,0.996
15.5,-0.29,-0.98,3.43,-1.92,-3.72,0.94,3.837,0.155,0.872,131.50431,0.996
15.6,-0.29,-0.98,3.43,-2.05,-3.72,1.07,3.871,0.156,0.871,131.50313,0.996
15.7,-0.29,-0.98,3.3,-2.02,-3.59,1.04,3.738,0.157,0.875,131.5009,0.996
15.8,-0.32,-0.99,3.42,-1.95,-3.74,0.96,3.861,0.158,0.871,131.49961,0.996
15.9,-0.31,-0.99,3.54,-1.99,-3.85,1.0,3.978,0.159,0.867,131.4979,0.996
16.0,-0.76,-0.93,3.43,-2.05,-4.19,1.12,4.337,0.16,0.855,131.49689,0.996
16.1,-0.3,-1.0,3.54,-2.13,-3.84,1.13,4.003,0.161,0.867,131.49572,0.996
16.2,-0.31,-1.02,3.61,-2.24,-3.92,1.22,4.105,0.162,0.863,131.49464,0.996
16.3,-0.32,-1.02,3.65,-2.11,-3.97,1.09,4.117,0.163,0.863,131.49339,0.996
16.4,-0.31,-1.03,3.64,-1.98,-3.95,0.95,4.063,0.164,0.865,131.49224,0.996
16.5,-0.32,-1.03,3.63,-1.84,-3.95,0.81,4.032,0.165,0.866,131.49062,0.996
16.6,-0.32,-1.04,3.49,-1.85,-3.81,0.81,3.895,0.166,0.87,131.48919,0.996
16.7,-0.32,-1.04,3.63,-1.84,-3.95,0.8,4.03,0.167,0.866,131.48817,0.996
16.8,0.1,-2.7,3.52,-1.76,-3.42,-0.94,3.547,0.168,0.882,131.48694,0.996
16.9,0.09,-2.7,3.43,-1.86,-3.34,-0.84,3.444,0.169,0.885,131.48539,0.996
17.0,-0.23,-2.61,3.52,-1.96,-3.75,-0.65,3.806,0.17,0.873,131.4818,0.996
17.1,0.09,-2.7,3.49,-2.09,-3.4,-0.61,3.454,0.171,0.885,131.48009,0.996
17.2,0.1,-2.7,3.59,-2.18,-3.49,-0.52,3.529,0.172,0.882,131.47827,0.996
17.3,0.1,-2.7,3.46,-2.19,-3.36,-0.51,3.398,0.173,0.887,131.47608,0.996
17.4,0.11,-2.7,3.33,-2.19,-3.22,-0.51,3.26,0.174,0.891,131.47425,0.996
17.5,0.11,-2.69,3.44,-2.26,-3.33,-0.43,3.358,0.175,0.888,131.47277,0.996
17.6,0.1,-2.69,3.52,-2.37,-3.42,-0.32,3.435,0.176,0.886,131.47069,0.996
17.7,0.11,-2.7,3.59,-2.25,-3.48,-0.45,3.509,0.177,0.883,131.4694,0.996
17.8,0.11,-2.69,3.72,-2.27,-3.61,-0.42,3.634,0.178,0.879,131.4681,0.996
17.9,0.1,-2.7,3.63,-2.37,-3.53,-0.33,3.545,0.179,0.882,131.46668,0.996
18.0,-0.14,-2.67,3.55,-2.48,-3.69,-0.19,3.695,0.18,0.877,131.46513,0.996
18.1,0.1,-2.7,3.64,-2.58,-3.54,-0.12,3.542,0.181,0.882,131.46364,0.996
18.2,0.12,-2.7,3.72,-2.48,-3.6,-0.22,3.607,0.182,0.88,131.46288,0.996
18.3,0.12,-2.72,3.59,-2.5,-3.47,-0.22,3.477,0.183,0.884,131.46176,0.996
18.4,0.12,-2.7,3.59,-2.37,-3.47,-0.33,3.486,0.184,0.884,131.46045,0.996
18.5,0.12,-2.71,3.64,-2.49,-3.52,-0.22,3.527,0.185,0.882,131.45923,0.996
18.6,0.13,-2.7,3.6,-2.62,-3.47,-0.08,3.471,0.186,0.884,131.45783,0.996
18.7,0.14,-2.71,3.51,-2.72,-3.37,0.01,3.37,0.187,0.888,131.45666,0.996
18.8,0.15,-2.71,3.57,-2.84,-3.42,0.13,3.422,0.188,0.886,131.45507,0.996
18.9,0.16,-2.71,3.44,-2.83,-3.28,0.12,3.282,0.189,0.891,131.45354,0.996
19.0,-0.01,-2.69,3.46,-2.7,-3.47,0.01,3.47,0.19,0.884,131.45261,0.996
19.1,0.14,-2.7,3.4,-2.58,-3.26,-0.12,3.262,0.191,0.891,131.45159,0.996
19.2,0.13,-2.69,3.31,-2.48,-3.18,-0.21,3.187,0.192,0.894,131.45084,0.996
19.3,0.13,-2.68,3.43,-2.54,-3.3,-0.14,3.303,0.193,0.89,131.44974,0.996
19.4,0.13,-2.68,3.39,-2.41,-3.26,-0.27,3.271,0.194,0.891,131.4481,0.996
19.5,0.13,-2.68,3.42,-2.28,-3.29,-0.4,3.314,0.195,0.89,131.4465,0.996
19.6,0.12,-2.68,3.53,-2.21,-3.41,-0.47,3.442,0.196,0.885,131.44473,0.996
19.7,0.12,-2.68,3.46,-2.31,-3.34,-0.37,3.36,0.197,0.888,131.44381,0.996
19.8,0.11,-2.69,3.54,-2.42,-3.43,-0.27,3.441,0.198,0.885,131.44241,0.996
19.9,0.12,-2.69,3.44,-2.49,-3.32,-0.2,3.326,0.199,0.889,131.44012,0.996
20.0,-0.89,-1.04,3.46,-2.36,-4.35,1.32,4.546,0.2,0.848,131.43799,0.996
20.1,-0.52,-2.79,3.36,-2.27,-3.88,-0.52,3.915,0.201,0.869,131.43538,0.996
20.2,0.11,-3.5,3.31,-2.15,-3.2,-1.35,3.473,0.202,0.884,131.43328,0.996
20.3,0.09,-3.56,3.42,-2.22,-3.33,-1.34,3.589,0.203,0.88,131.43216,0.996
20.4,0.11,-3.57,3.43,-2.35,-3.32,-1.22,3.537,0.204,0.882,131.43086,0.996
20.5,0.27,-3.6,3.4,-2.48,-3.13,-1.12,3.324,0.205,0.889,131.42872,0.996
20.6,0.26,-3.62,3.38,-2.35,-3.12,-1.27,3.369,0.206,0.888,131.42701,0.996
20.7,0.28,-3.63,3.43,-2.23,-3.15,-1.4,3.447,0.207,0.885,131.42486,0.996
20.8,0.28,-3.62,3.47,-2.1,-3.19,-1.52,3.534,0.208,0.882,131.42235,0.996
20.9,0.27,-3.62,3.34,-2.12,-3.07,-1.5,3.417,0.209,0.886,131.421,0.996
21.0,0.23,-3.47,3.25,-2.02,-3.02,-1.45,3.35,0.21,0.888,131.41996,0.996
21.1,0.01,-3.41,3.36,-1.94,-3.35,-1.47,3.658,0.211,0.878,131.41682,0.996
21.2,0.2,-3.26,3.25,-2.02,-3.05,-1.24,3.292,0.212,0.89,131.41533,0.996
21.3,0.21,-3.26,3.36,-2.09,-3.15,-1.17,3.36,0.213,0.888,131.4131,0.996
21.4,0.2,-3.27,3.45,-2.18,-3.25,-1.09,3.428,0.214,0.886,131.41164,0.996
21.5,0.2,-3.26,3.37,-2.28,-3.17,-0.98,3.318,0.215,0.889,131.4095,0.996
21.6,0.16,-3.65,3.5,-2.27,-3.34,-1.38,3.614,0.216,0.88,131.40657,0.996
21.7,0.13,-3.64,3.6,-2.35,-3.47,-1.29,3.702,0.217,0.877,131.40401,0.995
21.8,0.31,-3.56,3.5,-2.27,-3.19,-1.29,3.441,0.218,0.885,131.40288,0.995
21.9,0.07,-2.89,3.38,-2.34,-3.31,-0.55,3.355,0.219,0.888,131.39924,0.995
22.0,-0.01,-2.8,3.37,-2.47,-3.38,-0.33,3.396,0.22,0.887,131.39733,0.995
22.1,0.08,-2.89,3.29,-2.58,-3.21,-0.31,3.225,0.221,0.892,131.39606,0.995
22.2,0.08,-2.89,3.26,-2.71,-3.18,-0.18,3.185,0.222,0.894,131.39463,0.995
22.3,0.08,-2.89,3.21,-2.59,-3.13,-0.3,3.144,0.223,0.895,131.39366,0.995
22.4,0.07,-2.88,3.34,-2.55,-3.27,-0.33,3.287,0.224,0.89,131.39253,0.995
22.5,0.06,-2.88,3.42,-2.44,-3.36,-0.44,3.389,0.225,0.887,131.39106,0.995
22.6,0.07,-2.89,3.3,-2.5,-3.23,-0.39,3.253,0.226,0.892,131.39023,0.995
22.7,0.06,-2.89,3.41,-2.59,-3.35,-0.3,3.363,0.227,0.888,131.38875,0.995
22.8,0.07,-2.89,3.3,-2.67,-3.23,-0.22,3.237,0.228,0.892,131.38618,0.995
22.9,0.07,-2.9,3.23,-2.56,-3.16,-0.34,3.178,0.229,0.894,131.38327,0.995
23.0,0.01,-2.9,3.27,-2.44,-3.26,-0.46,3.292,0.23,0.89,131.38098,0.995
23.1,0.07,-2.92,3.34,-2.32,-3.27,-0.6,3.325,0.231,0.889,131.37896,0.995
23.2,0.07,-2.92,3.47,-2.34,-3.4,-0.58,3.449,0.232,0.885,131.37737,0.995
23.3,0.07,-2.92,3.61,-2.34,-3.54,-0.58,3.587,0.233,0.88,131.37595,0.995
23.4,0.07,-2.92,3.59,-2.2,-3.52,-0.72,3.593,0.234,0.88,131.37196,0.995
23.5,0.07,-2.92,3.51,-2.31,-3.44,-0.61,3.494,0.235,0.884,131.36991,0.995
23.6,0.08,-2.92,3.53,-2.45,-3.45,-0.47,3.482,0.236,0.884,131.36827,0.995
23.7,0.07,-2.93,3.43,-2.54,-3.36,-0.39,3.383,0.237,0.887,131.36693,0.995
23.8,0.06,-2.93,3.55,-2.6,-3.49,-0.33,3.506,0.238,0.883,131.36543,0.995
23.9,0.07,-2.92,3.44,-2.68,-3.37,-0.24,3.379,0.239,0.887,131.36478,0.995
24.0,0.04,-2.9,3.33,-2.76,-3.29,-0.14,3.293,0.24,0.89,131.36404,0.995
24.1,0.04,-2.92,3.21,-2.72,-3.17,-0.2,3.176,0.241,0.894,131.36304,0.995
24.2,0.05,-2.93,3.15,-2.84,-3.1,-0.09,3.101,0.242,0.897,131.36051,0.995
24.3,0.05,-2.93,3.04,-2.76,-2.99,-0.17,2.995,0.243,0.9,131.35922,0.995
24.4,0.05,-2.94,2.91,-2.81,-2.86,-0.13,2.863,0.244,0.905,131.3578,0.995
24.5,0.06,-2.95,2.79,-2.76,-2.73,-0.19,2.737,0.245,0.909,131.35681,0.995
24.6,0.06,-2.94,2.8,-2.62,-2.74,-0.32,2.759,0.246,0.908,131.35555,0.995
24.7,0.06,-2.94,2.86,-2.51,-2.8,-0.43,2.833,0.247,0.906,131.35259,0.995
24.8,0.06,-2.94,2.99,-2.5,-2.93,-0.44,2.963,0.248,0.901,131.35132,0.995
24.9,0.06,-2.94,3.1,-2.42,-3.04,-0.52,3.084,0.249,0.897,131.35035,0.995
25.0,-0.77,-1.36,3.01,-2.33,-3.78,0.97,3.902,0.25,0.87,131.34872,0.995
25.1,-0.66,-2.99,2.9,-2.25,-3.56,-0.74,3.636,0.251,0.879,131.34554,0.995
25.2,-0.1,-3.74,2.93,-2.12,-3.03,-1.62,3.436,0.252,0.885,131.34374,0.995
25.3,-0.13,-3.72,2.88,-2.0,-3.01,-1.72,3.467,0.253,0.884,131.34102,0.995
25.4,-0.13,-3.73,2.78,-1.9,-2.91,-1.83,3.438,0.254,0.885,131.33899,0.995
25.5,-0.15,-3.73,2.65,-1.88,-2.8,-1.85,3.356,0.255,0.888,131.33695,0.995
25.6,-0.11,-3.74,2.59,-1.99,-2.7,-1.75,3.218,0.256,0.893,131.33556,0.995
25.7,-0.11,-3.74,2.72,-2.0,-2.83,-1.74,3.322,0.257,0.889,131.33305,0.995
25.8,-0.23,-3.62,2.59,-1.99,-2.82,-1.63,3.257,0.258,0.891,131.33077,0.995
25.9,-0.24,-3.63,2.66,-2.11,-2.9,-1.52,3.274,0.259,0.891,131.32678,0.995
26.0,-0.11,-3.71,2.77,-2.03,-2.88,-1.68,3.334,0.26,0.889,131.32417,0.995
26.1,-0.36,-3.63,2.67,-1.95,-3.03,-1.68,3.465,0.261,0.885,131.32276,0.995
26.2,-0.36,-3.62,2.63,-2.07,-2.99,-1.55,3.368,0.262,0.888,131.32014,0.995
26.3,-0.38,-3.62,2.53,-2.16,-2.91,-1.46,3.256,0.263,0.891,131.31709,0.995
26.4,-0.35,-3.62,2.41,-2.09,-2.76,-1.53,3.156,0.264,0.895,131.3148,0.995
26.5,-0.38,-3.6,2.52,-2.01,-2.9,-1.59,3.307,0.265,0.89,131.31165,0.995
26.6,-0.4,-3.59,2.48,-2.14,-2.88,-1.45,3.224,0.266,0.893,131.31021,0.995
26.7,-0.41,-3.58,2.43,-2.01,-2.84,-1.57,3.245,0.267,0.892,131.30923,0.995
26.8,-0.41,-3.58,2.51,-2.12,-2.92,-1.46,3.265,0.268,0.891,131.3081,0.995
26.9,-0.41,-3.58,2.41,-2.2,-2.82,-1.38,3.14,0.269,0.895,131.30705,0.995
27.0,-0.36,-3.6,2.3,-2.12,-2.66,-1.48,3.044,0.27,0.899,131.30459,0.995
27.1,-0.58,-3.72,2.23,-2.01,-2.81,-1.71,3.289,0.271,0.89,131.30302,0.995
27.2,-0.57,-3.72,2.22,-2.14,-2.79,-1.58,3.206,0.272,0.893,131.30016,0.995
27.3,-0.59,-3.72,2.36,-2.15,-2.95,-1.57,3.342,0.273,0.889,131.29834,0.995
27.4,-0.61,-3.71,2.22,-2.15,-2.83,-1.56,3.231,0.274,0.892,131.29561,0.995
27.5,-0.62,-3.72,2.11,-2.21,-2.73,-1.51,3.12,0.275,0.896,131.29304,0.995
27.6,-0.61,-3.72,2.11,-2.35,-2.72,-1.37,3.046,0.276,0.898,131.28961,0.995
27.7,-0.61,-3.72,2.0,-2.42,-2.61,-1.3,2.916,0.277,0.903,131.28789,0.995
27.8,-0.62,-3.72,1.96,-2.3,-2.58,-1.42,2.945,0.278,0.902,131.28603,0.995
27.9,-0.6,-3.7,1.97,-2.16,-2.57,-1.54,2.996,0.279,0.9,131.28452,0.995
28.0,-0.53,-3.65,1.89,-2.28,-2.42,-1.37,2.781,0.28,0.907,131.28236,0.995
28.1,-0.67,-3.54,1.91,-2.41,-2.58,-1.13,2.817,0.281,0.906,131.28078,0.995
28.2,-0.76,-3.77,1.81,-2.5,-2.57,-1.27,2.867,0.282,0.904,131.27899,0.995
28.3,-0.77,-3.81,1.74,-2.39,-2.51,-1.42,2.884,0.283,0.904,131.2762,0.995
28.4,-0.77,-3.81,1.83,-2.29,-2.6,-1.52,3.012,0.284,0.9,131.27486,0.995
28.5,-0.78,-3.8,1.7,-2.32,-2.48,-1.48,2.888,0.285,0.904,131.27254,0.994
28.6,-0.79,-3.82,1.66,-2.45,-2.45,-1.37,2.807,0.286,0.906,131.26958,0.994
28.7,-0.78,-3.85,1.55,-2.37,-2.33,-1.48,2.76,0.287,0.908,131.2682,0.994
28.8,-0.79,-3.85,1.47,-2.47,-2.26,-1.38,2.648,0.288,0.912,131.26618,0.994
28.9,-0.95,-3.89,1.43,-2.34,-2.38,-1.55,2.84,0.289,0.905,131.2642,0.994
29.0,-0.76,-3.81,1.34,-2.44,-2.1,-1.37,2.507,0.29,0.916,131.26122,0.994
29.1,-0.94,-3.9,1.27,-2.32,-2.21,-1.58,2.717,0.291,0.909,131.25962,0.994
29.2,-0.93,-3.91,1.38,-2.25,-2.31,-1.66,2.845,0.292,0.905,131.25854,0.994
29.3,-0.92,-3.91,1.32,-2.13,-2.24,-1.78,2.861,0.293,0.905,131.25579,0.994
29.4,-0.97,-3.69,1.39,-2.25,-2.36,-1.44,2.765,0.294,0.908,131.25165,0.994
29.5,-0.98,-3.71,1.47,-2.14,-2.45,-1.57,2.91,0.295,0.903,131.24891,0.994
29.6,-0.97,-3.7,1.34,-2.13,-2.31,-1.57,2.793,0.296,0.907,131.24572,0.994
29.7,-0.98,-3.7,1.47,-2.09,-2.45,-1.61,2.932,0.297,0.902,131.24456,0.994
29.8,-0.97,-3.72,1.34,-2.14,-2.31,-1.58,2.799,0.298,0.907,131.24351,0.994
29.9,-0.98,-3.71,1.45,-2.22,-2.43,-1.49,2.85,0.299,0.905,131.24246,0.994
30.0,-1.76,-1.3,1.35,-2.13,-3.11,0.83,3.219,0.3,0.893,131.24119,0.994
30.1,-2.25,-2.04,1.37,-2.26,-3.62,0.22,3.627,0.301,0.879,131.23909,0.994
30.2,-2.23,-2.06,1.49,-2.32,-3.72,0.26,3.729,0.302,0.876,131.23801,0.994
30.3,-2.23,-2.07,1.6,-2.4,-3.83,0.33,3.844,0.303,0.872,131.23711,0.994
30.4,-2.09,-2.3,1.73,-2.39,-3.82,0.09,3.821,0.304,0.873,131.23597,0.994
30.5,-2.09,-2.31,1.84,-2.46,-3.93,0.15,3.933,0.305,0.869,131.2329,0.994
30.6,-2.09,-2.32,1.95,-2.54,-4.04,0.22,4.046,0.306,0.865,131.23146,0.994
30.7,-2.09,-2.33,2.04,-2.44,-4.13,0.11,4.131,0.307,0.862,131.22993,0.994
30.8,-2.09,-2.34,1.9,-2.44,-3.99,0.1,3.991,0.308,0.867,131.22844,0.994
30.9,-2.08,-2.31,1.79,-2.51,-3.87,0.2,3.875,0.309,0.871,131.22715,0.994
31.0,-2.07,-2.24,1.66,-2.55,-3.73,0.31,3.743,0.31,0.875,131.22537,0.994
31.1,-2.03,-2.48,1.65,-2.68,-3.68,0.2,3.685,0.311,0.877,131.21852,0.994
31.2,-2.03,-2.5,1.52,-2.68,-3.55,0.18,3.555,0.312,0.882,131.21623,0.994
31.3,-2.03,-2.5,1.61,-2.78,-3.64,0.28,3.651,0.313,0.878,131.21449,0.994
31.4,-1.42,-3.29,1.67,-2.9,-3.09,-0.39,3.115,0.314,0.896,131.21208,0.994
31.5,-0.85,-4.14,1.63,-3.02,-2.48,-1.12,2.721,0.315,0.909,131.21078,0.994
31.6,-0.85,-4.18,1.74,-2.95,-2.59,-1.23,2.867,0.316,0.904,131.20749,0.994
31.7,-0.86,-4.14,1.61,-2.99,-2.47,-1.15,2.725,0.317,0.909,131.20603,0.994
31.8,-0.83,-4.15,1.74,-2.95,-2.57,-1.2,2.836,0.318,0.905,131.20455,0.994
31.9,-0.83,-4.15,1.85,-3.03,-2.68,-1.12,2.905,0.319,0.903,131.20321,0.994
32.0,-0.85,-4.01,1.93,-3.14,-2.78,-0.87,2.913,0.32,0.903,131.20169,0.994
32.1,-0.81,-4.21,2.03,-3.05,-2.84,-1.16,3.068,0.321,0.898,131.19977,0.994
32.2,-0.6,-4.09,2.08,-3.18,-2.68,-0.91,2.83,0.322,0.906,131.19595,0.994
32.3,-0.6,-4.09,2.2,-3.23,-2.8,-0.86,2.929,0.323,0.902,131.19395,0.994
32.4,-0.6,-4.1,2.09,-3.15,-2.69,-0.95,2.853,0.324,0.905,131.19034,0.994
32.5,-0.59,-4.09,2.22,-3.14,-2.81,-0.95,2.966,0.325,0.901,131.18883,0.994
32.6,-0.59,-4.09,2.22,-3.27,-2.81,-0.82,2.927,0.326,0.902,131.18632,0.994
32.7,-0.57,-4.1,2.1,-3.32,-2.67,-0.78,2.782,0.327,0.907,131.18178,0.994
32.8,-0.55,-4.09,2.0,-3.22,-2.55,-0.87,2.694,0.328,0.91,131.17851,0.994
32.9,-0.55,-4.09,2.12,-3.3,-2.67,-0.79,2.784,0.329,0.907,131.1772,0.994
33.0,-0.61,-4.08,2.03,-3.19,-2.64,-0.89,2.786,0.33,0.907,131.17549,0.994
33.1,-0.55,-4.15,2.11,-3.3,-2.66,-0.85,2.793,0.331,0.907,131.17391,0.994
33.2,-0.55,-4.14,2.23,-3.37,-2.78,-0.77,2.885,0.332,0.904,131.17147,0.994
33.3,-0.55,-4.14,2.25,-3.24,-2.8,-0.9,2.941,0.333,0.902,131.16901,0.994
33.4,-0.92,-3.52,2.35,-3.15,-3.27,-0.37,3.291,0.334,0.89,131.16662,0.994
33.5,-0.92,-3.52,2.35,-3.02,-3.27,-0.5,3.308,0.335,0.89,131.16549,0.994
33.6,-0.93,-3.52,2.33,-3.15,-3.26,-0.37,3.281,0.336,0.891,131.16463,0.994
33.7,-0.92,-3.52,2.22,-3.23,-3.14,-0.29,3.153,0.337,0.895,131.16315,0.994
33.8,-0.92,-3.51,2.35,-3.19,-3.27,-0.32,3.286,0.338,0.89,131.16096,0.994
33.9,-0.91,-3.51,2.22,-3.21,-3.13,-0.3,3.144,0.339,0.895,131.15937,0.994
34.0,-0.96,-3.5,2.11,-3.28,-3.07,-0.22,3.078,0.34,0.897,131.15811,0.994
34.1,-0.91,-3.5,2.02,-3.38,-2.93,-0.12,2.932,0.341,0.902,131.15732,0.994
34.2,-0.9,-3.43,1.96,-3.26,-2.86,-0.17,2.865,0.342,0.904,131.15641,0.994
34.3,-0.89,-3.4,1.84,-3.32,-2.73,-0.08,2.731,0.343,0.909,131.15536,0.994
34.4,-0.91,-3.39,1.71,-3.34,-2.62,-0.05,2.62,0.344,0.913,131.15374,0.994
34.5,-0.92,-3.38,1.84,-3.37,-2.76,-0.01,2.76,0.345,0.908,131.15267,0.994
34.6,-0.93,-3.37,1.73,-3.44,-2.66,0.07,2.661,0.346,0.911,131.15117,0.994
34.7,-0.91,-3.39,1.64,-3.34,-2.55,-0.05,2.55,0.347,0.915,131.14988,0.994
34.8,-0.91,-3.41,1.77,-3.3,-2.68,-0.11,2.682,0.348,0.911,131.14873,0.994
34.9,-0.91,-3.39,1.81,-3.43,-2.72,0.04,2.72,0.349,0.909,131.14776,0.994
35.0,-1.44,-1.67,1.92,-3.51,-3.36,1.84,3.831,0.35,0.872,131.14586,0.994
35.1,-1.38,-3.47,1.84,-3.4,-3.22,-0.07,3.221,0.351,0.893,131.14254,0.994
35.2,-0.82,-4.21,1.8,-3.53,-2.62,-0.68,2.707,0.352,0.91,131.14116,0.993
35.3,-0.82,-4.21,1.69,-3.46,-2.51,-0.75,2.62,0.353,0.913,131.13702,0.993
35.4,-0.86,-4.24,1.82,-3.48,-2.68,-0.76,2.786,0.354,0.907,131.13527,0.993
35.5,-0.85,-4.24,1.69,-3.44,-2.54,-0.8,2.663,0.355,0.911,131.13379,0.993
35.6,-0.86,-4.24,1.82,-3.42,-2.68,-0.82,2.803,0.356,0.907,131.13231,0.993
35.7,-0.71,-4.22,1.73,-3.32,-2.44,-0.9,2.601,0.357,0.913,131.13128,0.993
35.8,-0.75,-4.25,1.6,-3.32,-2.35,-0.93,2.527,0.358,0.916,131.12979,0.993
35.9,-0.74,-4.25,1.56,-3.19,-2.3,-1.06,2.533,0.359,0.916,131.12799,0.993
36.0,-0.76,-4.17,1.49,-3.31,-2.25,-0.86,2.409,0.36,0.92,131.12536,0.993
36.1,-1.31,-3.71,1.61,-3.24,-2.92,-0.47,2.958,0.361,0.901,131.12232,0.993
36.2,-1.31,-3.71,1.69,-3.14,-3.0,-0.57,3.054,0.362,0.898,131.12061,0.993
36.3,-1.3,-3.71,1.8,-3.05,-3.1,-0.66,3.169,0.363,0.894,131.11947,0.993
36.4,-1.06,-3.41,1.83,-3.18,-2.89,-0.23,2.899,0.364,0.903,131.11626,0.993
36.5,-1.05,-3.41,1.92,-3.08,-2.97,-0.33,2.988,0.365,0.9,131.11293,0.993
36.6,-1.04,-3.42,1.82,-2.99,-2.86,-0.43,2.892,0.366,0.904,131.10979,0.993
36.7,-1.04,-3.42,1.95,-2.95,-2.99,-0.47,3.027,0.367,0.899,131.10846,0.993
36.8,-1.05,-3.41,1.83,-3.01,-2.88,-0.4,2.908,0.368,0.903,131.10583,0.993
36.9,-1.06,-3.41,1.83,-2.88,-2.89,-0.53,2.938,0.369,0.902,131.10336,0.993
37.0,-1.12,-3.49,1.95,-2.91,-3.07,-0.58,3.124,0.37,0.896,131.10166,0.993
37.1,-1.07,-3.26,1.93,-2.78,-3.0,-0.48,3.038,0.371,0.899,131.10006,0.993
37.2,-1.07,-3.23,2.02,-2.68,-3.09,-0.55,3.139,0.372,0.895,131.09726,0.993
37.3,-1.06,-3.23,2.08,-2.8,-3.14,-0.43,3.169,0.373,0.894,131.09561,0.993
37.4,-0.91,-3.33,2.06,-2.67,-2.97,-0.66,3.042,0.374,0.899,131.09372,0.993
37.5,-0.92,-3.34,2.18,-2.73,-3.1,-0.61,3.159,0.375,0.895,131.09219,0.993
37.6,-0.94,-3.35,2.08,-2.64,-3.02,-0.71,3.102,0.376,0.897,131.09079,0.993
37.7,-0.93,-3.34,2.2,-2.69,-3.13,-0.65,3.197,0.377,0.893,131.08931,0.993
37.8,-0.89,-3.33,2.32,-2.75,-3.21,-0.58,3.262,0.378,0.891,131.08808,0.993
37.9,-0.84,-3.34,2.19,-2.73,-3.03,-0.61,3.091,0.379,0.897,131.08492,0.993
38.0,-1.0,-3.33,2.29,-2.65,-3.29,-0.68,3.36,0.38,0.888,131.08323,0.993
38.1,-0.79,-3.31,2.36,-2.53,-3.15,-0.78,3.245,0.381,0.892,131.08086,0.993
38.2,-0.91,-3.11,2.39,-2.4,-3.3,-0.71,3.376,0.382,0.887,131.07936,0.993
38.3,-0.9,-3.06,2.5,-2.33,-3.4,-0.73,3.477,0.383,0.884,131.07738,0.993
38.4,-0.9,-3.06,2.38,-2.39,-3.28,-0.67,3.348,0.384,0.888,131.07274,0.993
38.5,-0.9,-3.05,2.3,-2.28,-3.2,-0.77,3.291,0.385,0.89,131.0712,0.993
38.6,-0.9,-3.04,2.41,-2.35,-3.31,-0.69,3.381,0.386,0.887,131.06904,0.993
38.7,-0.88,-3.04,2.35,-2.47,-3.23,-0.57,3.28,0.387,0.891,131.06557,0.993
38.8,-0.88,-3.02,2.25,-2.38,-3.13,-0.64,3.195,0.388,0.894,131.06447,0.993
38.9,-0.88,-3.04,2.36,-2.46,-3.24,-0.58,3.292,0.389,0.89,131.06204,0.993
39.0,-0.92,-3.1,2.41,-2.58,-3.33,-0.52,3.37,0.39,0.888,131.05972,0.993
39.1,-0.86,-3.29,2.39,-2.45,-3.25,-0.84,3.357,0.391,0.888,131.05822,0.993
39.2,-0.86,-3.28,2.5,-2.39,-3.36,-0.89,3.476,0.392,0.884,131.05679,0.993
39.3,-0.85,-3.29,2.58,-2.5,-3.43,-0.79,3.52,0.393,0.883,131.05538,0.993
39.4,-0.75,-3.16,2.68,-2.59,-3.43,-0.57,3.477,0.394,0.884,131.0527,0.993
39.5,-0.74,-3.17,2.7,-2.46,-3.44,-0.71,3.513,0.395,0.883,131.05102,0.993
39.6,-0.72,-3.16,2.59,-2.54,-3.31,-0.62,3.368,0.396,0.888,131.0498,0.993
39.7,-0.72,-3.15,2.62,-2.41,-3.34,-0.74,3.421,0.397,0.886,131.04823,0.993
39.8,-0.72,-3.16,2.53,-2.31,-3.25,-0.85,3.359,0.398,0.888,131.04612,0.993
39.9,-0.71,-3.17,2.4,-2.29,-3.11,-0.88,3.232,0.399,0.892,131.04386,0.993
40.0,-1.25,-1.42,2.31,-2.4,-3.56,0.98,3.692,0.4,0.877,131.04218,0.993
40.1,-0.69,-2.09,2.38,-2.28,-3.07,0.19,3.076,0.401,0.897,131.04012,0.993
40.2,-0.45,-3.69,2.3,-2.18,-2.75,-1.51,3.137,0.402,0.895,131.03829,0.993
40.3,-0.44,-3.68,2.21,-2.08,-2.65,-1.6,3.096,0.403,0.897,131.03606,0.993
40.4,-0.46,-3.68,2.08,-2.03,-2.54,-1.65,3.029,0.404,0.899,131.03423,0.993
40.5,-0.43,-3.66,1.98,-2.11,-2.41,-1.55,2.865,0.405,0.904,131.03292,0.993
40.6,-0.43,-3.66,2.1,-2.06,-2.53,-1.6,2.993,0.406,0.9,131.03099,0.993
40.7,-0.44,-3.64,2.18,-2.17,-2.62,-1.47,3.004,0.407,0.9,131.02916,0.993
40.8,-0.43,-3.64,2.31,-2.15,-2.74,-1.49,3.119,0.408,0.896,131.02699,0.993
40.9,-0.43,-3.63,2.28,-2.28,-2.71,-1.35,3.028,0.409,0.899,131.02587,0.993
41.0,-0.46,-3.65,2.4,-2.34,-2.86,-1.31,3.146,0.41,0.895,131.02463,0.993
41.1,-0.44,-3.73,2.44,-2.47,-2.88,-1.26,3.144,0.411,0.895,131.02363,0.993
41.2,-0.45,-3.72,2.47,-2.6,-2.92,-1.12,3.127,0.412,0.896,131.02189,0.993
41.3,-0.45,-3.74,2.49,-2.47,-2.94,-1.27,3.203,0.413,0.893,131.02034,0.993
41.4,-0.44,-3.71,2.55,-2.35,-2.99,-1.36,3.285,0.414,0.89,131.01882,0.993
41.5,-0.46,-3.73,2.47,-2.25,-2.93,-1.48,3.283,0.415,0.891,131.01303,0.993
41.6,-0.44,-3.74,2.48,-2.38,-2.92,-1.36,3.221,0.416,0.893,131.01145,0.993
41.7,-0.45,-3.73,2.5,-2.25,-2.95,-1.48,3.3,0.417,0.89,131.00993,0.992
41.8,-0.43,-3.76,2.57,-2.37,-3.0,-1.39,3.306,0.418,0.89,131.00875,0.992
41.9,-0.43,-3.76,2.69,-2.33,-3.12,-1.43,3.432,0.419,0.886,131.00764,0.992
42.0,-0.44,-3.72,2.77,-2.22,-3.21,-1.5,3.543,0.42,0.882,131.00591,0.992
42.1,-0.23,-3.7,2.74,-2.35,-2.97,-1.35,3.262,0.421,0.891,131.00363,0.992
42.2,-0.26,-3.68,2.86,-2.28,-3.12,-1.4,3.42,0.422,0.886,131.00115,0.992
42.3,-0.2,-3.66,2.84,-2.41,-3.04,-1.25,3.287,0.423,0.89,130.99813,0.992
42.4,-0.21,-3.67,2.73,-2.34,-2.94,-1.33,3.227,0.424,0.892,130.99674,0.992
42.5,-0.21,-3.67,2.76,-2.47,-2.97,-1.2,3.203,0.425,0.893,130.99555,0.992
42.6,-0.22,-3.67,2.89,-2.51,-3.11,-1.16,3.319,0.426,0.889,130.99323,0.992
42.7,-0.21,-3.68,2.91,-2.64,-3.12,-1.04,3.289,0.427,0.89,130.99108,0.992
42.8,-0.2,-3.68,3.01,-2.74,-3.21,-0.94,3.345,0.428,0.888,130.98979,0.992
42.9,-0.21,-3.69,2.95,-2.62,-3.16,-1.07,3.336,0.429,0.889,130.98822,0.992
43.0,-0.29,-3.71,3.07,-2.57,-3.36,-1.14,3.548,0.43,0.882,130.98618,0.992
43.1,-0.27,-3.88,3.08,-2.7,-3.35,-1.18,3.552,0.431,0.882,130.98513,0.992
43.2,-0.26,-3.88,2.95,-2.74,-3.21,-1.14,3.406,0.432,0.886,130.98413,0.992
43.3,-0.22,-3.93,2.83,-2.68,-3.05,-1.25,3.296,0.433,0.89,130.98134,0.992
43.4,-0.24,-3.94,2.96,-2.73,-3.2,-1.21,3.421,0.434,0.886,130.98025,0.992
43.5,-0.25,-3.92,3.04,-2.63,-3.29,-1.29,3.534,0.435,0.882,130.97836,0.992
43.6,-0.25,-3.92,2.91,-2.67,-3.16,-1.25,3.398,0.436,0.887,130.97741,0.992
43.7,-0.27,-3.92,3.04,-2.65,-3.31,-1.27,3.545,0.437,0.882,130.97619,0.992
43.8,-0.1,-3.82,3.1,-2.53,-3.2,-1.29,3.45,0.438,0.885,130.9745,0.992
43.9,-0.09,-3.81,2.99,-2.46,-3.08,-1.35,3.363,0.439,0.888,130.97262,0.992
44.0,-0.19,-3.84,3.07,-2.56,-3.26,-1.28,3.502,0.44,0.883,130.97127,0.992
44.1,-0.17,-3.59,3.05,-2.69,-3.22,-0.9,3.343,0.441,0.889,130.96832,0.992
44.2,-0.11,-3.99,2.92,-2.68,-3.03,-1.31,3.301,0.442,0.89,130.96571,0.992
44.3,-0.12,-3.99,3.04,-2.63,-3.16,-1.36,3.44,0.443,0.885,130.96291,0.992
44.4,-0.12,-4.0,2.97,-2.74,-3.09,-1.26,3.337,0.444,0.889,130.95989,0.992
44.5,-0.13,-3.99,3.09,-2.69,-3.22,-1.3,3.473,0.445,0.884,130.95715,0.992
44.6,-0.12,-3.98,3.21,-2.75,-3.33,-1.23,3.55,0.446,0.882,130.95431,0.992
44.7,-0.08,-4.0,3.3,-2.66,-3.38,-1.34,3.636,0.447,0.879,130.95292,0.992
44.8,0.01,-3.82,3.44,-2.66,-3.43,-1.16,3.621,0.448,0.879,130.95158,0.992
44.9,0.0,-3.82,3.43,-2.53,-3.43,-1.29,3.665,0.449,0.878,130.94788,0.992
45.0,-1.02,-1.54,3.56,-2.49,-4.58,0.95,4.677,0.45,0.844,130.94514,0.992
45.1,-0.51,-3.08,3.43,-2.49,-3.94,-0.59,3.984,0.451,0.867,130.94397,0.992
45.2,0.06,-3.84,3.3,-2.53,-3.24,-1.31,3.495,0.452,0.884,130.94115,0.992
45.3,0.04,-3.83,3.42,-2.59,-3.38,-1.24,3.6,0.453,0.88,130.93969,0.992
45.4,0.04,-3.84,3.38,-2.71,-3.34,-1.13,3.526,0.454,0.882,130.9385,0.992
45.5,0.04,-3.84,3.27,-2.79,-3.23,-1.05,3.396,0.455,0.887,130.93702,0.992
45.6,0.04,-3.86,3.31,-2.92,-3.27,-0.94,3.402,0.456,0.887,130.93614,0.992
45.7,0.02,-3.87,3.4,-2.82,-3.38,-1.05,3.539,0.457,0.882,130.93488,0.992
45.8,0.01,-3.87,3.5,-2.74,-3.49,-1.13,3.668,0.458,0.878,130.93368,0.992
45.9,0.03,-3.87,3.59,-2.64,-3.56,-1.23,3.766,0.459,0.874,130.93176,0.992
46.0,-0.09,-3.94,3.71,-2.7,-3.8,-1.24,3.997,0.46,0.867,130.92953,0.992
46.1,0.03,-4.09,3.76,-2.57,-3.73,-1.52,4.028,0.461,0.866,130.92818,0.992
46.2,0.01,-4.09,3.69,-2.68,-3.68,-1.41,3.941,0.462,0.869,130.9263,0.992
46.3,0.02,-4.08,3.61,-2.79,-3.59,-1.29,3.815,0.463,0.873,130.92378,0.992
46.4,0.05,-4.08,3.52,-2.89,-3.47,-1.19,3.668,0.464,0.878,130.92202,0.992
46.5,0.06,-4.06,3.38,-2.88,-3.32,-1.18,3.523,0.465,0.883,130.91823,0.992
46.6,0.04,-4.09,3.44,-2.76,-3.4,-1.33,3.651,0.466,0.878,130.91656,0.992
46.7,0.06,-4.09,3.33,-2.83,-3.27,-1.26,3.504,0.467,0.883,130.91421,0.992
46.8,0.05,-4.1,3.29,-2.7,-3.24,-1.4,3.53,0.468,0.882,130.9125,0.992
46.9,0.04,-4.11,3.16,-2.69,-3.12,-1.42,3.428,0.469,0.886,130.91107,0.992
47.0,-0.04,-4.03,3.27,-2.78,-3.31,-1.25,3.538,0.47,0.882,130.91,0.992
47.1,-0.19,-3.94,3.18,-2.88,-3.37,-1.06,3.533,0.471,0.882,130.90749,0.992
47.2,-0.2,-3.93,3.11,-2.99,-3.31,-0.94,3.441,0.472,0.885,130.90617,0.992
47.3,-0.21,-3.93,2.99,-3.05,-3.2,-0.88,3.319,0.473,0.889,130.90514,0.992
47.4,-0.2,-3.91,2.87,-3.09,-3.07,-0.82,3.178,0.474,0.894,130.90351,0.992
47.5,-0.21,-3.92,2.86,-3.22,-3.07,-0.7,3.149,0.475,0.895,130.90162,0.992
47.6,-0.22,-3.91,2.98,-3.29,-3.2,-0.62,3.26,0.476,0.891,130.89952,0.992
47.7,-0.21,-3.93,3.09,-3.36,-3.3,-0.57,3.349,0.477,0.888,130.89559,0.992
47.8,-0.23,-3.91,3.22,-3.35,-3.45,-0.56,3.495,0.478,0.884,130.89482,0.992
47.9,-0.22,-3.89,3.29,-3.24,-3.51,-0.65,3.57,0.479,0.881,130.89399,0.992
48.0,-0.16,-3.93,3.41,-3.18,-3.57,-0.75,3.648,0.48,0.878,130.89225,0.992
48.1,-0.03,-4.15,3.42,-3.05,-3.45,-1.1,3.621,0.481,0.879,130.89088,0.992
48.2,-0.2,-4.05,3.31,-2.96,-3.51,-1.09,3.675,0.482,0.878,130.88911,0.992
48.3,-0.23,-4.04,3.27,-2.84,-3.5,-1.2,3.7,0.483,0.877,130.88718,0.992
48.4,-0.21,-4.08,3.4,-2.81,-3.61,-1.27,3.827,0.484,0.872,130.88526,0.992
48.5,-0.21,-4.08,3.53,-2.86,-3.74,-1.22,3.934,0.485,0.869,130.88289,0.992
48.6,-0.19,-4.09,3.64,-2.8,-3.83,-1.29,4.041,0.486,0.865,130.87805,0.992
48.7,-0.19,-4.08,3.52,-2.74,-3.71,-1.34,3.945,0.487,0.868,130.87653,0.991
48.8,-0.19,-4.08,3.58,-2.87,-3.77,-1.21,3.959,0.488,0.868,130.87585,0.991
48.9,-0.19,-4.07,3.44,-2.87,-3.63,-1.2,3.823,0.489,0.873,130.87399,0.991
49.0,-0.17,-4.01,3.31,-2.85,-3.48,-1.16,3.668,0.49,0.878,130.87184,0.991
49.1,-0.26,-4.12,3.4,-2.74,-3.66,-1.38,3.912,0.491,0.87,130.86986,0.991
49.2,-0.24,-4.1,3.36,-2.87,-3.6,-1.23,3.804,0.492,0.873,130.86782,0.991
49.3,-0.25,-4.11,3.44,-2.77,-3.69,-1.34,3.926,0.493,0.869,130.86595,0.991
49.4,-0.24,-4.12,3.55,-2.84,-3.79,-1.28,4.0,0.494,0.867,130.86358,0.991
49.5,0.01,-4.01,3.69,-2.84,-3.68,-1.17,3.862,0.495,0.871,130.85962,0.991
49.6,0.01,-4.05,3.59,-2.92,-3.58,-1.13,3.754,0.496,0.875,130.85758,0.991
49.7,0.01,-4.03,3.71,-2.97,-3.7,-1.06,3.849,0.497,0.872,130.85637,0.991
49.8,0.01,-4.03,3.81,-3.06,-3.8,-0.97,3.922,0.498,0.869,130.85519,0.991
49.9,0.07,-4.18,3.93,-3.11,-3.86,-1.07,4.006,0.499,0.866,130.85366,0.991
50.0,-0.82,-1.66,4.05,-3.17,-4.87,1.51,5.099,0.5,0.83,130.85132,0.991
50.1,-0.05,-2.56,3.94,-3.1,-3.99,0.54,4.026,0.501,0.866,130.84969,0.991
50.2,-0.03,-2.57,4.04,-3.18,-4.07,0.61,4.115,0.502,0.863,130.84653,0.991
50.3,-0.04,-2.57,4.16,-3.24,-4.2,0.67,4.253,0.503,0.858,130.84546,0.991
50.4,-0.03,-2.57,4.03,-3.2,-4.06,0.63,4.109,0.504,0.863,130.84386,0.991
50.5,0.03,-2.63,3.97,-3.09,-3.94,0.46,3.967,0.505,0.868,130.84212,0.991
50.6,0.01,-2.62,3.86,-3.01,-3.85,0.39,3.87,0.506,0.871,130.84086,0.991
50.7,0.31,-4.29,3.99,-3.0,-3.68,-1.29,3.9,0.507,0.87,130.83774,0.991
50.8,0.28,-4.3,4.11,-3.05,-3.83,-1.25,4.029,0.508,0.866,130.83664,0.991
50.9,0.36,-4.13,4.13,-2.92,-3.77,-1.21,3.959,0.509,0.868,130.83517,0.991
51.0,0.24,-4.13,4.2,-2.8,-3.96,-1.33,4.177,0.51,0.861,130.83237,0.991
51.1,0.4,-4.04,4.19,-2.67,-3.79,-1.37,4.03,0.511,0.866,130.83012,0.991
51.2,0.4,-4.04,4.05,-2.67,-3.65,-1.37,3.899,0.512,0.87,130.82706,0.991
51.3,0.39,-4.04,3.92,-2.66,-3.53,-1.38,3.79,0.513,0.874,130.82451,0.991
51.4,0.4,-4.04,3.87,-2.78,-3.47,-1.26,3.692,0.514,0.877,130.82232,0.991
51.5,0.41,-4.03,3.84,-2.65,-3.43,-1.38,3.697,0.515,0.877,130.82031,0.991
51.6,0.41,-4.03,3.93,-2.55,-3.52,-1.48,3.818,0.516,0.873,130.81889,0.991
51.7,0.41,-4.04,3.82,-2.64,-3.41,-1.4,3.686,0.517,0.877,130.8158,0.991
51.8,0.41,-4.04,3.7,-2.7,-3.29,-1.34,3.552,0.518,0.882,130.81331,0.991
51.9,0.41,-4.04,3.76,-2.58,-3.35,-1.46,3.654,0.519,0.878,130.81176,0.991
52.0,0.35,-4.05,3.82,-2.69,-3.47,-1.36,3.727,0.52,0.876,130.81062,0.991
52.1,0.21,-3.98,3.73,-2.78,-3.52,-1.2,3.719,0.521,0.876,130.808,0.991
52.2,0.23,-3.99,3.64,-2.68,-3.41,-1.31,3.653,0.522,0.878,130.80689,0.991
52.3,0.22,-3.99,3.61,-2.55,-3.39,-1.44,3.683,0.523,0.877,130.80548,0.991
52.4,0.24,-3.98,3.69,-2.66,-3.45,-1.32,3.694,0.524,0.877,130.80238,0.991
52.5,0.17,-3.98,3.68,-2.52,-3.51,-1.46,3.802,0.525,0.873,130.80069,0.991
52.6,0.18,-4.01,3.56,-2.48,-3.38,-1.53,3.71,0.526,0.876,130.79918,0.991
52.7,0.18,-3.99,3.6,-2.35,-3.42,-1.64,3.793,0.527,0.874,130.79796,0.991
52.8,0.2,-3.99,3.72,-2.3,-3.52,-1.69,3.905,0.528,0.87,130.79497,0.991
52.9,0.19,-3.99,3.69,-2.17,-3.5,-1.82,3.945,0.529,0.868,130.79397,0.991
53.0,0.26,-3.96,3.61,-2.06,-3.35,-1.9,3.851,0.53,0.872,130.79217,0.991
53.1,0.21,-3.69,3.64,-1.94,-3.43,-1.75,3.851,0.531,0.872,130.79034,0.991
53.2,0.21,-3.7,3.55,-2.04,-3.34,-1.66,3.73,0.532,0.876,130.78903,0.991
53.3,0.2,-3.69,3.49,-1.92,-3.29,-1.77,3.736,0.533,0.875,130.78816,0.991
53.4,0.2,-3.69,3.38,-1.99,-3.18,-1.7,3.606,0.534,0.88,130.78591,0.991
53.5,0.23,-3.65,3.49,-2.07,-3.26,-1.58,3.623,0.535,0.879,130.78435,0.991
53.6,0.25,-3.63,3.54,-1.94,-3.29,-1.69,3.699,0.536,0.877,130.78178,0.991
53.7,0.27,-3.61,3.47,-1.83,-3.2,-1.78,3.662,0.537,0.878,130.78066,0.991
53.8,0.27,-3.62,3.55,-1.72,-3.28,-1.9,3.791,0.538,0.874,130.7796,0.991
53.9,0.26,-3.63,3.42,-1.69,-3.16,-1.94,3.708,0.539,0.876,130.77661,0.991
54.0,0.29,-3.7,3.39,-1.56,-3.1,-2.14,3.767,0.54,0.874,130.77534,0.991
54.1,0.26,-3.42,3.5,-1.49,-3.24,-1.93,3.771,0.541,0.874,130.77317,0.991
54.2,0.26,-3.41,3.39,-1.42,-3.13,-1.99,3.709,0.542,0.876,130.77082,0.991
54.3,0.27,-3.41,3.51,-1.49,-3.24,-1.92,3.766,0.543,0.874,130.76841,0.991
54.4,0.26,-3.34,3.47,-1.61,-3.21,-1.73,3.647,0.544,0.878,130.76623,0.991
54.5,0.25,-3.35,3.36,-1.69,-3.11,-1.66,3.525,0.545,0.883,130.7628,0.991
54.6,0.08,-3.51,3.45,-1.78,-3.37,-1.73,3.788,0.546,0.874,130.7615,0.991
54.7,0.02,-3.51,3.42,-1.92,-3.4,-1.59,3.753,0.547,0.875,130.75897,0.991
54.8,0.03,-3.51,3.29,-1.87,-3.26,-1.64,3.649,0.548,0.878,130.75722,0.991
54.9,-0.02,-3.52,3.22,-1.76,-3.24,-1.76,3.687,0.549,0.877,130.75477,0.991
55.0,-0.84,-1.26,3.3,-1.86,-4.14,0.6,4.183,0.55,0.861,130.75174,0.991
55.1,-0.43,-1.85,3.23,-1.75,-3.66,-0.1,3.661,0.551,0.878,130.75043,0.991
55.2,-0.45,-1.85,3.21,-1.62,-3.66,-0.23,3.667,0.552,0.878,130.74721,0.991
55.3,-0.44,-1.86,3.33,-1.57,-3.77,-0.29,3.781,0.553,0.874,130.74633,0.991
55.4,-0.43,-1.87,3.29,-1.44,-3.72,-0.43,3.745,0.554,0.875,130.74499,0.99
55.5,-0.44,-1.86,3.38,-1.53,-3.82,-0.33,3.834,0.555,0.872,130.74306,0.99
55.6,-0.45,-1.87,3.33,-1.41,-3.78,-0.46,3.808,0.556,0.873,130.74189,0.99
55.7,-0.45,-1.87,3.39,-1.29,-3.84,-0.58,3.884,0.557,0.871,130.74,0.99
55.8,-0.27,-1.55,3.27,-1.35,-3.54,-0.2,3.546,0.558,0.882,130.73755,0.99
55.9,-0.26,-1.57,3.39,-1.41,-3.65,-0.16,3.654,0.559,0.878,130.73371,0.99
56.0,-0.31,-1.76,3.46,-1.29,-3.77,-0.47,3.799,0.56,0.873,130.73243,0.99
56.1,-0.2,-1.71,3.43,-1.16,-3.63,-0.55,3.671,0.561,0.878,130.73098,0.99
56.2,-0.2,-1.7,3.51,-1.05,-3.71,-0.65,3.767,0.562,0.874,130.72962,0.99
56.3,-0.19,-1.7,3.6,-0.95,-3.79,-0.75,3.863,0.563,0.871,130.72811,0.99
56.4,-0.2,-1.7,3.59,-0.82,-3.79,-0.88,3.891,0.564,0.87,130.72537,0.99
56.5,-0.18,-1.7,3.66,-0.71,-3.84,-0.99,3.966,0.565,0.868,130.7237,0.99
56.6,-0.18,-1.7,3.73,-0.59,-3.91,-1.11,4.065,0.566,0.864,130.72131,0.99
56.7,-0.16,-1.69,3.72,-0.46,-3.88,-1.23,4.07,0.567,0.864,130.71952,0.99
56.8,-0.15,-1.68,3.84,-0.52,-3.99,-1.16,4.155,0.568,0.861,130.71685,0.99
56.9,-0.14,-1.67,3.97,-0.54,-4.11,-1.13,4.263,0.569,0.858,130.715,0.99
57.0,-0.2,-1.64,4.01,-0.67,-4.21,-0.97,4.32,0.57,0.856,130.71252,0.99
57.1,-0.18,-1.36,3.88,-0.62,-4.06,-0.74,4.127,0.571,0.862,130.70955,0.99
57.2,-0.17,-1.33,3.92,-0.49,-4.09,-0.84,4.175,0.572,0.861,130.70723,0.99
57.3,-0.15,-1.34,4.02,-0.41,-4.17,-0.93,4.272,0.573,0.858,130.70548,0.99
57.4,-0.17,-1.3,4.13,-0.47,-4.3,-0.83,4.379,0.574,0.854,130.70337,0.99
57.5,-0.16,-1.32,4.26,-0.46,-4.42,-0.86,4.503,0.575,0.85,130.70052,0.99
57.6,-0.17,-1.31,4.18,-0.56,-4.35,-0.75,4.414,0.576,0.853,130.69814,0.99
57.7,-0.17,-1.31,4.28,-0.64,-4.45,-0.67,4.5,0.577,0.85,130.6952,0.99
57.8,-0.16,-1.29,4.32,-0.77,-4.48,-0.52,4.51,0.578,0.85,130.69407,0.99
57.9,0.05,-1.32,4.38,-0.88,-4.33,-0.44,4.352,0.579,0.855,130.69241,0.99
58.0,-0.07,-1.42,4.39,-1.02,-4.46,-0.4,4.478,0.58,0.851,130.68784,0.99
58.1,0.16,-1.28,4.26,-1.02,-4.1,-0.26,4.108,0.581,0.863,130.686,0.99
58.2,0.13,-1.29,4.39,-0.98,-4.26,-0.31,4.271,0.582,0.858,130.68481,0.99
58.3,0.17,-1.3,4.26,-0.95,-4.09,-0.35,4.105,0.583,0.863,130.68121,0.99
58.4,0.17,-1.26,4.39,-0.98,-4.22,-0.28,4.229,0.584,0.859,130.67944,0.99
58.5,0.16,-1.26,4.48,-1.08,-4.32,-0.18,4.324,0.585,0.856,130.6782,0.99
58.6,0.16,-1.27,4.46,-1.21,-4.3,-0.06,4.3,0.586,0.857,130.67689,0.99
58.7,0.25,-1.53,4.52,-1.09,-4.27,-0.44,4.293,0.587,0.857,130.67435,0.99
58.8,0.26,-1.55,4.49,-1.22,-4.23,-0.33,4.243,0.588,0.859,130.67139,0.99
58.9,0.27,-1.55,4.49,-1.36,-4.22,-0.19,4.224,0.589,0.859,130.66944,0.99
59.0,0.12,-1.49,4.41,-1.25,-4.29,-0.24,4.297,0.59,0.857,130.6683,0.99
59.1,0.32,-1.63,4.51,-1.16,-4.19,-0.47,4.216,0.591,0.859,130.66695,0.99
59.2,0.32,-1.64,4.63,-1.22,-4.31,-0.42,4.33,0.592,0.856,130.66576,0.99
59.3,0.32,-1.66,4.76,-1.26,-4.44,-0.4,4.458,0.593,0.851,130.66311,0.99
59.4,0.32,-1.66,4.64,-1.21,-4.32,-0.45,4.343,0.594,0.855,130.66136,0.99
59.5,0.33,-1.65,4.53,-1.14,-4.2,-0.51,4.231,0.595,0.859,130.65993,0.99
59.6,0.34,-1.65,4.41,-1.2,-4.07,-0.45,4.095,0.596,0.864,130.65914,0.99
59.7,0.33,-1.65,4.51,-1.28,-4.18,-0.37,4.196,0.597,0.86,130.65753,0.99
59.8,0.33,-1.65,4.57,-1.4,-4.24,-0.25,4.247,0.598,0.858,130.65623,0.99
59.9,0.33,-1.65,4.7,-1.43,-4.37,-0.22,4.376,0.599,0.854,130.65379,0.99
60.0,-0.3,-0.84,4.71,-1.56,-5.01,0.72,5.061,0.6,0.831,130.65231,0.99
60.1,0.6,-1.63,4.67,-1.44,-4.07,-0.19,4.074,0.601,0.864,130.64847,0.99
60.2,0.43,-1.62,4.6,-1.32,-4.17,-0.3,4.181,0.602,0.861,130.64689,0.99
60.3,0.43,-1.63,4.47,-1.34,-4.04,-0.29,4.05,0.603,0.865,130.64576,0.99
60.4,0.43,-1.6,4.35,-1.3,-3.92,-0.3,3.931,0.604,0.869,130.64411,0.99
60.5,0.43,-1.62,4.43,-1.19,-4.0,-0.43,4.023,0.605,0.866,130.64306,0.99
60.6,0.44,-1.6,4.56,-1.16,-4.12,-0.44,4.143,0.606,0.862,130.64161,0.99
60.7,0.45,-1.6,4.55,-1.29,-4.1,-0.31,4.112,0.607,0.863,130.64011,0.99
60.8,0.44,-1.59,4.62,-1.18,-4.18,-0.41,4.2,0.608,0.86,130.63883,0.99
60.9,0.44,-1.58,4.53,-1.08,-4.09,-0.5,4.12,0.609,0.863,130.63776,0.99
61.0,0.44,-1.52,4.44,-1.18,-4.0,-0.34,4.014,0.61,0.866,130.63575,0.99
61.1,0.34,-1.29,4.38,-1.3,-4.04,0.01,4.04,0.611,0.865,130.63318,0.99
61.2,0.38,-1.28,4.36,-1.43,-3.98,0.15,3.983,0.612,0.867,130.63198,0.99
61.3,0.36,-1.28,4.29,-1.54,-3.93,0.26,3.939,0.613,0.869,130.63039,0.99
61.4,0.34,-1.29,4.15,-1.53,-3.81,0.24,3.818,0.614,0.873,130.62881,0.99
61.5,0.33,-1.31,4.05,-1.61,-3.72,0.3,3.732,0.615,0.876,130.6261,0.99
61.6,0.29,-1.32,4.18,-1.59,-3.89,0.27,3.899,0.616,0.87,130.6249,0.99
61.7,0.31,-1.31,4.28,-1.67,-3.97,0.36,3.986,0.617,0.867,130.62347,0.99
61.8,0.31,-1.29,4.19,-1.57,-3.88,0.28,3.89,0.618,0.87,130.62232,0.99
61.9,0.31,-1.3,4.14,-1.7,-3.83,0.4,3.851,0.619,0.872,130.62003,0.99
62.0,0.35,-1.37,4.28,-1.7,-3.93,0.33,3.944,0.62,0.869,130.61884,0.99
62.1,0.33,-1.53,4.38,-1.62,-4.05,0.09,4.051,0.621,0.865,130.61729,0.99
62.2,0.28,-1.54,4.51,-1.66,-4.23,0.12,4.232,0.622,0.859,130.61529,0.99
62.3,0.28,-1.57,4.44,-1.77,-4.16,0.2,4.165,0.623,0.861,130.61239,0.989
62.4,0.28,-1.55,4.37,-1.66,-4.09,0.11,4.091,0.624,0.864,130.6102,0.989
62.5,0.29,-1.6,4.5,-1.67,-4.21,0.07,4.211,0.625,0.86,130.60838,0.989
62.6,0.29,-1.6,4.55,-1.54,-4.26,-0.06,4.26,0.626,0.858,130.60531,0.989
62.7,0.29,-1.61,4.67,-1.48,-4.38,-0.13,4.382,0.627,0.854,130.60107,0.989
62.8,0.28,-1.6,4.57,-1.58,-4.29,-0.02,4.29,0.628,0.857,130.59882,0.989
62.9,0.26,-1.6,4.69,-1.52,-4.43,-0.08,4.431,0.629,0.852,130.59669,0.989
63.0,0.34,-1.53,4.83,-1.53,-4.49,0.0,4.49,0.63,0.85,130.59508,0.989
63.1,0.54,-1.66,4.7,-1.49,-4.16,-0.17,4.163,0.631,0.861,130.592,0.989
63.2,0.52,-1.67,4.71,-1.36,-4.19,-0.31,4.201,0.632,0.86,130.59007,0.989
63.3,0.54,-1.45,4.83,-1.3,-4.29,-0.15,4.293,0.633,0.857,130.58816,0.989
63.4,0.58,-1.41,4.72,-1.21,-4.14,-0.2,4.145,0.634,0.862,130.58706,0.989
63.5,0.58,-1.39,4.75,-1.34,-4.17,-0.05,4.17,0.635,0.861,130.58369,0.989
63.6,0.58,-1.38,4.7,-1.22,-4.12,-0.16,4.123,0.636,0.863,130.5814,0.989
63.7,0.56,-1.37,4.77,-1.33,-4.21,-0.04,4.21,0.637,0.86,130.57989,0.989
63.8,0.58,-1.36,4.91,-1.33,-4.33,-0.03,4.33,0.638,0.856,130.57801,0.989
63.9,0.61,-1.48,4.8,-1.24,-4.19,-0.24,4.197,0.639,0.86,130.57602,0.989
64.0,0.47,-1.43,4.71,-1.34,-4.24,-0.09,4.241,0.64,0.859,130.57321,0.989
64.1,0.62,-1.54,4.58,-1.34,-3.96,-0.2,3.965,0.641,0.868,130.57056,0.989
64.2,0.25,-1.49,4.47,-1.27,-4.22,-0.22,4.226,0.642,0.859,130.56779,0.989
64.3,0.25,-1.47,4.41,-1.39,-4.16,-0.08,4.161,0.643,0.861,130.56604,0.989
64.4,0.2,-1.44,4.43,-1.26,-4.23,-0.18,4.234,0.644,0.859,130.56408,0.989
64.5,0.22,-1.43,4.51,-1.36,-4.29,-0.07,4.291,0.645,0.857,130.56287,0.989
64.6,0.21,-1.41,4.6,-1.46,-4.39,0.05,4.39,0.646,0.854,130.56151,0.989
64.7,0.21,-1.39,4.5,-1.55,-4.29,0.16,4.293,0.647,0.857,130.55808,0.989
64.8,0.36,-1.57,4.58,-1.66,-4.22,0.09,4.221,0.648,0.859,130.55697,0.989
64.9,0.35,-1.61,4.56,-1.53,-4.21,-0.08,4.211,0.649,0.86,130.55396,0.989
65.0,-0.25,-0.73,4.62,-1.65,-4.87,0.92,4.956,0.65,0.835,130.55256,0.989
65.1,0.33,-1.65,4.56,-1.77,-4.23,0.12,4.232,0.651,0.859,130.55128,0.989
65.2,0.31,-1.67,4.5,-1.65,-4.19,-0.02,4.19,0.652,0.86,130.55002,0.989
65.3,0.31,-1.69,4.42,-1.75,-4.11,0.06,4.11,0.653,0.863,130.54866,0.989
65.4,0.32,-1.68,4.53,-1.83,-4.21,0.15,4.213,0.654,0.86,130.54624,0.989
65.5,0.33,-1.72,4.61,-1.73,-4.28,0.01,4.28,0.655,0.857,130.54415,0.989
65.6,0.32,-1.72,4.73,-1.67,-4.41,-0.05,4.41,0.656,0.853,130.54213,0.989
65.7,0.52,-1.58,4.62,-1.59,-4.1,0.01,4.1,0.657,0.863,130.54056,0.989
65.8,0.51,-1.58,4.49,-1.6,-3.98,0.02,3.98,0.658,0.867,130.53736,0.989
65.9,0.51,-1.57,4.49,-1.73,-3.98,0.16,3.983,0.659,0.867,130.53597,0.989
66.0,0.41,-1.54,4.59,-1.83,-4.18,0.29,4.19,0.66,0.86,130.53496,0.989
66.1,0.38,-1.78,4.61,-1.96,-4.23,0.18,4.234,0.661,0.859,130.53334,0.989
66.2,0.34,-1.79,4.7,-1.86,-4.36,0.07,4.361,0.662,0.855,130.53193,0.989
66.3,0.33,-1.79,4.83,-1.86,-4.5,0.07,4.501,0.663,0.85,130.53081,0.989
66.4,0.54,-1.64,4.94,-1.78,-4.4,0.14,4.402,0.664,0.853,130.52951,0.989
66.5,0.55,-1.63,4.82,-1.82,-4.27,0.19,4.274,0.665,0.858,130.52798,0.989
66.6,0.54,-1.64,4.75,-1.94,-4.21,0.3,4.221,0.666,0.859,130.52505,0.989
66.7,0.54,-1.63,4.85,-2.03,-4.31,0.4,4.329,0.667,0.856,130.52404,0.989
66.8,0.53,-1.65,4.81,-1.91,-4.28,0.26,4.288,0.668,0.857,130.52314,0.989
66.9,0.52,-1.64,4.68,-1.92,-4.16,0.28,4.169,0.669,0.861,130.52197,0.989
67.0,0.43,-1.63,4.73,-2.04,-4.3,0.41,4.32,0.67,0.856,130.51972,0.989
67.1,0.44,-1.75,4.85,-2.11,-4.41,0.36,4.425,0.671,0.852,130.51844,0.989
67.2,0.44,-1.76,4.84,-1.98,-4.4,0.22,4.405,0.672,0.853,130.51773,0.989
67.3,0.45,-1.79,4.93,-2.08,-4.48,0.29,4.489,0.673,0.85,130.51666,0.989
67.4,0.46,-1.79,4.9,-1.95,-4.44,0.16,4.443,0.674,0.852,130.51492,0.989
67.5,0.46,-1.78,4.99,-2.05,-4.53,0.27,4.538,0.675,0.849,130.51289,0.989
67.6,0.48,-1.77,4.94,-2.17,-4.46,0.4,4.478,0.676,0.851,130.51116,0.989
67.7,0.47,-1.76,4.96,-2.3,-4.49,0.54,4.522,0.677,0.849,130.51023,0.989
67.8,0.47,-1.78,4.97,-2.17,-4.5,0.39,4.517,0.678,0.849,130.50825,0.989
67.9,0.48,-1.77,5.06,-2.07,-4.58,0.3,4.59,0.679,0.847,130.50594,0.989
68.0,0.49,-1.77,5.14,-2.18,-4.65,0.41,4.668,0.68,0.844,130.50512,0.989
68.1,0.62,-1.8,5.01,-2.17,-4.39,0.37,4.406,0.681,0.853,130.50397,0.989
68.2,0.61,-1.81,4.99,-2.31,-4.38,0.5,4.408,0.682,0.853,130.50152,0.989
68.3,1.0,-3.48,4.88,-2.22,-3.88,-1.26,4.079,0.683,0.864,130.49933,0.989
68.4,1.01,-3.5,4.91,-2.35,-3.9,-1.15,4.066,0.684,0.864,130.49818,0.989
68.5,1.02,-3.5,4.84,-2.47,-3.82,-1.03,3.956,0.685,0.868,130.49715,0.989
68.6,1.03,-3.51,4.76,-2.36,-3.73,-1.15,3.903,0.686,0.87,130.4958,0.989
68.7,1.01,-3.57,4.9,-2.37,-3.89,-1.2,4.071,0.687,0.864,130.4947,0.989
68.8,1.03,-3.56,4.82,-2.26,-3.79,-1.3,4.007,0.688,0.866,130.49279,0.989
68.9,1.01,-3.57,4.83,-2.4,-3.82,-1.17,3.995,0.689,0.867,130.49093,0.989
69.0,0.99,-3.55,4.95,-2.44,-3.96,-1.11,4.113,0.69,0.863,130.48979,0.989
69.1,0.99,-3.76,4.86,-2.54,-3.87,-1.22,4.058,0.691,0.865,130.48864,0.989
69.2,0.97,-3.81,4.77,-2.64,-3.8,-1.17,3.976,0.692,0.867,130.48654,0.989
69.3,0.99,-3.8,4.76,-2.51,-3.77,-1.29,3.985,0.693,0.867,130.48503,0.989
69.4,1.0,-3.8,4.66,-2.42,-3.66,-1.38,3.912,0.694,0.87,130.48143,0.988
69.5,1.01,-3.82,4.78,-2.36,-3.77,-1.46,4.043,0.695,0.865,130.47976,0.988
69.6,1.01,-3.81,4.82,-2.23,-3.81,-1.58,4.125,0.696,0.862,130.4777,0.988
69.7,1.01,-3.83,4.69,-2.19,-3.68,-1.64,4.029,0.697,0.866,130.47615,0.988
69.8,0.87,-3.6,4.57,-2.15,-3.7,-1.45,3.974,0.698,0.868,130.47436,0.988
69.9,0.85,-3.58,4.46,-2.07,-3.61,-1.51,3.913,0.699,0.87,130.47267,0.988
70.0,-0.1,-1.23,4.45,-1.94,-4.55,0.71,4.605,0.7,0.846,130.47051,0.988
70.1,-0.51,-2.01,4.38,-1.83,-4.89,-0.18,4.893,0.701,0.837,130.4676,0.988
70.2,0.11,-2.8,4.27,-1.91,-4.16,-0.89,4.254,0.702,0.858,130.46525,0.988
70.3,0.71,-3.59,4.4,-1.94,-3.69,-1.65,4.042,0.703,0.865,130.46171,0.988
70.4,0.68,-3.52,4.52,-2.01,-3.84,-1.51,4.126,0.704,0.862,130.45923,0.988
70.5,0.66,-3.52,4.44,-2.12,-3.78,-1.4,4.031,0.705,0.866,130.45667,0.988
70.6,0.67,-3.51,4.54,-2.21,-3.87,-1.3,4.083,0.706,0.864,130.45474,0.988
70.7,0.65,-3.51,4.41,-2.25,-3.76,-1.26,3.966,0.707,0.868,130.45271,0.988
70.8,0.66,-3.5,4.43,-2.12,-3.77,-1.38,4.015,0.708,0.866,130.45107,0.988
70.9,0.64,-3.51,4.31,-2.18,-3.67,-1.33,3.904,0.709,0.87,130.44941,0.988
71.0,0.71,-3.61,4.41,-2.09,-3.7,-1.52,4.0,0.71,0.867,130.44771,0.988
71.1,0.57,-3.7,4.52,-2.17,-3.95,-1.53,4.236,0.711,0.859,130.44481,0.988
71.2,0.58,-3.7,4.53,-2.3,-3.95,-1.4,4.191,0.712,0.86,130.4434,0.988
71.3,0.59,-3.7,4.66,-2.27,-4.07,-1.43,4.314,0.713,0.856,130.44246,0.988
71.4,0.59,-3.71,4.55,-2.34,-3.96,-1.37,4.19,0.714,0.86,130.44127,0.988
71.5,0.6,-3.71,4.51,-2.21,-3.91,-1.5,4.188,0.715,0.86,130.43951,0.988
71.6,0.6,-3.71,4.43,-2.32,-3.83,-1.39,4.074,0.716,0.864,130.43673,0.988
71.7,0.59,-3.72,4.42,-2.18,-3.83,-1.54,4.128,0.717,0.862,130.43578,0.988
71.8,0.59,-3.71,4.28,-2.18,-3.69,-1.53,3.995,0.718,0.867,130.43509,0.988
71.9,0.59,-3.7,4.41,-2.24,-3.82,-1.46,4.089,0.719,0.864,130.43272,0.988
72.0,0.64,-3.67,4.47,-2.12,-3.83,-1.55,4.132,0.72,0.862,130.43108,0.988
72.1,0.75,-3.7,4.35,-2.07,-3.6,-1.63,3.952,0.721,0.868,130.42998,0.988
72.2,0.77,-3.7,4.33,-1.93,-3.56,-1.77,3.976,0.722,0.867,130.42852,0.988
72.3,0.76,-3.69,4.24,-1.84,-3.48,-1.85,3.941,0.723,0.869,130.42739,0.988
72.4,0.76,-3.69,4.1,-1.85,-3.34,-1.84,3.813,0.724,0.873,130.42538,0.988
72.5,0.49,-3.46,4.22,-1.8,-3.73,-1.66,4.083,0.725,0.864,130.42188,0.988
72.6,0.5,-3.44,4.1,-1.84,-3.6,-1.6,3.94,0.726,0.869,130.41979,0.988
72.7,0.5,-3.43,4.08,-1.71,-3.58,-1.72,3.972,0.727,0.868,130.41869,0.988
72.8,0.5,-3.43,3.99,-1.61,-3.49,-1.82,3.936,0.728,0.869,130.41724,0.988
72.9,0.48,-3.34,4.12,-1.64,-3.64,-1.7,4.017,0.729,0.866,130.41518,0.988
73.0,0.58,-3.48,3.99,-1.67,-3.41,-1.81,3.861,0.73,0.871,130.41257,0.988
73.1,0.45,-3.3,3.94,-1.55,-3.49,-1.75,3.904,0.731,0.87,130.41084,0.988
73.2,0.42,-3.25,4.0,-1.43,-3.58,-1.82,4.016,0.732,0.866,130.40945,0.988
73.3,0.41,-3.22,4.04,-1.3,-3.63,-1.92,4.106,0.733,0.863,130.4065,0.988
73.4,0.41,-3.21,4.0,-1.43,-3.59,-1.78,4.007,0.734,0.866,130.40538,0.988
73.5,0.62,-3.28,3.87,-1.41,-3.25,-1.87,3.75,0.735,0.875,130.40401,0.988
73.6,0.63,-3.29,3.97,-1.51,-3.34,-1.78,3.785,0.736,0.874,130.40117,0.988
73.7,0.48,-3.4,3.88,-1.61,-3.4,-1.79,3.842,0.737,0.872,130.39969,0.988
73.8,0.49,-3.41,4.02,-1.61,-3.53,-1.8,3.962,0.738,0.868,130.39801,0.988
73.9,0.51,-3.41,3.98,-1.74,-3.47,-1.67,3.851,0.739,0.872,130.39667,0.988
74.0,0.54,-3.42,4.11,-1.74,-3.57,-1.68,3.946,0.74,0.868,130.39517,0.988
74.1,0.47,-3.41,4.24,-1.8,-3.77,-1.61,4.099,0.741,0.863,130.39403,0.988
74.2,0.72,-3.49,4.21,-1.93,-3.49,-1.56,3.823,0.742,0.873,130.39256,0.988
74.3,0.72,-3.5,4.2,-2.06,-3.48,-1.44,3.766,0.743,0.874,130.39089,0.988
74.4,0.72,-3.5,4.33,-2.1,-3.61,-1.4,3.872,0.744,0.871,130.38752,0.988
74.5,0.73,-3.51,4.23,-2.01,-3.5,-1.5,3.808,0.745,0.873,130.38627,0.988
74.6,0.74,-3.51,4.13,-1.92,-3.39,-1.59,3.744,0.746,0.875,130.38514,0.988
74.7,0.74,-3.5,4.07,-1.8,-3.33,-1.7,3.739,0.747,0.875,130.38405,0.988
74.8,0.73,-3.48,4.2,-1.83,-3.47,-1.65,3.842,0.748,0.872,130.38256,0.988
74.9,0.73,-3.48,4.27,-1.71,-3.54,-1.77,3.958,0.749,0.868,130.38087,0.988
75.0,-0.23,-0.99,4.29,-1.58,-4.52,0.59,4.558,0.75,0.848,130.37898,0.988
75.1,0.48,-1.58,4.17,-1.65,-3.69,0.07,3.691,0.751,0.877,130.37665,0.988
75.2,0.47,-1.58,4.08,-1.55,-3.61,-0.03,3.61,0.752,0.88,130.37551,0.988
75.3,0.47,-1.57,4.09,-1.42,-3.62,-0.15,3.623,0.753,0.879,130.37394,0.988
75.4,0.47,-1.57,4.2,-1.35,-3.73,-0.22,3.736,0.754,0.875,130.37184,0.988
75.5,0.48,-1.57,4.16,-1.23,-3.68,-0.34,3.696,0.755,0.877,130.36992,0.988
75.6,0.49,-1.56,4.08,-1.33,-3.59,-0.23,3.597,0.756,0.88,130.36837,0.988
75.7,0.49,-1.56,4.14,-1.21,-3.65,-0.35,3.667,0.757,0.878,130.36688,0.988
75.8,0.49,-1.56,4.27,-1.25,-3.78,-0.31,3.793,0.758,0.874,130.36432,0.988
75.9,0.48,-1.54,4.32,-1.37,-3.84,-0.17,3.844,0.759,0.872,130.36129,0.988
76.0,0.46,-1.56,4.36,-1.5,-3.9,-0.06,3.9,0.76,0.87,130.3595,0.988
76.1,0.58,-1.58,4.31,-1.62,-3.73,0.04,3.73,0.761,0.876,130.35717,0.988
76.2,0.64,-1.58,4.29,-1.49,-3.65,-0.09,3.651,0.762,0.878,130.35539,0.988
76.3,0.62,-1.58,4.4,-1.42,-3.78,-0.16,3.783,0.763,0.874,130.35344,0.988
76.4,0.62,-1.59,4.47,-1.54,-3.85,-0.05,3.85,0.764,0.872,130.35081,0.988
76.5,0.6,-1.57,4.48,-1.41,-3.88,-0.16,3.883,0.765,0.871,130.34818,0.987
76.6,0.63,-1.57,4.43,-1.28,-3.8,-0.29,3.811,0.766,0.873,130.34596,0.987
76.7,0.62,-1.58,4.34,-1.18,-3.72,-0.4,3.741,0.767,0.875,130.34367,0.987
76.8,0.47,-1.48,4.3,-1.31,-3.83,-0.17,3.834,0.768,0.872,130.34204,0.987
76.9,0.47,-1.49,4.29,-1.44,-3.82,-0.05,3.82,0.769,0.873,130.33977,0.987
77.0,0.53,-1.5,4.28,-1.31,-3.75,-0.19,3.755,0.77,0.875,130.3382,0.987
77.1,0.46,-1.45,4.35,-1.19,-3.89,-0.26,3.899,0.771,0.87,130.33665,0.987
77.2,0.47,-1.42,4.28,-1.3,-3.81,-0.12,3.812,0.772,0.873,130.33497,0.987
77.3,0.46,-1.41,4.37,-1.21,-3.91,-0.2,3.915,0.773,0.869,130.33241,0.987
77.4,0.48,-1.4,4.32,-1.08,-3.84,-0.32,3.853,0.774,0.872,130.33062,0.987
77.5,0.46,-1.4,4.28,-1.21,-3.82,-0.19,3.825,0.775,0.872,130.32852,0.987
77.6,0.49,-1.39,4.39,-1.14,-3.9,-0.25,3.908,0.776,0.87,130.32658,0.987
77.7,0.47,-1.41,4.26,-1.17,-3.79,-0.24,3.798,0.777,0.873,130.32498,0.987
77.8,0.49,-1.43,4.35,-1.07,-3.86,-0.36,3.877,0.778,0.871,130.32322,0.987
77.9,0.47,-1.41,4.43,-0.97,-3.96,-0.44,3.984,0.779,0.867,130.32136,0.987
78.0,0.52,-1.42,4.56,-1.01,-4.04,-0.41,4.061,0.78,0.865,130.31933,0.987
78.1,0.55,-1.27,4.69,-0.98,-4.14,-0.29,4.15,0.781,0.862,130.31778,0.987
78.2,0.56,-1.3,4.67,-0.85,-4.11,-0.45,4.135,0.782,0.862,130.31697,0.987
78.3,0.54,-1.3,4.8,-0.9,-4.26,-0.4,4.279,0.783,0.857,130.31394,0.987
78.4,0.55,-1.28,4.93,-0.88,-4.38,-0.4,4.398,0.784,0.853,130.313,0.987
78.5,0.56,-1.28,5.03,-0.79,-4.47,-0.49,4.497,0.785,0.85,130.31237,0.987
78.6,0.57,-1.29,4.91,-0.73,-4.34,-0.56,4.376,0.786,0.854,130.31157,0.987
78.7,0.55,-1.28,4.98,-0.62,-4.43,-0.66,4.479,0.787,0.851,130.30868,0.987
78.8,0.54,-1.29,4.97,-0.49,-4.43,-0.8,4.502,0.788,0.85,130.3075,0.987
78.9,0.54,-1.3,5.06,-0.4,-4.52,-0.9,4.609,0.789,0.846,130.30532,0.987
79.0,0.56,-1.33,5.16,-0.31,-4.6,-1.02,4.712,0.79,0.843,130.30398,0.987
79.1,0.82,-1.34,5.09,-0.2,-4.27,-1.14,4.42,0.791,0.853,130.3026,0.987
79.2,0.8,-1.34,5.1,-0.06,-4.3,-1.28,4.486,0.792,0.85,130.29945,0.987
79.3,0.81,-1.34,5.02,-0.18,-4.21,-1.16,4.367,0.793,0.854,130.29813,0.987
79.4,0.71,-1.09,4.89,-0.21,-4.18,-0.88,4.272,0.794,0.858,130.294,0.987
79.5,0.71,-1.07,4.8,-0.31,-4.09,-0.76,4.16,0.795,0.861,130.29214,0.987
79.6,0.72,-1.03,4.81,-0.44,-4.09,-0.59,4.132,0.796,0.862,130.29021,0.987
79.7,0.73,-1.02,4.9,-0.53,-4.17,-0.49,4.199,0.797,0.86,130.2879,0.987
79.8,0.71,-1.02,4.96,-0.41,-4.25,-0.61,4.294,0.798,0.857,130.28424,0.987
79.9,0.72,-1.02,4.83,-0.4,-4.11,-0.62,4.157,0.799,0.861,130.28253,0.987
80.0,0.02,-0.48,4.76,-0.28,-4.74,-0.2,4.744,0.8,0.842,130.28141,0.987
80.1,0.73,-0.92,4.63,-0.25,-3.9,-0.67,3.957,0.801,0.868,130.28055,0.987
80.2,0.74,-0.9,4.68,-0.38,-3.94,-0.52,3.974,0.802,0.868,130.27666,0.987
80.3,0.73,-0.9,4.58,-0.46,-3.85,-0.44,3.875,0.803,0.871,130.27477,0.987
80.4,0.68,-1.21,4.64,-0.57,-3.96,-0.64,4.011,0.804,0.866,130.27302,0.987
80.5,0.72,-1.26,4.58,-0.69,-3.86,-0.57,3.902,0.805,0.87,130.27075,0.987
80.6,0.67,-1.27,4.66,-0.8,-3.99,-0.47,4.018,0.806,0.866,130.269,0.987
80.7,0.66,-1.26,4.55,-0.73,-3.89,-0.53,3.926,0.807,0.869,130.26727,0.987
80.8,0.64,-1.27,4.57,-0.6,-3.93,-0.67,3.987,0.808,0.867,130.26612,0.987
80.9,0.67,-1.27,4.44,-0.56,-3.77,-0.71,3.836,0.809,0.872,130.26496,0.987
81.0,0.68,-1.2,4.31,-0.55,-3.63,-0.65,3.688,0.81,0.877,130.26332,0.987
81.1,0.49,-1.14,4.19,-0.6,-3.7,-0.54,3.739,0.811,0.875,130.25968,0.987
81.2,0.49,-1.1,4.32,-0.63,-3.83,-0.47,3.859,0.812,0.871,130.25823,0.987
81.3,0.48,-1.13,4.23,-0.73,-3.75,-0.4,3.771,0.813,0.874,130.25613,0.987
81.4,0.43,-1.26,4.34,-0.81,-3.91,-0.45,3.936,0.814,0.869,130.25441,0.987
81.5,0.41,-1.28,4.22,-0.74,-3.81,-0.54,3.848,0.815,0.872,130.25185,0.987
81.6,0.41,-1.28,4.15,-0.85,-3.74,-0.43,3.765,0.816,0.874,130.2491,0.987
81.7,0.41,-1.28,4.03,-0.79,-3.62,-0.49,3.653,0.817,0.878,130.24795,0.987
81.8,0.42,-1.28,4.06,-0.66,-3.64,-0.62,3.692,0.818,0.877,130.24648,0.987
81.9,0.4,-1.3,4.05,-0.79,-3.65,-0.51,3.685,0.819,0.877,130.24447,0.987
82.0,0.46,-1.26,3.92,-0.8,-3.46,-0.46,3.49,0.82,0.884,130.24202,0.987
82.1,0.24,-1.39,3.87,-0.92,-3.63,-0.47,3.66,0.821,0.878,130.23922,0.987
82.2,0.21,-1.43,3.84,-1.05,-3.63,-0.38,3.65,0.822,0.878,130.23669,0.987
82.3,0.21,-1.41,3.94,-0.96,-3.73,-0.45,3.757,0.823,0.875,130.23537,0.987
82.4,0.2,-1.42,4.07,-0.93,-3.87,-0.49,3.901,0.824,0.87,130.23224,0.987
82.5,0.38,-1.42,4.0,-0.81,-3.62,-0.61,3.671,0.825,0.878,130.23028,0.987
82.6,0.38,-1.45,4.1,-0.9,-3.72,-0.55,3.76,0.826,0.875,130.22886,0.987
82.7,0.38,-1.43,4.0,-0.82,-3.62,-0.61,3.671,0.827,0.878,130.22725,0.987
82.8,0.39,-1.42,3.96,-0.95,-3.57,-0.47,3.601,0.828,0.88,130.22509,0.987
82.9,0.37,-1.43,3.86,-0.86,-3.49,-0.57,3.536,0.829,0.882,130.22361,0.987
83.0,0.4,-1.34,3.99,-0.88,-3.59,-0.46,3.619,0.83,0.879,130.22244,0.987
83.1,0.46,-1.43,4.1,-0.97,-3.64,-0.46,3.669,0.831,0.878,130.22161,0.987
83.2,0.45,-1.48,4.0,-1.06,-3.55,-0.42,3.575,0.832,0.881,130.21976,0.987
83.3,0.48,-1.44,4.13,-1.04,-3.65,-0.4,3.672,0.833,0.878,130.21801,0.987
83.4,0.43,-1.49,4.06,-1.15,-3.63,-0.34,3.646,0.834,0.878,130.21585,0.986
83.5,0.45,-1.5,4.17,-1.08,-3.72,-0.42,3.744,0.835,0.875,130.21479,0.986
83.6,0.45,-1.5,4.09,-1.18,-3.64,-0.32,3.654,0.836,0.878,130.21377,0.986
83.7,0.46,-1.5,4.0,-1.28,-3.54,-0.22,3.547,0.837,0.882,130.2119,0.986
83.8,0.47,-1.49,3.91,-1.38,-3.44,-0.11,3.442,0.838,0.885,130.20992,0.986
83.9,0.47,-1.49,3.91,-1.51,-3.44,0.02,3.44,0.839,0.885,130.20794,0.986
84.0,0.47,-1.43,3.8,-1.43,-3.33,0.0,3.33,0.84,0.889,130.20515,0.986
84.1,0.3,-1.51,3.69,-1.36,-3.39,-0.15,3.393,0.841,0.887,130.20313,0.986
84.2,0.31,-1.5,3.69,-1.22,-3.38,-0.28,3.392,0.842,0.887,130.20192,0.986
84.3,0.23,-1.5,3.59,-1.3,-3.36,-0.2,3.366,0.843,0.888,130.20004,0.986
84.4,0.19,-1.51,3.62,-1.17,-3.43,-0.34,3.447,0.844,0.885,130.19802,0.986
84.5,0.17,-1.51,3.49,-1.17,-3.32,-0.34,3.337,0.845,0.889,130.19608,0.986
84.6,0.18,-1.51,3.47,-1.04,-3.29,-0.47,3.323,0.846,0.889,130.19463,0.986
84.7,0.17,-1.53,3.35,-1.08,-3.18,-0.45,3.212,0.847,0.893,130.19291,0.986
84.8,0.16,-1.51,3.27,-0.97,-3.11,-0.54,3.157,0.848,0.895,130.19085,0.986
84.9,0.17,-1.51,3.17,-1.07,-3.0,-0.44,3.032,0.849,0.899,130.18951,0.986
85.0,-0.42,-0.81,3.12,-1.19,-3.54,0.38,3.56,0.85,0.881,130.18764,0.986
85.1,0.03,-1.5,3.16,-1.06,-3.13,-0.44,3.161,0.851,0.895,130.18481,0.986
85.2,0.03,-1.5,3.24,-1.17,-3.21,-0.33,3.227,0.852,0.892,130.18256,0.986
85.3,0.03,-1.51,3.17,-1.28,-3.14,-0.23,3.148,0.853,0.895,130.18033,0.986
85.4,0.03,-1.51,3.07,-1.19,-3.04,-0.32,3.057,0.854,0.898,130.17802,0.986
85.5,-0.0,-1.51,3.02,-1.07,-3.02,-0.44,3.052,0.855,0.898,130.17499,0.986
85.6,-0.02,-1.41,2.88,-1.04,-2.9,-0.37,2.924,0.856,0.903,130.1693,0.986
85.7,0.0,-1.42,2.77,-1.1,-2.77,-0.32,2.788,0.857,0.907,130.16778,0.986
85.8,0.03,-1.42,2.88,-1.03,-2.85,-0.39,2.877,0.858,0.904,130.16616,0.986
85.9,0.05,-1.42,3.0,-0.99,-2.95,-0.43,2.981,0.859,0.901,130.16466,0.986
86.0,0.09,-1.45,3.1,-1.08,-3.01,-0.37,3.033,0.86,0.899,130.16185,0.986
86.1,-0.07,-1.31,3.19,-1.18,-3.26,-0.13,3.263,0.861,0.891,130.15967,0.986
86.2,-0.04,-1.34,3.32,-1.13,-3.36,-0.21,3.367,0.862,0.888,130.1581,0.986
86.3,-0.05,-1.35,3.45,-1.16,-3.5,-0.19,3.505,0.863,0.883,130.15578,0.986
86.4,-0.04,-1.35,3.53,-1.05,-3.57,-0.3,3.583,0.864,0.881,130.15463,0.986
86.5,-0.03,-1.35,3.58,-1.18,-3.61,-0.17,3.614,0.865,0.88,130.1528,0.986
86.6,-0.02,-1.35,3.69,-1.24,-3.71,-0.11,3.712,0.866,0.876,130.15144,0.986
86.7,-0.01,-1.34,3.81,-1.17,-3.82,-0.17,3.824,0.867,0.873,130.14982,0.986
86.8,0.4,-1.43,3.74,-1.06,-3.34,-0.37,3.36,0.868,0.888,130.14522,0.986
86.9,0.41,-1.43,3.69,-1.18,-3.28,-0.25,3.29,0.869,0.89,130.14299,0.986
87.0,0.19,-1.39,3.66,-1.05,-3.47,-0.34,3.487,0.87,0.884,130.14168,0.986
87.1,0.47,-1.44,3.77,-0.98,-3.3,-0.46,3.332,0.871,0.889,130.13928,0.986
87.2,0.46,-1.42,3.88,-1.06,-3.42,-0.36,3.439,0.872,0.885,130.13737,0.986
87.3,0.47,-1.41,4.0,-1.0,-3.53,-0.41,3.554,0.873,0.882,130.13533,0.986
87.4,0.56,-1.39,3.87,-1.04,-3.31,-0.35,3.328,0.874,0.889,130.13183,0.986
87.5,0.57,-1.38,3.99,-1.11,-3.42,-0.27,3.431,0.875,0.886,130.12909,0.986
87.6,0.58,-1.4,3.87,-1.05,-3.29,-0.35,3.309,0.876,0.89,130.12753,0.986
87.7,0.57,-1.4,3.77,-0.96,-3.2,-0.44,3.23,0.877,0.892,130.1256,0.986
87.8,0.58,-1.4,3.74,-0.83,-3.16,-0.57,3.211,0.878,0.893,130.12418,0.986
87.9,0.57,-1.41,3.66,-0.94,-3.09,-0.47,3.126,0.879,0.896,130.12133,0.986
88.0,0.41,-1.4,3.72,-0.82,-3.31,-0.58,3.36,0.88,0.888,130.12022,0.986
88.1,0.25,-1.24,3.86,-0.81,-3.61,-0.43,3.636,0.881,0.879,130.11727,0.986
88.2,0.46,-1.29,3.94,-0.71,-3.48,-0.58,3.528,0.882,0.882,130.11562,0.986
88.3,0.43,-1.28,3.87,-0.59,-3.44,-0.69,3.509,0.883,0.883,130.11365,0.986
88.4,0.44,-1.28,3.9,-0.72,-3.46,-0.56,3.505,0.884,0.883,130.11202,0.986
88.5,0.45,-1.27,4.0,-0.63,-3.55,-0.64,3.607,0.885,0.88,130.11009,0.986
88.6,0.48,-1.25,3.94,-0.75,-3.46,-0.5,3.496,0.886,0.883,130.10759,0.986
88.7,0.49,-1.24,3.8,-0.75,-3.31,-0.49,3.346,0.887,0.888,130.10608,0.986
88.8,0.49,-1.23,3.88,-0.64,-3.39,-0.59,3.441,0.888,0.885,130.10379,0.986
88.9,0.51,-1.22,3.92,-0.77,-3.41,-0.45,3.44,0.889,0.885,130.10229,0.986
89.0,0.47,-1.26,3.8,-0.83,-3.33,-0.43,3.358,0.89,0.888,130.10053,0.986
89.1,0.48,-1.35,3.67,-0.82,-3.19,-0.53,3.234,0.891,0.892,130.09952,0.986
89.2,0.36,-1.13,3.59,-0.93,-3.23,-0.2,3.236,0.892,0.892,130.09753,0.986
89.3,0.36,-1.15,3.46,-0.9,-3.1,-0.25,3.11,0.893,0.896,130.09416,0.986
89.4,0.21,-1.39,3.47,-1.03,-3.26,-0.36,3.28,0.894,0.891,130.09207,0.986
89.5,0.19,-1.37,3.33,-1.03,-3.14,-0.34,3.158,0.895,0.895,130.09046,0.986
89.6,0.17,-1.38,3.39,-0.91,-3.22,-0.47,3.254,0.896,0.892,130.08812,0.986
89.7,0.17,-1.35,3.26,-0.91,-3.09,-0.44,3.121,0.897,0.896,130.08692,0.986
89.8,0.15,-1.39,3.22,-0.78,-3.07,-0.61,3.13,0.898,0.896,130.08501,0.985
89.9,0.15,-1.38,3.08,-0.76,-2.93,-0.62,2.995,0.899,0.9,130.08222,0.985
90.0,-0.32,-0.67,3.0,-0.87,-3.32,0.2,3.326,0.9,0.889,130.08082,0.985
90.1,0.21,-1.25,3.11,-0.78,-2.9,-0.47,2.938,0.901,0.902,130.07931,0.985
90.2,0.17,-1.24,3.0,-0.7,-2.83,-0.54,2.881,0.902,0.904,130.07746,0.985
90.3,0.17,-1.26,2.9,-0.62,-2.73,-0.64,2.804,0.903,0.907,130.076,0.985
90.4,0.17,-1.28,2.79,-0.54,-2.62,-0.74,2.722,0.904,0.909,130.07389,0.985
90.5,0.18,-1.29,2.89,-0.63,-2.71,-0.66,2.789,0.905,0.907,130.07289,0.985
90.6,0.18,-1.29,3.02,-0.62,-2.84,-0.67,2.918,0.906,0.903,130.07128,0.985
90.7,0.06,-1.18,3.13,-0.54,-3.07,-0.64,3.136,0.907,0.895,130.06714,0.985
90.8,0.08,-1.19,3.0,-0.51,-2.92,-0.68,2.998,0.908,0.9,130.06474,0.985
90.9,0.08,-1.21,3.07,-0.4,-2.99,-0.81,3.098,0.909,0.897,130.06361,0.985
91.0,0.2,-1.23,2.94,-0.38,-2.74,-0.85,2.869,0.91,0.904,130.06048,0.985
91.1,0.03,-1.1,2.84,-0.46,-2.81,-0.64,2.882,0.911,0.904,130.05884,0.985
91.2,0.03,-1.11,2.89,-0.59,-2.86,-0.52,2.907,0.912,0.903,130.05647,0.985
91.3,-0.03,-1.3,2.76,-0.55,-2.79,-0.75,2.889,0.913,0.904,130.05465,0.985
91.4,-0.02,-1.32,2.63,-0.59,-2.65,-0.73,2.749,0.914,0.908,130.05148,0.985
91.5,-0.02,-1.33,2.55,-0.7,-2.57,-0.63,2.646,0.915,0.912,130.04988,0.985
91.6,-0.08,-1.34,2.42,-0.7,-2.5,-0.64,2.581,0.916,0.914,130.04768,0.985
91.7,-0.09,-1.4,2.28,-0.7,-2.37,-0.7,2.471,0.917,0.918,130.04606,0.985
91.8,-0.1,-1.43,2.38,-0.78,-2.48,-0.65,2.564,0.918,0.915,130.04436,0.985
91.9,-0.11,-1.41,2.38,-0.92,-2.49,-0.49,2.538,0.919,0.915,130.04203,0.985
92.0,-0.02,-1.41,2.5,-0.98,-2.52,-0.43,2.556,0.92,0.915,130.04002,0.985
92.1,-0.22,-1.41,2.42,-0.87,-2.64,-0.54,2.695,0.921,0.91,130.03816,0.985
92.2,-0.26,-1.44,2.51,-0.77,-2.77,-0.67,2.85,0.922,0.905,130.03649,0.985
92.3,-0.25,-1.45,2.4,-0.84,-2.65,-0.61,2.719,0.923,0.909,130.03428,0.985
92.4,-0.27,-1.45,2.33,-0.95,-2.6,-0.5,2.648,0.924,0.912,130.03263,0.985
92.5,-0.26,-1.44,2.31,-0.82,-2.57,-0.62,2.644,0.925,0.912,130.03087,0.985
92.6,-0.26,-1.47,2.26,-0.7,-2.52,-0.77,2.635,0.926,0.912,130.02903,0.985
92.7,-0.27,-1.46,2.34,-0.59,-2.61,-0.87,2.751,0.927,0.908,130.02722,0.985
92.8,-0.28,-1.46,2.46,-0.53,-2.74,-0.93,2.894,0.928,0.904,130.02613,0.985
92.9,-0.28,-1.47,2.58,-0.47,-2.86,-1.0,3.03,0.929,0.899,130.02438,0.985
93.0,-0.16,-1.44,2.56,-0.33,-2.72,-1.11,2.938,0.93,0.902,130.02251,0.985
93.1,-0.02,-1.34,2.55,-0.2,-2.57,-1.14,2.811,0.931,0.906,130.02092,0.985
93.2,-0.02,-1.35,2.59,-0.33,-2.61,-1.02,2.802,0.932,0.907,130.0198,0.985
93.3,0.0,-1.34,2.67,-0.22,-2.67,-1.12,2.895,0.933,0.904,130.01706,0.985
93.4,-0.02,-1.34,2.59,-0.33,-2.61,-1.01,2.799,0.934,0.907,130.01539,0.985
93.5,-0.02,-1.32,2.7,-0.25,-2.72,-1.07,2.923,0.935,0.903,130.01428,0.985
93.6,-0.03,-1.35,2.69,-0.12,-2.72,-1.23,2.985,0.936,0.9,130.01324,0.985
93.7,-0.02,-1.35,2.81,-0.18,-2.83,-1.17,3.062,0.937,0.898,130.0099,0.985
93.8,-0.02,-1.35,2.71,-0.27,-2.73,-1.08,2.936,0.938,0.902,130.0085,0.985
93.9,-0.02,-1.36,2.63,-0.16,-2.65,-1.2,2.909,0.939,0.903,130.00726,0.985
94.0,-0.05,-1.35,2.57,-0.28,-2.62,-1.07,2.83,0.94,0.906,130.00604,0.985
94.1,-0.22,-1.14,2.5,-0.16,-2.72,-0.98,2.891,0.941,0.904,130.00332,0.985
94.2,-0.22,-1.09,2.6,-0.07,-2.82,-1.02,2.999,0.942,0.9,130.00081,0.985
94.3,-0.2,-1.1,2.48,-0.12,-2.68,-0.98,2.854,0.943,0.905,129.99837,0.985
94.4,-0.2,-1.11,2.57,-0.03,-2.77,-1.08,2.973,0.944,0.901,129.99663,0.985
94.5,-0.2,-1.09,2.68,0.05,-2.88,-1.14,3.097,0.945,0.897,129.99561,0.985
94.6,-0.2,-1.11,2.55,0.09,-2.75,-1.2,3.0,0.946,0.9,129.99423,0.985
94.7,-0.19,-1.1,2.68,0.14,-2.87,-1.24,3.126,0.947,0.896,129.99266,0.985
94.8,-0.18,-1.12,2.56,0.07,-2.74,-1.19,2.987,0.948,0.9,129.99168,0.985
94.9,-0.2,-1.11,2.58,-0.06,-2.78,-1.05,2.972,0.949,0.901,129.98975,0.985
95.0,-0.71,-0.62,2.46,-0.01,-3.17,-0.61,3.228,0.95,0.892,129.98748,0.985
95.1,-0.22,-1.12,2.39,-0.12,-2.61,-1.0,2.795,0.951,0.907,129.98569,0.985
95.2,-0.2,-1.11,2.32,-0.01,-2.52,-1.1,2.75,0.952,0.908,129.9839,0.985
95.3,-0.21,-1.09,2.43,0.07,-2.64,-1.16,2.884,0.953,0.904,129.97992,0.985
95.4,-0.21,-1.07,2.47,0.2,-2.68,-1.27,2.966,0.954,0.901,129.97792,0.985
95.5,-0.08,-1.04,2.56,0.3,-2.64,-1.34,2.961,0.955,0.901,129.97568,0.985
95.6,-0.1,-1.03,2.49,0.41,-2.59,-1.44,2.963,0.956,0.901,129.97217,0.985
95.7,-0.09,-1.05,2.36,0.41,-2.45,-1.46,2.852,0.957,0.905,129.97018,0.985
95.8,-0.13,-1.03,2.25,0.34,-2.38,-1.37,2.746,0.958,0.908,129.96882,0.985
95.9,-0.11,-1.03,2.21,0.47,-2.32,-1.5,2.763,0.959,0.908,129.96716,0.985
96.0,-0.12,-1.05,2.31,0.37,-2.43,-1.42,2.814,0.96,0.906,129.96516,0.985
96.1,-0.26,-0.9,2.38,0.26,-2.64,-1.16,2.884,0.961,0.904,129.96359,0.985
96.2,-0.27,-0.9,2.5,0.19,-2.77,-1.09,2.977,0.962,0.901,129.96241,0.985
96.3,-0.25,-0.92,2.47,0.32,-2.72,-1.24,2.989,0.963,0.9,129.95911,0.985
96.4,-0.24,-0.89,2.57,0.41,-2.81,-1.3,3.096,0.964,0.897,129.95765,0.985
96.5,-0.23,-0.92,2.47,0.33,-2.7,-1.25,2.975,0.965,0.901,129.95628,0.985
96.6,-0.25,-0.93,2.54,0.44,-2.79,-1.37,3.108,0.966,0.896,129.95535,0.985
96.7,-0.23,-0.92,2.41,0.49,-2.64,-1.41,2.993,0.967,0.9,129.95436,0.985
96.8,-0.24,-0.93,2.49,0.38,-2.73,-1.31,3.028,0.968,0.899,129.95313,0.984
96.9,-0.2,-0.92,2.62,0.36,-2.82,-1.28,3.097,0.969,0.897,129.95116,0.984
97.0,-0.14,-0.97,2.5,0.41,-2.64,-1.38,2.979,0.97,0.901,129.949,0.984
97.1,0.12,-1.08,2.59,0.5,-2.47,-1.58,2.932,0.971,0.902,129.94596,0.984
97.2,-0.01,-0.86,2.7,0.57,-2.71,-1.43,3.064,0.972,0.898,129.944,0.984
97.3,-0.02,-0.88,2.73,0.7,-2.75,-1.58,3.172,0.973,0.894,129.94141,0.984
97.4,0.04,-0.83,2.8,0.59,-2.76,-1.42,3.104,0.974,0.897,129.93992,0.984
97.5,0.04,-0.82,2.93,0.58,-2.89,-1.4,3.211,0.975,0.893,129.93893,0.984
97.6,0.05,-0.83,2.9,0.71,-2.85,-1.54,3.239,0.976,0.892,129.93663,0.984
97.7,0.05,-0.82,3.0,0.63,-2.95,-1.45,3.287,0.977,0.89,129.93458,0.984
97.8,0.04,-0.84,3.11,0.71,-3.07,-1.55,3.439,0.978,0.885,129.93337,0.984
97.9,0.04,-0.82,3.25,0.7,-3.21,-1.52,3.552,0.979,0.882,129.93177,0.984
98.0,0.07,-0.9,3.35,0.79,-3.28,-1.69,3.69,0.98,0.877,129.93009,0.984
98.1,0.27,-0.91,3.3,0.92,-3.03,-1.83,3.54,0.981,0.882,129.92806,0.984
98.2,0.29,-0.9,3.32,1.05,-3.03,-1.95,3.603,0.982,0.88,129.92606,0.984
98.3,0.26,-0.89,3.32,1.18,-3.06,-2.07,3.694,0.983,0.877,129.92459,0.984
98.4,0.26,-0.9,3.4,1.07,-3.14,-1.97,3.707,0.984,0.876,129.92325,0.984
98.5,0.26,-0.88,3.31,0.97,-3.05,-1.85,3.567,0.985,0.881,129.92127,0.984
98.6,0.26,-0.89,3.27,0.84,-3.01,-1.73,3.472,0.986,0.884,129.91949,0.984
98.7,0.26,-0.71,3.2,0.73,-2.94,-1.44,3.274,0.987,0.891,129.91792,0.984
98.8,0.25,-0.71,3.11,0.63,-2.86,-1.34,3.158,0.988,0.895,129.91539,0.984
98.9,0.27,-0.71,3.07,0.75,-2.8,-1.46,3.158,0.989,0.895,129.91295,0.984
99.0,0.19,-0.77,3.05,0.88,-2.86,-1.65,3.302,0.99,0.89,129.91102,0.984
99.1,0.33,-0.66,3.0,1.01,-2.67,-1.67,3.149,0.991,0.895,129.9091,0.984
99.2,0.3,-0.66,3.06,0.89,-2.76,-1.55,3.165,0.992,0.894,129.90789,0.984
99.3,0.31,-0.64,3.13,0.77,-2.82,-1.41,3.153,0.993,0.895,129.90691,0.984
99.4,0.31,-0.65,3.05,0.88,-2.74,-1.53,3.138,0.994,0.895,129.90546,0.984
99.5,0.32,-0.64,3.09,0.75,-2.77,-1.39,3.099,0.995,0.897,129.90449,0.984
99.6,0.32,-0.63,3.08,0.89,-2.76,-1.52,3.151,0.996,0.895,129.90347,0.984
99.7,0.33,-0.63,3.12,1.01,-2.79,-1.64,3.236,0.997,0.892,129.89836,0.984
99.8,0.32,-0.62,3.05,1.13,-2.73,-1.75,3.243,0.998,0.892,129.8967,0.984
99.9,0.17,-0.55,2.97,1.03,-2.8,-1.58,3.215,0.999,0.893,129.89556,0.984
